19,-2.536998
39,-8.114676
59,-39.323467
79,-19.763565
99,-8.954704
119,0.510558
139,-18.193246
159,-12.409314
179,-16.585648
199,-12.533629
219,-13.919310
239,-4.004318
259,7.160908
279,-2.302191
299,-14.323467
319,-35.288885
339,-4.910512
359,4.853240
379,-7.445738
399,-13.801425
419,1.933900
439,2.618280
459,-2.223254
479,-15.878491
499,2.693339
519,-9.693838
539,-2.805421
559,-5.542277
579,-3.684054
599,4.653588
619,-21.511762
639,-35.835095
659,-5.847072
679,-1.248153
699,4.439314
719,6.185515
739,-4.323467
759,-34.712516
779,6.644275
799,-5.702778
819,-38.146997
839,-9.911703
859,-0.626930
879,-39.323467
899,5.476533
919,-3.624542
939,-11.511606
959,3.039058
979,3.618879
999,-24.489708
1019,6.861272
1039,6.459665
1059,6.459665
1079,6.459665
1099,6.402179
1119,7.383120
1139,6.402179
1159,7.013166
1179,5.301279
1199,6.861272
1219,6.402179
1239,7.383120
1259,6.493266
1279,6.402179
1299,7.105104
1319,5.165511
1339,5.165511
1359,7.013166
1379,7.105104
1399,7.290079
1419,7.290079
1439,7.013166
1459,7.013166
1479,7.197408
1499,7.290079
1519,7.383120
1539,7.013166
1559,6.311453
1579,7.688485
1599,7.290079
1619,7.290079
1639,6.311453
1659,4.401229
1679,6.311453
1699,5.254846
1719,6.311453
1739,6.311453
1759,6.493266
1779,6.311453
1799,6.311453
1819,6.311453
1839,7.688485
1859,7.688485
1879,7.383120
1899,7.688485
1919,7.688485
1939,7.688485
1959,7.383120
1979,6.094859
1999,0.000000
2019,6.861272
2039,6.094859
2059,7.105104
2079,7.105104
2099,7.105104
2119,7.105104
2139,7.383120
2159,7.383120
2179,7.383120
2199,7.688485
2219,7.105104
2239,7.105104
2259,7.105104
2279,7.105104
2299,7.290079
2319,7.013166
2339,7.290079
2359,7.688485
2379,7.688485
2399,7.013166
2419,7.105104
2439,7.013166
2459,7.290079
2479,7.290079
2499,7.290079
2519,3.790305
2539,7.290079
2559,7.105104
2579,7.290079
2599,7.383120
2619,7.290079
2639,7.105104
2659,7.290079
2679,7.105104
2699,7.290079
2719,7.383120
2739,7.290079
2759,7.105104
2779,7.290079
2799,7.688485
2819,7.688485
2839,7.105104
2859,7.105104
2879,7.105104
2899,7.013166
2919,7.688485
2939,7.105104
2959,7.105104
2979,7.290079
2999,7.688485
3019,7.688485
3039,7.688485
3059,7.105104
3079,7.688485
3099,7.290079
3119,7.105104
3139,7.105104
3159,7.290079
3179,7.290079
3199,7.013166
3219,7.013166
3239,7.290079
3259,7.105104
3279,7.290079
3299,7.105104
3319,7.688485
3339,7.688485
3359,7.013166
3379,7.290079
3399,7.290079
3419,7.688485
3439,7.688485
3459,7.105104
3479,7.383120
3499,7.688485
3519,7.688485
3539,7.688485
3559,7.688485
3579,7.383120
3599,7.290079
3619,7.290079
3639,7.105104
3659,7.688485
3679,7.105104
3699,7.290079
3719,7.688485
3739,7.688485
3759,7.013166
3779,7.013166
3799,7.688485
3819,7.383120
3839,6.861272
3859,6.861272
3879,6.861272
3899,7.290079
3919,7.290079
3939,7.105104
3959,7.290079
3979,7.290079
3999,7.013166
4019,7.290079
4039,7.290079
4059,7.105104
4079,7.105104
4099,7.290079
4119,7.290079
4139,7.290079
4159,7.383120
4179,7.290079
4199,7.290079
4219,7.290079
4239,7.383120
4259,7.290079
4279,7.290079
4299,7.013166
4319,7.290079
4339,7.290079
4359,7.105104
4379,7.290079
4399,7.290079
4419,7.688485
4439,7.105104
4459,7.290079
4479,7.290079
4499,7.105104
4519,7.013166
4539,7.013166
4559,7.013166
4579,7.290079
4599,7.383120
4619,7.688485
4639,7.290079
4659,7.105104
4679,7.383120
4699,7.290079
4719,7.290079
4739,7.688485
4759,7.105104
4779,7.290079
4799,7.688485
4819,7.013166
4839,7.290079
4859,7.688485
4879,7.688485
4899,7.290079
4919,7.383120
4939,7.688485
4959,7.383120
4979,7.290079
4999,7.105104
5019,7.688485
5039,7.688485
5059,7.688485
5079,7.383120
5099,7.383120
5119,6.149370
5139,6.149370
5159,7.290079
5179,7.383120
5199,7.383120
5219,7.105104
5239,7.688485
5259,7.688485
5279,7.290079
5299,7.688485
5319,7.688485
5339,7.688485
5359,7.383120
5379,7.105104
5399,7.688485
5419,7.383120
5439,7.688485
5459,7.688485
5479,7.688485
5499,7.688485
5519,7.688485
5539,7.688485
5559,7.383120
5579,7.383120
5599,7.688485
5619,7.688485
5639,7.688485
5659,7.383120
5679,7.688485
5699,7.688485
5719,7.383120
5739,7.013166
5759,7.688485
5779,7.688485
5799,7.688485
5819,7.688485
5839,7.383120
5859,7.688485
5879,7.688485
5899,7.688485
5919,7.688485
5939,7.688485
5959,7.688485
5979,6.861272
5999,6.861272
6019,6.861272
6039,7.383120
6059,7.688485
6079,7.383120
6099,7.688485
6119,7.688485
6139,7.688485
6159,7.688485
6179,7.688485
6199,7.688485
6219,7.105104
6239,6.459665
6259,7.290079
6279,7.383120
6299,6.861272
6319,7.290079
6339,7.688485
6359,7.688485
6379,7.688485
6399,7.688485
6419,7.105104
6439,7.383120
6459,7.290079
6479,7.290079
6499,7.290079
6519,7.013166
6539,7.688485
6559,7.688485
6579,7.105104
6599,7.290079
6619,7.105104
6639,7.290079
6659,7.105104
6679,7.290079
6699,7.290079
6719,7.105104
6739,7.688485
6759,7.290079
6779,7.105104
6799,7.105104
6819,7.105104
6839,7.290079
6859,7.290079
6879,7.290079
6899,7.105104
6919,7.688485
6939,7.383120
6959,7.290079
6979,7.290079
6999,6.861272
7019,7.105104
7039,7.105104
7059,7.290079
7079,7.105104
7099,7.688485
7119,7.688485
7139,7.688485
7159,7.688485
7179,7.688485
7199,7.688485
7219,7.688485
7239,7.688485
7259,7.688485
7279,7.688485
7299,7.688485
7319,7.688485
7339,7.688485
7359,7.688485
7379,7.688485
7399,7.383120
7419,7.688485
7439,7.688485
7459,6.149370
7479,7.688485
7499,7.688485
7519,7.105104
7539,7.688485
7559,7.105104
7579,7.105104
7599,7.105104
7619,7.105104
7639,7.688485
7659,6.402179
7679,6.459665
7699,6.459665
7719,6.861272
7739,7.688485
7759,7.383120
7779,6.861272
7799,6.459665
7819,7.290079
7839,7.013166
7859,6.459665
7879,7.013166
7899,7.290079
7919,7.688485
7939,7.688485
7959,7.688485
7979,7.688485
7999,7.688485
8019,7.013166
8039,7.290079
8059,7.595022
8079,7.595022
8099,7.105104
8119,7.290079
8139,7.688485
8159,7.595022
8179,7.688485
8199,7.688485
8219,6.459665
8239,7.688485
8259,7.688485
8279,7.688485
8299,7.595022
8319,7.688485
8339,7.688485
8359,7.688485
8379,7.383120
8399,7.595022
8419,7.595022
8439,7.688485
8459,7.688485
8479,7.688485
8499,7.688485
8519,7.688485
8539,7.688485
8559,7.688485
8579,7.688485
8599,7.688485
8619,7.688485
8639,7.595022
8659,7.688485
8679,7.595022
8699,7.595022
8719,7.595022
8739,7.595022
8759,7.688485
8779,7.595022
8799,7.595022
8819,7.595022
8839,7.595022
8859,7.595022
8879,7.383120
8899,7.688485
8919,7.688485
8939,7.688485
8959,7.688485
8979,7.595022
8999,7.595022
9019,7.595022
9039,7.595022
9059,7.688485
9079,6.861272
9099,7.383120
9119,7.595022
9139,7.688485
9159,7.688485
9179,7.595022
9199,7.595022
9219,7.688485
9239,7.105104
9259,7.595022
9279,7.688485
9299,7.595022
9319,7.688485
9339,7.688485
9359,7.595022
9379,7.595022
9399,7.383120
9419,7.688485
9439,7.688485
9459,7.688485
9479,7.383120
9499,7.688485
9519,7.688485
9539,7.688485
9559,7.688485
9579,7.688485
9599,7.688485
9619,7.688485
9639,7.688485
9659,7.688485
9679,7.688485
9699,7.688485
9719,7.688485
9739,7.688485
9759,7.688485
9779,7.688485
9799,7.688485
9819,7.688485
9839,7.595022
9859,7.688485
9879,7.688485
9899,7.688485
9919,7.595022
9939,7.595022
9959,7.595022
9979,7.688485
9999,7.595022
10019,7.595022
10039,7.688485
10059,7.595022
10079,7.688485
10099,7.688485
10119,6.861272
10139,7.595022
10159,7.383120
10179,7.595022
10199,7.383120
10219,7.595022
10239,7.383120
10259,7.105104
10279,7.290079
10299,7.595022
10319,7.290079
10339,7.688485
10359,7.688485
10379,7.383120
10399,7.595022
10419,7.290079
10439,7.290079
10459,7.383120
10479,7.688485
10499,7.688485
10519,7.383120
10539,7.290079
10559,7.383120
10579,7.595022
10599,7.688485
10619,7.290079
10639,7.383120
10659,7.595022
10679,6.921592
10699,7.688485
10719,7.595022
10739,7.595022
10759,7.290079
10779,7.688485
10799,7.688485
10819,7.688485
10839,7.595022
10859,7.688485
10879,7.688485
10899,7.595022
10919,7.688485
10939,7.688485
10959,7.595022
10979,7.383120
10999,7.688485
11019,7.688485
11039,7.688485
11059,7.595022
11079,7.595022
11099,7.688485
11119,7.595022
11139,6.861272
11159,7.688485
11179,7.383120
11199,7.595022
11219,7.688485
11239,7.688485
11259,7.595022
11279,7.595022
11299,7.383120
11319,7.688485
11339,7.595022
11359,7.595022
11379,7.595022
11399,7.595022
11419,7.595022
11439,7.688485
11459,6.891672
11479,7.595022
11499,7.595022
11519,7.595022
11539,7.688485
11559,7.688485
11579,7.688485
11599,7.688485
11619,7.688485
11639,7.688485
11659,7.688485
11679,7.688485
11699,6.861272
11719,7.688485
11739,7.688485
11759,7.688485
11779,7.688485
11799,7.688485
11819,7.688485
11839,7.688485
11859,7.595022
11879,7.688485
11899,7.595022
11919,7.290079
11939,7.383120
11959,7.595022
11979,7.688485
11999,7.688485
12019,7.688485
12039,7.688485
12059,7.688485
12079,7.688485
12099,7.688485
12119,7.688485
12139,7.688485
12159,7.688485
12179,7.688485
12199,7.688485
12219,6.861272
12239,7.383120
12259,7.290079
12279,7.688485
12299,7.595022
12319,7.290079
12339,6.861272
12359,7.688485
12379,7.688485
12399,7.290079
12419,7.688485
12439,7.595022
12459,7.688485
12479,7.688485
12499,7.595022
12519,7.688485
12539,7.688485
12559,7.688485
12579,7.595022
12599,7.595022
12619,7.383120
12639,7.595022
12659,7.383120
12679,7.688485
12699,7.595022
12719,7.688485
12739,7.688485
12759,7.688485
12779,7.595022
12799,7.688485
12819,7.595022
12839,7.290079
12859,7.688485
12879,7.595022
12899,7.595022
12919,7.290079
12939,7.688485
12959,7.595022
12979,7.688485
12999,7.290079
13019,7.595022
13039,7.688485
13059,7.595022
13079,7.688485
13099,7.688485
13119,7.688485
13139,7.290079
13159,7.688485
13179,7.688485
13199,7.688485
13219,7.105104
13239,7.688485
13259,7.688485
13279,7.688485
13299,7.688485
13319,7.688485
13339,7.688485
13359,7.383120
13379,7.595022
13399,7.688485
13419,7.688485
13439,7.595022
13459,7.595022
13479,7.383120
13499,7.595022
13519,7.688485
13539,7.290079
13559,7.595022
13579,7.688485
13599,7.688485
13619,7.688485
13639,7.688485
13659,7.688485
13679,7.688485
13699,7.688485
13719,7.688485
13739,7.688485
13759,7.688485
13779,7.688485
13799,7.688485
13819,7.290079
13839,7.688485
13859,7.688485
13879,7.688485
13899,7.013166
13919,7.688485
13939,7.013166
13959,7.688485
13979,7.688485
13999,7.688485
14019,7.290079
14039,7.688485
14059,7.688485
14079,7.688485
14099,7.290079
14119,7.688485
14139,7.688485
14159,7.290079
14179,7.688485
14199,6.861272
14219,7.688485
14239,7.688485
14259,7.290079
14279,7.688485
14299,7.290079
14319,7.290079
14339,7.290079
14359,7.688485
14379,7.688485
14399,7.688485
14419,7.688485
14439,7.688485
14459,7.688485
14479,5.525018
14499,7.595022
14519,7.595022
14539,7.688485
14559,7.688485
14579,7.595022
14599,7.688485
14619,7.688485
14639,7.501930
14659,7.595022
14679,7.688485
14699,7.688485
14719,7.688485
14739,7.688485
14759,7.688485
14779,7.383120
14799,7.688485
14819,7.383120
14839,7.383120
14859,7.688485
14879,7.595022
14899,7.688485
14919,7.013166
14939,7.013166
14959,7.105104
14979,7.595022
14999,7.290079
15019,7.688485
15039,7.013166
15059,7.383120
15079,7.290079
15099,7.290079
15119,7.688485
15139,7.290079
15159,7.688485
15179,6.617127
15199,7.501930
15219,7.688485
15239,7.290079
15259,7.688485
15279,7.688485
15299,7.688485
15319,7.383120
15339,7.688485
15359,7.595022
15379,7.688485
15399,7.595022
15419,7.595022
15439,7.688485
15459,7.595022
15479,7.290079
15499,7.688485
15519,7.595022
15539,7.688485
15559,7.595022
15579,7.688485
15599,7.688485
15619,7.688485
15639,7.688485
15659,7.688485
15679,7.688485
15699,7.290079
15719,7.688485
15739,7.688485
15759,7.688485
15779,6.861272
15799,7.595022
15819,7.290079
15839,7.688485
15859,7.105104
15879,7.105104
15899,7.595022
15919,7.013166
15939,7.688485
15959,7.595022
15979,7.595022
15999,7.595022
16019,7.383120
16039,7.595022
16059,7.290079
16079,7.595022
16099,7.290079
16119,7.688485
16139,7.595022
16159,7.595022
16179,7.688485
16199,7.688485
16219,7.688485
16239,7.688485
16259,7.290079
16279,7.595022
16299,7.501930
16319,7.688485
16339,7.688485
16359,7.688485
16379,7.688485
16399,7.688485
16419,7.688485
16439,7.688485
16459,7.688485
16479,7.688485
16499,7.688485
16519,7.383120
16539,7.383120
16559,7.105104
16579,7.290079
16599,7.688485
16619,7.290079
16639,7.595022
16659,7.013166
16679,7.688485
16699,7.290079
16719,7.688485
16739,7.595022
16759,7.688485
16779,2.912558
16799,7.105104
16819,7.013166
16839,7.688485
16859,7.688485
16879,7.595022
16899,7.688485
16919,7.688485
16939,7.595022
16959,7.688485
16979,7.688485
16999,7.688485
17019,7.688485
17039,7.688485
17059,7.595022
17079,7.688485
17099,7.688485
17119,7.688485
17139,7.595022
17159,7.290079
17179,7.688485
17199,7.105104
17219,7.688485
17239,7.688485
17259,7.688485
17279,7.688485
17299,7.688485
17319,7.688485
17339,7.688485
17359,7.688485
17379,7.688485
17399,7.688485
17419,7.383120
17439,7.383120
17459,7.688485
17479,7.688485
17499,7.383120
17519,7.688485
17539,7.688485
17559,7.688485
17579,7.688485
17599,7.688485
17619,7.688485
17639,7.688485
17659,6.861272
17679,7.688485
17699,7.688485
17719,7.688485
17739,7.383120
17759,5.825048
17779,7.688485
17799,7.290079
17819,7.688485
17839,7.688485
17859,7.688485
17879,7.688485
17899,7.688485
17919,7.688485
17939,7.688485
17959,7.688485
17979,7.688485
17999,7.688485
18019,7.595022
18039,7.290079
18059,7.688485
18079,7.290079
18099,7.688485
18119,7.688485
18139,7.688485
18159,7.290079
18179,7.688485
18199,7.105104
18219,7.688485
18239,7.688485
18259,7.383120
18279,7.383120
18299,7.290079
18319,7.013166
18339,7.688485
18359,7.595022
18379,7.688485
18399,7.383120
18419,7.105104
18439,7.688485
18459,7.688485
18479,7.688485
18499,7.688485
18519,7.688485
18539,7.688485
18559,7.688485
18579,7.688485
18599,7.688485
18619,7.688485
18639,7.688485
18659,7.688485
18679,7.688485
18699,7.595022
18719,7.595022
18739,7.688485
18759,7.688485
18779,7.595022
18799,7.688485
18819,7.688485
18839,7.688485
18859,7.688485
18879,7.688485
18899,7.688485
18919,7.688485
18939,7.383120
18959,7.688485
18979,7.688485
18999,7.688485
19019,7.688485
19039,7.688485
19059,7.688485
19079,7.688485
19099,7.688485
19119,7.688485
19139,7.688485
19159,7.688485
19179,7.688485
19199,7.688485
19219,7.383120
19239,7.688485
19259,7.688485
19279,7.290079
19299,7.290079
19319,7.290079
19339,7.688485
19359,7.290079
19379,7.290079
19399,7.290079
19419,7.688485
19439,7.290079
19459,7.688485
19479,7.688485
19499,7.688485
19519,7.290079
19539,7.688485
19559,7.290079
19579,7.290079
19599,7.688485
19619,7.105104
19639,7.688485
19659,7.688485
19679,7.688485
19699,7.688485
19719,7.688485
19739,7.688485
19759,7.688485
19779,7.688485
19799,7.688485
19819,7.688485
19839,7.688485
19859,7.290079
19879,7.688485
19899,7.105104
19919,7.688485
19939,7.688485
19959,7.595022
19979,7.688485
19999,7.688485
20019,7.688485
20039,7.688485
20059,7.105104
20079,7.688485
20099,7.688485
20119,7.688485
20139,7.688485
20159,7.688485
20179,7.595022
20199,7.688485
20219,7.688485
20239,7.688485
20259,7.688485
20279,7.688485
20299,7.688485
20319,7.688485
20339,7.688485
20359,7.688485
20379,7.688485
20399,7.688485
20419,7.688485
20439,7.688485
20459,7.688485
20479,7.688485
20499,7.688485
20519,7.688485
20539,7.688485
20559,7.688485
20579,7.688485
20599,7.688485
20619,7.688485
20639,7.688485
20659,7.688485
20679,7.688485
20699,7.688485
20719,7.688485
20739,7.688485
20759,7.688485
20779,7.688485
20799,7.688485
20819,7.688485
20839,7.688485
20859,7.688485
20879,7.688485
20899,7.688485
20919,7.688485
20939,7.688485
20959,7.688485
20979,7.688485
20999,7.688485
21019,7.688485
21039,7.688485
21059,7.688485
21079,7.688485
21099,7.688485
21119,7.688485
21139,7.688485
21159,7.688485
21179,7.688485
21199,7.688485
21219,7.688485
21239,7.688485
21259,7.688485
21279,7.688485
21299,7.688485
21319,7.688485
21339,7.688485
21359,7.688485
21379,7.688485
21399,7.688485
21419,7.688485
21439,7.688485
21459,7.688485
21479,7.688485
21499,7.688485
21519,7.688485
21539,7.688485
21559,7.688485
21579,7.688485
21599,7.688485
21619,7.688485
21639,7.688485
21659,7.688485
21679,7.688485
21699,7.688485
21719,7.688485
21739,7.688485
21759,7.688485
21779,7.688485
21799,7.688485
21819,7.688485
21839,7.688485
21859,7.688485
21879,7.688485
21899,7.688485
21919,7.688485
21939,7.688485
21959,7.688485
21979,7.688485
21999,7.688485
22019,7.688485
22039,7.688485
22059,7.688485
22079,7.688485
22099,7.688485
22119,7.688485
22139,7.688485
22159,7.688485
22179,7.688485
22199,7.688485
22219,7.688485
22239,7.688485
22259,7.688485
22279,7.688485
22299,7.688485
22319,7.688485
22339,7.688485
22359,7.688485
22379,7.688485
22399,7.688485
22419,7.688485
22439,7.688485
22459,7.688485
22479,7.688485
22499,7.688485
22519,7.688485
22539,7.688485
22559,7.688485
22579,7.688485
22599,7.688485
22619,7.688485
22639,7.688485
22659,7.688485
22679,7.688485
22699,7.688485
22719,7.688485
22739,7.688485
22759,7.688485
22779,7.688485
22799,7.688485
22819,7.688485
22839,7.688485
22859,7.688485
22879,7.688485
22899,7.688485
22919,7.688485
22939,7.688485
22959,7.688485
22979,7.688485
22999,7.688485
23019,7.688485
23039,7.688485
23059,7.688485
23079,7.688485
23099,7.688485
23119,7.688485
23139,7.688485
23159,7.688485
23179,7.688485
23199,7.688485
23219,7.688485
23239,7.688485
23259,7.688485
23279,7.688485
23299,7.688485
23319,7.688485
23339,7.688485
23359,7.688485
23379,7.688485
23399,7.688485
23419,7.688485
23439,7.688485
23459,7.688485
23479,7.688485
23499,7.688485
23519,7.688485
23539,7.688485
23559,7.688485
23579,7.688485
23599,7.688485
23619,7.688485
23639,7.688485
23659,7.688485
23679,7.688485
23699,7.688485
23719,7.688485
23739,7.688485
23759,7.688485
23779,7.688485
23799,7.688485
23819,7.688485
23839,7.688485
23859,7.688485
23879,7.688485
23899,7.688485
23919,7.688485
23939,7.688485
23959,7.688485
23979,7.688485
23999,7.688485
24019,7.688485
24039,7.688485
24059,7.688485
24079,7.688485
24099,7.688485
24119,7.688485
24139,7.688485
24159,7.688485
24179,7.688485
24199,7.688485
24219,7.688485
24239,7.688485
24259,7.688485
24279,7.688485
24299,7.688485
24319,7.688485
24339,7.688485
24359,7.688485
24379,7.688485
24399,7.688485
24419,7.688485
24439,7.688485
24459,7.688485
24479,7.688485
24499,7.688485
24519,7.688485
24539,7.688485
24559,7.688485
24579,7.688485
24599,7.688485
24619,7.688485
24639,7.688485
24659,7.688485
24679,7.688485
24699,7.688485
24719,7.688485
24739,7.688485
24759,7.688485
24779,7.688485
24799,7.688485
24819,7.688485
24839,7.688485
24859,7.688485
24879,7.688485
24899,7.688485
24919,7.688485
24939,7.688485
24959,7.688485
24979,7.688485
24999,7.688485
25019,7.688485
25039,7.688485
25059,7.688485
25079,7.688485
25099,7.688485
25119,7.688485
25139,7.688485
25159,7.688485
25179,7.688485
25199,7.688485
25219,7.688485
25239,7.688485
25259,7.688485
25279,7.688485
25299,7.688485
25319,7.688485
25339,7.688485
25359,7.688485
25379,7.688485
25399,7.688485
25419,7.688485
25439,7.688485
25459,7.688485
25479,7.688485
25499,7.688485
25519,7.688485
25539,7.688485
25559,7.688485
25579,7.688485
25599,7.688485
25619,7.688485
25639,7.688485
25659,7.688485
25679,7.688485
25699,7.688485
25719,7.688485
25739,7.688485
25759,7.688485
25779,7.688485
25799,7.688485
25819,7.688485
25839,7.688485
25859,7.688485
25879,7.688485
25899,7.688485
25919,7.688485
25939,7.688485
25959,7.688485
25979,7.688485
25999,7.688485
26019,7.688485
26039,7.688485
26059,7.688485
26079,7.688485
26099,7.688485
26119,7.688485
26139,7.688485
26159,7.688485
26179,7.688485
26199,7.688485
26219,7.688485
26239,7.688485
26259,7.688485
26279,7.688485
26299,7.688485
26319,7.688485
26339,7.688485
26359,7.688485
26379,7.688485
26399,7.688485
26419,7.688485
26439,7.688485
26459,7.688485
26479,7.688485
26499,7.688485
26519,7.688485
26539,7.688485
26559,7.688485
26579,7.688485
26599,7.688485
26619,7.688485
26639,7.688485
26659,7.688485
26679,7.688485
26699,7.688485
26719,7.688485
26739,7.688485
26759,7.105104
26779,7.688485
26799,7.688485
26819,7.688485
26839,7.688485
26859,7.688485
26879,7.688485
26899,7.688485
26919,7.688485
26939,7.688485
26959,7.688485
26979,7.688485
26999,7.688485
27019,7.688485
27039,7.688485
27059,7.688485
27079,7.688485
27099,7.688485
27119,7.688485
27139,7.688485
27159,7.688485
27179,7.688485
27199,7.688485
27219,7.688485
27239,7.688485
27259,7.688485
27279,7.688485
27299,7.688485
27319,7.688485
27339,7.688485
27359,7.688485
27379,7.688485
27399,7.688485
27419,7.688485
27439,7.688485
27459,7.688485
27479,7.688485
27499,7.688485
27519,7.688485
27539,7.688485
27559,7.688485
27579,7.688485
27599,7.688485
27619,7.688485
27639,7.688485
27659,7.688485
27679,7.688485
27699,7.688485
27719,7.688485
27739,7.688485
27759,7.688485
27779,7.688485
27799,7.688485
27819,7.688485
27839,7.688485
27859,7.688485
27879,7.688485
27899,7.688485
27919,7.688485
27939,7.688485
27959,7.688485
27979,7.688485
27999,7.688485
28019,7.688485
28039,7.688485
28059,7.688485
28079,7.688485
28099,7.688485
28119,7.688485
28139,7.688485
28159,7.688485
28179,7.688485
28199,7.688485
28219,7.688485
28239,7.688485
28259,7.688485
28279,7.688485
28299,7.688485
28319,7.688485
28339,7.688485
28359,7.688485
28379,7.688485
28399,7.688485
28419,7.688485
28439,7.688485
28459,7.688485
28479,7.688485
28499,7.688485
28519,7.688485
28539,7.688485
28559,7.688485
28579,7.688485
28599,7.688485
28619,7.688485
28639,7.688485
28659,7.688485
28679,7.688485
28699,7.688485
28719,7.688485
28739,7.688485
28759,7.688485
28779,7.688485
28799,7.688485
28819,7.688485
28839,7.688485
28859,7.688485
28879,7.688485
28899,7.688485
28919,7.688485
28939,7.688485
28959,7.688485
28979,7.688485
28999,7.688485
29019,7.688485
29039,7.688485
29059,7.688485
29079,7.688485
29099,7.688485
29119,7.688485
29139,7.688485
29159,7.688485
29179,7.688485
29199,7.688485
29219,7.688485
29239,7.688485
29259,7.688485
29279,7.688485
29299,7.688485
29319,7.688485
29339,7.688485
29359,7.688485
29379,7.688485
29399,7.688485
29419,7.688485
29439,7.688485
29459,7.688485
29479,7.688485
29499,7.688485
29519,7.688485
29539,7.688485
29559,7.688485
29579,7.688485
29599,7.688485
29619,7.688485
29639,7.688485
29659,7.688485
29679,7.688485
29699,7.688485
29719,7.688485
29739,7.688485
29759,7.688485
29779,7.688485
29799,7.688485
29819,7.688485
29839,7.688485
29859,7.688485
29879,7.688485
29899,7.688485
29919,7.688485
29939,7.688485
29959,7.105104
29979,7.688485
29999,7.688485
30019,7.383120
30039,7.688485
30059,7.383120
30079,7.688485
30099,7.688485
30119,7.013166
30139,7.383120
30159,4.668386
30179,3.621318
30199,4.668386
30219,7.105104
30239,7.688485
30259,6.861272
30279,7.688485
30299,7.688485
30319,7.688485
30339,7.688485
30359,7.688485
30379,7.688485
30399,7.688485
30419,7.290079
30439,7.688485
30459,7.105104
30479,7.688485
30499,7.688485
30519,7.688485
30539,7.688485
30559,7.688485
30579,6.149370
30599,7.688485
30619,7.688485
30639,7.688485
30659,6.551784
30679,7.595022
30699,7.688485
30719,7.501930
30739,7.383120
30759,7.501930
30779,7.501930
30799,7.688485
30819,6.861272
30839,7.688485
30859,7.688485
30879,7.383120
30899,7.688485
30919,7.688485
30939,7.501930
30959,7.688485
30979,7.876533
30999,7.876533
31019,7.290079
31039,7.876533
31059,7.876533
31079,7.688485
31099,7.876533
31119,7.876533
31139,7.876533
31159,7.876533
31179,7.876533
31199,7.876533
31219,7.688485
31239,7.876533
31259,7.876533
31279,7.688485
31299,7.876533
31319,7.876533
31339,7.876533
31359,7.688485
31379,7.876533
31399,7.876533
31419,7.688485
31439,7.876533
31459,7.876533
31479,7.876533
31499,7.876533
31519,7.876533
31539,7.876533
31559,7.876533
31579,7.876533
31599,7.876533
31619,7.876533
31639,7.688485
31659,7.876533
31679,7.876533
31699,7.876533
31719,7.688485
31739,7.876533
31759,7.876533
31779,7.876533
31799,7.876533
31819,7.876533
31839,7.876533
31859,7.876533
31879,7.876533
31899,7.876533
31919,7.876533
31939,7.876533
31959,7.876533
31979,7.876533
31999,7.876533
32019,7.876533
32039,7.876533
32059,7.876533
32079,7.876533
32099,7.876533
32119,7.876533
32139,-2.097190
32159,7.876533
32179,7.383120
32199,7.383120
32219,7.688485
32239,7.383120
32259,7.383120
32279,7.688485
32299,7.688485
32319,7.383120
32339,7.383120
32359,6.149370
32379,7.876533
32399,6.149370
32419,7.876533
32439,7.876533
32459,7.876533
32479,7.688485
32499,7.876533
32519,7.383120
32539,7.876533
32559,7.876533
32579,7.876533
32599,7.876533
32619,7.876533
32639,7.876533
32659,7.688485
32679,7.876533
32699,7.876533
32719,7.876533
32739,7.383120
32759,6.768717
32779,6.768717
32799,7.595022
32819,7.595022
32839,7.876533
32859,7.688485
32879,7.595022
32899,7.876533
32919,7.876533
32939,7.876533
32959,7.876533
32979,7.876533
32999,7.876533
33019,7.876533
33039,7.876533
33059,7.876533
33079,7.876533
33099,7.383120
33119,7.876533
33139,7.876533
33159,7.876533
33179,7.876533
33199,7.876533
33219,7.876533
33239,7.876533
33259,7.876533
33279,7.876533
33299,7.876533
33319,7.876533
33339,7.876533
33359,7.876533
33379,7.876533
33399,7.876533
33419,7.876533
33439,7.876533
33459,7.876533
33479,7.876533
33499,7.876533
33519,7.876533
33539,7.876533
33559,7.876533
33579,7.876533
33599,7.876533
33619,7.876533
33639,7.876533
33659,7.876533
33679,7.876533
33699,7.876533
33719,7.876533
33739,7.876533
33759,7.876533
33779,7.876533
33799,7.876533
33819,7.876533
33839,7.876533
33859,7.876533
33879,7.876533
33899,7.876533
33919,7.876533
33939,7.876533
33959,7.876533
33979,7.876533
33999,7.876533
34019,7.876533
34039,7.876533
34059,7.876533
34079,7.876533
34099,7.688485
34119,7.876533
34139,7.383120
34159,7.876533
34179,7.876533
34199,7.688485
34219,7.876533
34239,7.876533
34259,7.876533
34279,7.876533
34299,7.876533
34319,7.876533
34339,7.876533
34359,7.876533
34379,7.876533
34399,7.876533
34419,7.876533
34439,7.876533
34459,7.876533
34479,7.876533
34499,7.876533
34519,7.876533
34539,7.876533
34559,7.688485
34579,7.876533
34599,7.876533
34619,7.876533
34639,7.876533
34659,7.876533
34679,7.876533
34699,7.876533
34719,7.876533
34739,7.876533
34759,7.876533
34779,7.688485
34799,7.876533
34819,7.876533
34839,7.876533
34859,7.876533
34879,7.876533
34899,7.876533
34919,7.876533
34939,7.876533
34959,7.876533
34979,7.876533
34999,7.876533
35019,7.876533
35039,7.876533
35059,7.876533
35079,7.876533
35099,7.688485
35119,7.876533
35139,7.876533
35159,7.876533
35179,7.876533
35199,7.876533
35219,7.876533
35239,7.876533
35259,7.876533
35279,7.876533
35299,7.876533
35319,7.876533
35339,7.876533
35359,7.876533
35379,7.876533
35399,7.876533
35419,7.876533
35439,7.876533
35459,7.876533
35479,7.688485
35499,7.688485
35519,7.876533
35539,7.876533
35559,7.876533
35579,7.876533
35599,7.876533
35619,7.876533
35639,7.876533
35659,7.876533
35679,7.876533
35699,7.876533
35719,7.876533
35739,7.876533
35759,7.688485
35779,7.688485
35799,7.876533
35819,7.876533
35839,7.688485
35859,7.876533
35879,7.876533
35899,7.876533
35919,7.688485
35939,7.876533
35959,7.876533
35979,7.876533
35999,7.595022
36019,7.876533
36039,7.595022
36059,7.876533
36079,7.595022
36099,7.876533
36119,7.876533
36139,7.619334
36159,7.688485
36179,7.876533
36199,7.876533
36219,7.876533
36239,7.619334
36259,7.876533
36279,7.876533
36299,7.876533
36319,7.876533
36339,7.876533
36359,7.876533
36379,7.876533
36399,7.876533
36419,7.876533
36439,7.876533
36459,7.619334
36479,7.876533
36499,7.595022
36519,7.688485
36539,7.013166
36559,7.876533
36579,7.876533
36599,7.595022
36619,7.688485
36639,7.619334
36659,7.595022
36679,7.595022
36699,7.595022
36719,7.595022
36739,7.595022
36759,6.891672
36779,6.891672
36799,7.595022
36819,7.595022
36839,7.876533
36859,7.383120
36879,7.876533
36899,7.876533
36919,7.876533
36939,7.876533
36959,7.876533
36979,7.876533
36999,7.619334
37019,7.876533
37039,7.876533
37059,7.595022
37079,7.876533
37099,7.876533
37119,7.619334
37139,7.876533
37159,7.688485
37179,7.876533
37199,7.688485
37219,7.876533
37239,7.876533
37259,7.876533
37279,7.876533
37299,7.619334
37319,7.595022
37339,7.876533
37359,7.876533
37379,7.876533
37399,7.876533
37419,7.876533
37439,7.876533
37459,7.876533
37479,7.876533
37499,7.876533
37519,7.619334
37539,7.876533
37559,7.876533
37579,7.876533
37599,7.876533
37619,7.876533
37639,7.876533
37659,7.876533
37679,7.876533
37699,7.876533
37719,7.876533
37739,7.876533
37759,7.876533
37779,7.876533
37799,7.876533
37819,7.876533
37839,7.876533
37859,7.876533
37879,7.876533
37899,7.876533
37919,7.876533
37939,7.876533
37959,7.876533
37979,7.876533
37999,6.149370
38019,7.876533
38039,7.876533
38059,7.876533
38079,7.876533
38099,6.149370
38119,7.595022
38139,7.876533
38159,7.595022
38179,7.876533
38199,7.619334
38219,7.876533
38239,7.876533
38259,7.876533
38279,7.876533
38299,7.595022
38319,7.876533
38339,7.619334
38359,7.876533
38379,7.876533
38399,7.876533
38419,7.688485
38439,7.876533
38459,7.876533
38479,7.876533
38499,7.688485
38519,7.876533
38539,7.876533
38559,7.876533
38579,7.876533
38599,7.876533
38619,7.876533
38639,7.876533
38659,7.876533
38679,7.876533
38699,7.876533
38719,7.619334
38739,7.876533
38759,7.876533
38779,7.688485
38799,6.149370
38819,6.149370
38839,6.149370
38859,6.149370
38879,6.149370
38899,6.149370
38919,6.149370
38939,7.595022
38959,6.149370
38979,6.149370
38999,6.149370
39019,6.149370
39039,6.149370
39059,7.013166
39079,7.688485
39099,7.013166
39119,6.708279
39139,7.595022
39159,7.595022
39179,6.149370
39199,6.149370
39219,6.149370
39239,7.595022
39259,7.876533
39279,6.149370
39299,6.149370
39319,6.149370
39339,6.149370
39359,7.876533
39379,6.861272
39399,6.149370
39419,6.149370
39439,6.149370
39459,7.876533
39479,6.149370
39499,7.876533
39519,6.149370
39539,7.876533
39559,6.149370
39579,6.149370
39599,7.688485
39619,7.688485
39639,6.149370
39659,6.149370
39679,6.149370
39699,6.149370
39719,6.149370
39739,6.149370
39759,6.149370
39779,6.149370
39799,6.149370
39819,6.149370
39839,6.149370
39859,7.383120
39879,6.149370
39899,6.149370
39919,6.149370
39939,6.149370
39959,6.149370
39979,6.149370
39999,6.149370
40019,6.149370
40039,6.149370
40059,7.383120
40079,6.149370
40099,7.876533
40119,6.149370
40139,6.149370
40159,7.383120
40179,6.149370
40199,6.149370
40219,6.149370
40239,6.149370
40259,7.876533
40279,6.149370
40299,7.876533
40319,6.149370
40339,6.149370
40359,6.149370
40379,7.876533
40399,6.149370
40419,6.149370
40439,6.149370
40459,6.149370
40479,6.149370
40499,6.149370
40519,6.149370
40539,7.876533
40559,6.149370
40579,6.149370
40599,6.149370
40619,6.149370
40639,6.149370
40659,6.149370
40679,6.149370
40699,6.149370
40719,6.149370
40739,6.149370
40759,6.149370
40779,6.149370
40799,6.149370
40819,6.149370
40839,7.876533
40859,6.149370
40879,6.149370
40899,6.149370
40919,6.149370
40939,6.149370
40959,6.149370
40979,6.149370
40999,6.149370
41019,6.149370
41039,6.149370
41059,6.149370
41079,7.876533
41099,6.149370
41119,6.149370
41139,6.149370
41159,6.149370
41179,6.149370
41199,6.149370
41219,7.876533
41239,6.149370
41259,6.149370
41279,7.688485
41299,6.149370
41319,6.149370
41339,6.149370
41359,6.149370
41379,7.876533
41399,6.149370
41419,6.149370
41439,6.149370
41459,6.149370
41479,6.149370
41499,7.876533
41519,6.149370
41539,6.149370
41559,7.688485
41579,6.149370
41599,6.149370
41619,6.149370
41639,6.149370
41659,6.149370
41679,6.149370
41699,7.876533
41719,6.149370
41739,6.149370
41759,6.149370
41779,6.149370
41799,6.149370
41819,6.149370
41839,6.149370
41859,6.149370
41879,7.688485
41899,6.149370
41919,6.149370
41939,6.149370
41959,6.149370
41979,6.149370
41999,6.149370
42019,6.149370
42039,6.149370
42059,6.149370
42079,6.149370
42099,6.149370
42119,6.149370
42139,6.149370
42159,6.149370
42179,6.149370
42199,7.876533
42219,6.149370
42239,6.149370
42259,6.149370
42279,6.149370
42299,6.149370
42319,6.149370
42339,6.149370
42359,6.149370
42379,6.149370
42399,6.149370
42419,6.149370
42439,6.149370
42459,6.149370
42479,6.149370
42499,6.149370
42519,6.149370
42539,6.149370
42559,6.149370
42579,6.149370
42599,6.149370
42619,6.149370
42639,6.149370
42659,6.149370
42679,6.149370
42699,6.149370
42719,7.876533
42739,6.149370
42759,6.149370
42779,6.149370
42799,6.149370
42819,6.149370
42839,6.149370
42859,6.149370
42879,6.149370
42899,6.149370
42919,6.149370
42939,6.149370
42959,6.149370
42979,6.149370
42999,7.876533
43019,6.149370
43039,6.149370
43059,7.876533
43079,7.876533
43099,6.149370
43119,7.876533
43139,6.149370
43159,6.149370
43179,6.149370
43199,6.149370
43219,6.149370
43239,6.149370
43259,7.688485
43279,6.149370
43299,6.149370
43319,6.149370
43339,6.149370
43359,7.876533
43379,7.688485
43399,6.149370
43419,6.149370
43439,6.149370
43459,6.149370
43479,6.149370
43499,6.149370
43519,6.149370
43539,6.149370
43559,6.149370
43579,6.149370
43599,6.149370
43619,7.876533
43639,6.149370
43659,6.149370
43679,7.876533
43699,6.149370
43719,7.476533
43739,7.047501
43759,7.013166
43779,7.013166
43799,5.646947
43819,7.076533
43839,7.076533
43859,5.646947
43879,8.086891
43899,6.276533
43919,7.076533
43939,5.434597
43959,6.020662
43979,7.076533
43999,6.020662
44019,6.020662
44039,7.076533
44059,6.983918
44079,6.983918
44099,7.476533
44119,6.983918
44139,6.861272
44159,6.983918
44179,6.983918
44199,7.105104
44219,6.983918
44239,8.086891
44259,8.086891
44279,7.476533
44299,8.086891
44319,7.688485
44339,8.086891
44359,8.086891
44379,8.086891
44399,8.086891
44419,8.086891
44439,7.076533
44459,7.076533
44479,7.076533
44499,7.076533
44519,7.076533
44539,6.149370
44559,7.169519
44579,7.169519
44599,7.076533
44619,7.169519
44639,7.076533
44659,7.076533
44679,7.076533
44699,7.076533
44719,7.076533
44739,7.076533
44759,7.076533
44779,7.076533
44799,7.076533
44819,7.076533
44839,7.076533
44859,7.076533
44879,7.076533
44899,7.076533
44919,7.076533
44939,7.076533
44959,7.076533
44979,7.169519
44999,7.076533
45019,7.076533
45039,7.076533
45059,7.076533
45079,7.076533
45099,7.076533
45119,7.169519
45139,7.076533
45159,7.169519
45179,7.076533
45199,7.076533
45219,7.076533
45239,7.076533
45259,7.076533
45279,7.076533
45299,7.076533
45319,7.076533
45339,7.076533
45359,7.076533
45379,7.169519
45399,7.076533
45419,7.076533
45439,7.076533
45459,7.076533
45479,7.076533
45499,7.076533
45519,7.076533
45539,7.076533
45559,7.076533
45579,7.076533
45599,7.076533
45619,7.076533
45639,7.076533
45659,7.076533
45679,7.076533
45699,7.076533
45719,7.076533
45739,7.076533
45759,7.076533
45779,7.076533
45799,7.076533
45819,7.076533
45839,7.076533
45859,7.076533
45879,7.076533
45899,7.076533
45919,7.076533
45939,7.076533
45959,7.076533
45979,7.076533
45999,7.076533
46019,7.076533
46039,7.076533
46059,7.076533
46079,7.076533
46099,7.076533
46119,7.076533
46139,7.076533
46159,7.076533
46179,7.076533
46199,7.076533
46219,7.076533
46239,7.076533
46259,7.076533
46279,7.076533
46299,7.076533
46319,7.076533
46339,7.076533
46359,7.076533
46379,7.076533
46399,7.076533
46419,7.076533
46439,7.076533
46459,7.076533
46479,7.076533
46499,7.076533
46519,7.076533
46539,7.076533
46559,7.076533
46579,7.076533
46599,7.076533
46619,7.076533
46639,7.076533
46659,7.076533
46679,7.076533
46699,7.076533
46719,7.076533
46739,7.076533
46759,7.076533
46779,7.076533
46799,7.076533
46819,7.076533
46839,7.076533
46859,7.076533
46879,7.076533
46899,7.076533
46919,7.013166
46939,7.169519
46959,7.169519
46979,7.076533
46999,7.076533
47019,7.076533
47039,7.076533
47059,7.076533
47079,7.169519
47099,7.076533
47119,7.076533
47139,7.076533
47159,7.076533
47179,7.076533
47199,7.076533
47219,7.076533
47239,7.076533
47259,7.076533
47279,7.076533
47299,7.076533
47319,7.076533
47339,7.076533
47359,7.076533
47379,7.076533
47399,7.076533
47419,7.076533
47439,7.076533
47459,7.076533
47479,7.076533
47499,7.076533
47519,7.076533
47539,7.076533
47559,7.076533
47579,7.076533
47599,7.076533
47619,7.076533
47639,7.076533
47659,7.076533
47679,7.076533
47699,7.076533
47719,7.076533
47739,7.076533
47759,7.076533
47779,7.076533
47799,7.076533
47819,7.076533
47839,7.076533
47859,7.076533
47879,7.076533
47899,7.076533
47919,7.076533
47939,7.076533
47959,7.076533
47979,7.076533
47999,7.076533
48019,7.076533
48039,7.076533
48059,7.076533
48079,7.076533
48099,7.076533
48119,7.076533
48139,7.076533
48159,7.076533
48179,7.076533
48199,7.076533
48219,7.076533
48239,7.076533
48259,7.076533
48279,7.076533
48299,7.076533
48319,7.076533
48339,7.076533
48359,7.076533
48379,6.311453
48399,7.076533
48419,6.708279
48439,6.708279
48459,7.076533
48479,6.708279
48499,7.013166
48519,7.076533
48539,7.076533
48559,7.076533
48579,7.076533
48599,7.076533
48619,7.076533
48639,7.076533
48659,7.076533
48679,7.076533
48699,7.076533
48719,7.076533
48739,7.076533
48759,7.076533
48779,7.076533
48799,7.076533
48819,7.076533
48839,7.076533
48859,7.076533
48879,7.076533
48899,7.076533
48919,7.076533
48939,7.076533
48959,7.076533
48979,7.076533
48999,7.076533
49019,7.076533
49039,7.076533
49059,7.076533
49079,7.076533
49099,7.076533
49119,7.076533
49139,7.076533
49159,7.076533
49179,7.076533
49199,7.076533
49219,7.076533
49239,7.076533
49259,7.076533
49279,7.076533
49299,7.076533
49319,7.076533
49339,7.076533
49359,7.076533
49379,7.076533
49399,7.076533
49419,7.076533
49439,7.076533
49459,7.076533
49479,7.076533
49499,7.076533
49519,7.076533
49539,7.076533
49559,7.076533
49579,7.076533
49599,7.076533
49619,7.076533
49639,7.076533
49659,7.076533
49679,7.076533
49699,7.076533
49719,7.076533
49739,7.076533
49759,7.076533
49779,7.076533
49799,7.076533
49819,7.076533
49839,7.076533
49859,7.076533
49879,7.076533
49899,7.076533
49919,7.076533
49939,7.076533
49959,7.076533
49979,7.076533
49999,7.076533
50019,7.076533
50039,7.076533
50059,7.076533
50079,7.076533
50099,7.076533
50119,7.076533
50139,7.076533
50159,7.076533
50179,7.076533
50199,7.076533
50219,7.076533
50239,7.076533
50259,7.076533
50279,7.076533
50299,7.076533
50319,7.076533
50339,7.076533
50359,7.076533
50379,7.076533
50399,7.076533
50419,7.076533
50439,7.076533
50459,7.076533
50479,7.076533
50499,7.076533
50519,7.076533
50539,7.076533
50559,7.076533
50579,7.076533
50599,7.076533
50619,7.076533
50639,7.076533
50659,7.076533
50679,7.076533
50699,7.076533
50719,7.076533
50739,7.076533
50759,7.076533
50779,7.076533
50799,7.076533
50819,7.076533
50839,7.076533
50859,7.076533
50879,7.076533
50899,7.076533
50919,7.076533
50939,7.076533
50959,7.076533
50979,7.076533
50999,7.076533
51019,7.076533
51039,7.076533
51059,7.076533
51079,7.076533
51099,7.076533
51119,7.076533
51139,7.076533
51159,7.076533
51179,7.076533
51199,7.076533
51219,7.076533
51239,7.076533
51259,7.076533
51279,7.076533
51299,7.076533
51319,7.076533
51339,7.076533
51359,7.076533
51379,7.076533
51399,7.076533
51419,7.076533
51439,7.076533
51459,7.076533
51479,7.076533
51499,7.076533
51519,7.076533
51539,7.076533
51559,7.076533
51579,7.076533
51599,7.076533
51619,7.076533
51639,7.076533
51659,7.076533
51679,7.076533
51699,7.076533
51719,7.076533
51739,7.076533
51759,7.076533
51779,7.076533
51799,7.076533
51819,7.076533
51839,7.076533
51859,7.076533
51879,7.076533
51899,7.076533
51919,7.076533
51939,7.076533
51959,7.076533
51979,7.076533
51999,7.076533
52019,7.076533
52039,7.076533
52059,7.013166
52079,7.076533
52099,7.076533
52119,7.076533
52139,7.076533
52159,7.076533
52179,7.076533
52199,7.076533
52219,7.076533
52239,7.076533
52259,7.076533
52279,7.076533
52299,7.076533
52319,7.076533
52339,7.076533
52359,7.076533
52379,7.076533
52399,7.076533
52419,7.076533
52439,7.076533
52459,7.076533
52479,7.076533
52499,7.076533
52519,7.076533
52539,7.076533
52559,7.076533
52579,7.076533
52599,7.076533
52619,7.076533
52639,7.076533
52659,7.076533
52679,7.076533
52699,7.076533
52719,7.076533
52739,7.076533
52759,7.076533
52779,7.076533
52799,7.076533
52819,7.076533
52839,7.076533
52859,7.076533
52879,7.076533
52899,7.076533
52919,7.076533
52939,7.076533
52959,7.076533
52979,7.076533
52999,7.076533
53019,7.076533
53039,7.076533
53059,7.076533
53079,7.076533
53099,7.076533
53119,7.076533
53139,7.076533
53159,7.076533
53179,7.076533
53199,7.076533
53219,7.076533
53239,7.076533
53259,7.076533
53279,7.076533
53299,7.076533
53319,7.076533
53339,7.076533
53359,7.076533
53379,7.076533
53399,7.076533
53419,7.076533
53439,7.076533
53459,7.076533
53479,7.076533
53499,7.076533
53519,7.076533
53539,7.076533
53559,7.076533
53579,7.076533
53599,5.209336
53619,7.076533
53639,7.076533
53659,7.076533
53679,7.076533
53699,7.076533
53719,7.076533
53739,7.076533
53759,7.076533
53779,7.076533
53799,7.076533
53819,7.076533
53839,7.076533
53859,7.076533
53879,7.076533
53899,7.076533
53919,7.076533
53939,7.076533
53959,7.076533
53979,7.076533
53999,7.076533
54019,7.076533
54039,7.076533
54059,7.076533
54079,7.076533
54099,7.076533
54119,7.076533
54139,7.076533
54159,7.076533
54179,7.076533
54199,7.076533
54219,7.076533
54239,7.076533
54259,7.076533
54279,7.076533
54299,7.076533
54319,7.076533
54339,7.076533
54359,7.076533
54379,7.076533
54399,7.076533
54419,7.076533
54439,7.076533
54459,7.076533
54479,7.076533
54499,7.076533
54519,7.076533
54539,7.076533
54559,7.076533
54579,7.076533
54599,7.076533
54619,7.076533
54639,7.076533
54659,7.076533
54679,7.076533
54699,7.076533
54719,7.076533
54739,7.076533
54759,7.076533
54779,7.076533
54799,7.076533
54819,7.076533
54839,7.076533
54859,7.076533
54879,7.076533
54899,7.076533
54919,7.076533
54939,7.076533
54959,7.076533
54979,7.076533
54999,7.076533
55019,7.076533
55039,7.076533
55059,7.076533
55079,7.076533
55099,7.076533
55119,7.076533
55139,7.076533
55159,7.076533
55179,7.076533
55199,7.076533
55219,7.076533
55239,7.076533
55259,7.076533
55279,7.076533
55299,7.076533
55319,7.076533
55339,7.076533
55359,7.076533
55379,7.076533
55399,7.076533
55419,7.076533
55439,7.076533
55459,7.076533
55479,7.076533
55499,7.076533
55519,7.076533
55539,7.076533
55559,7.076533
55579,7.076533
55599,7.076533
55619,7.076533
55639,7.076533
55659,7.076533
55679,7.076533
55699,7.076533
55719,7.076533
55739,7.076533
55759,7.076533
55779,7.076533
55799,7.076533
55819,7.076533
55839,7.076533
55859,7.076533
55879,7.076533
55899,7.076533
55919,7.076533
55939,7.076533
55959,7.076533
55979,7.076533
55999,7.076533
56019,7.076533
56039,7.076533
56059,7.076533
56079,7.076533
56099,7.076533
56119,7.076533
56139,7.076533
56159,7.076533
56179,7.076533
56199,7.076533
56219,7.076533
56239,7.076533
56259,7.076533
56279,7.076533
56299,7.076533
56319,7.076533
56339,7.076533
56359,7.076533
56379,7.076533
56399,7.076533
56419,7.076533
56439,7.076533
56459,7.076533
56479,7.076533
56499,7.076533
56519,7.076533
56539,7.076533
56559,7.076533
56579,7.076533
56599,7.076533
56619,7.076533
56639,7.076533
56659,7.076533
56679,7.076533
56699,7.076533
56719,7.076533
56739,7.076533
56759,7.076533
56779,7.076533
56799,7.076533
56819,7.076533
56839,7.076533
56859,7.076533
56879,7.076533
56899,7.076533
56919,7.076533
56939,7.076533
56959,7.076533
56979,7.076533
56999,7.076533
57019,7.076533
57039,7.076533
57059,7.076533
57079,7.076533
57099,7.076533
57119,7.076533
57139,7.076533
57159,7.076533
57179,7.076533
57199,7.076533
57219,7.076533
57239,7.076533
57259,7.076533
57279,7.076533
57299,7.076533
57319,7.076533
57339,7.076533
57359,7.076533
57379,7.076533
57399,7.076533
57419,7.076533
57439,7.076533
57459,7.076533
57479,7.076533
57499,7.076533
57519,7.076533
57539,7.076533
57559,7.076533
57579,7.076533
57599,7.076533
57619,3.790305
57639,7.076533
57659,7.076533
57679,7.076533
57699,7.076533
57719,7.076533
57739,7.076533
57759,7.076533
57779,7.076533
57799,7.076533
57819,7.076533
57839,7.076533
57859,7.076533
57879,7.076533
57899,7.076533
57919,7.076533
57939,7.076533
57959,7.076533
57979,7.076533
57999,7.076533
58019,7.076533
58039,7.076533
58059,7.076533
58079,7.076533
58099,7.476533
58119,7.076533
58139,7.076533
58159,7.076533
58179,7.076533
58199,7.076533
58219,7.076533
58239,7.076533
58259,7.076533
58279,7.076533
58299,7.076533
58319,7.076533
58339,7.076533
58359,7.076533
58379,7.076533
58399,7.076533
58419,7.076533
58439,7.076533
58459,7.076533
58479,7.076533
58499,7.076533
58519,7.076533
58539,7.076533
58559,7.076533
58579,7.076533
58599,7.076533
58619,7.076533
58639,7.076533
58659,7.076533
58679,7.076533
58699,7.076533
58719,7.076533
58739,7.076533
58759,7.076533
58779,7.076533
58799,7.076533
58819,7.076533
58839,7.076533
58859,7.076533
58879,7.076533
58899,7.076533
58919,7.076533
58939,7.076533
58959,7.076533
58979,7.076533
58999,7.076533
59019,7.076533
59039,7.076533
59059,7.076533
59079,7.076533
59099,7.076533
59119,7.076533
59139,7.076533
59159,7.076533
59179,7.076533
59199,7.076533
59219,7.076533
59239,7.076533
59259,7.076533
59279,7.076533
59299,7.076533
59319,7.076533
59339,7.076533
59359,7.076533
59379,7.076533
59399,7.076533
59419,7.076533
59439,7.076533
59459,7.076533
59479,7.076533
59499,7.076533
59519,7.076533
59539,7.076533
59559,7.076533
59579,7.076533
59599,7.076533
59619,7.076533
59639,7.076533
59659,7.076533
59679,7.076533
59699,7.076533
59719,7.076533
59739,7.076533
59759,7.076533
59779,7.076533
59799,7.076533
59819,7.076533
59839,7.076533
59859,7.076533
59879,7.076533
59899,7.076533
59919,7.076533
59939,7.076533
59959,7.076533
59979,7.076533
59999,7.076533
60019,7.076533
60039,7.076533
60059,7.076533
60079,7.076533
60099,7.076533
60119,7.076533
60139,7.076533
60159,7.076533
60179,7.076533
60199,7.076533
60219,7.076533
60239,7.076533
60259,7.076533
60279,7.076533
60299,7.076533
60319,7.076533
60339,7.076533
60359,7.076533
60379,7.076533
60399,7.076533
60419,7.076533
60439,7.076533
60459,7.076533
60479,7.076533
60499,7.076533
60519,7.076533
60539,7.076533
60559,7.076533
60579,7.076533
60599,7.076533
60619,7.076533
60639,7.076533
60659,7.076533
60679,7.076533
60699,7.076533
60719,3.678561
60739,7.076533
60759,7.076533
60779,7.076533
60799,7.076533
60819,7.076533
60839,7.076533
60859,7.076533
60879,7.076533
60899,7.076533
60919,7.076533
60939,7.076533
60959,7.076533
60979,7.076533
60999,7.076533
61019,7.076533
61039,7.076533
61059,7.076533
61079,7.076533
61099,7.076533
61119,7.076533
61139,7.076533
61159,7.076533
61179,7.076533
61199,7.076533
61219,7.076533
61239,7.076533
61259,7.076533
61279,7.076533
61299,7.076533
61319,7.076533
61339,7.076533
61359,7.076533
61379,7.076533
61399,7.076533
61419,7.076533
61439,7.076533
61459,7.076533
61479,7.076533
61499,7.076533
61519,7.076533
61539,7.076533
61559,7.076533
61579,7.076533
61599,7.076533
61619,7.076533
61639,7.076533
61659,7.076533
61679,7.076533
61699,7.076533
61719,7.076533
61739,7.076533
61759,7.076533
61779,7.076533
61799,7.076533
61819,7.076533
61839,7.076533
61859,7.076533
61879,7.076533
61899,7.076533
61919,7.076533
61939,5.120977
61959,7.076533
61979,7.076533
61999,7.076533
62019,7.076533
62039,7.076533
62059,7.076533
62079,7.076533
62099,7.076533
62119,7.076533
62139,7.076533
62159,7.076533
62179,7.076533
62199,7.076533
62219,7.076533
62239,7.076533
62259,7.076533
62279,7.076533
62299,7.076533
62319,7.076533
62339,7.076533
62359,7.076533
62379,7.076533
62399,7.076533
62419,7.076533
62439,7.076533
62459,7.076533
62479,7.076533
62499,7.076533
62519,7.076533
62539,7.076533
62559,7.076533
62579,7.076533
62599,7.076533
62619,7.076533
62639,7.076533
62659,7.076533
62679,7.076533
62699,7.076533
62719,7.076533
62739,7.076533
62759,7.076533
62779,7.076533
62799,7.076533
62819,7.076533
62839,7.076533
62859,7.076533
62879,7.076533
62899,7.076533
62919,7.076533
62939,7.076533
62959,7.076533
62979,7.076533
62999,7.076533
63019,7.076533
63039,7.076533
63059,7.076533
63079,7.076533
63099,7.076533
63119,7.076533
63139,7.076533
63159,7.076533
63179,7.076533
63199,7.076533
63219,7.076533
63239,7.076533
63259,7.076533
63279,7.076533
63299,7.076533
63319,7.076533
63339,7.076533
63359,7.076533
63379,7.076533
63399,7.076533
63419,7.076533
63439,7.076533
63459,7.076533
63479,7.076533
63499,7.076533
63519,7.076533
63539,7.076533
63559,7.076533
63579,7.076533
63599,7.076533
63619,7.076533
63639,7.076533
63659,7.076533
63679,7.076533
63699,7.076533
63719,7.076533
63739,7.076533
63759,7.076533
63779,7.076533
63799,7.076533
63819,7.076533
63839,7.076533
63859,7.076533
63879,7.076533
63899,7.076533
63919,7.076533
63939,7.076533
63959,7.076533
63979,7.076533
63999,7.076533
64019,7.076533
64039,7.076533
64059,7.076533
64079,7.076533
64099,7.076533
64119,7.076533
64139,7.076533
64159,7.076533
64179,7.688485
64199,7.076533
64219,7.076533
64239,7.076533
64259,7.076533
64279,7.076533
64299,7.076533
64319,7.076533
64339,7.076533
64359,7.076533
64379,7.076533
64399,7.076533
64419,7.076533
64439,7.076533
64459,7.076533
64479,7.076533
64499,7.076533
64519,7.076533
64539,7.076533
64559,7.076533
64579,7.076533
64599,7.076533
64619,7.076533
64639,7.076533
64659,7.076533
64679,7.076533
64699,5.165511
64719,7.076533
64739,7.076533
64759,7.076533
64779,7.076533
64799,7.076533
64819,7.076533
64839,7.076533
64859,7.076533
64879,7.076533
64899,7.076533
64919,7.076533
64939,7.076533
64959,7.076533
64979,7.076533
64999,7.076533
65019,7.076533
65039,7.076533
65059,7.076533
65079,7.076533
65099,7.076533
65119,7.076533
65139,7.076533
65159,7.076533
65179,7.076533
65199,7.076533
65219,7.076533
65239,7.076533
65259,7.076533
65279,7.076533
65299,7.169519
65319,7.076533
65339,7.076533
65359,7.076533
65379,7.076533
65399,7.076533
65419,7.076533
65439,7.076533
65459,7.076533
65479,7.076533
65499,7.076533
65519,7.076533
65539,7.076533
65559,7.076533
65579,7.076533
65599,7.076533
65619,7.076533
65639,7.076533
65659,7.076533
65679,7.076533
65699,7.076533
65719,7.076533
65739,7.076533
65759,7.076533
65779,7.076533
65799,7.076533
65819,7.076533
65839,7.076533
65859,7.076533
65879,7.076533
65899,7.076533
65919,7.076533
65939,7.076533
65959,7.076533
65979,7.076533
65999,7.076533
66019,7.076533
66039,7.076533
66059,7.076533
66079,7.076533
66099,7.076533
66119,7.076533
66139,7.076533
66159,7.076533
66179,7.076533
66199,7.076533
66219,7.076533
66239,7.076533
66259,7.076533
66279,7.076533
66299,7.076533
66319,7.076533
66339,7.076533
66359,7.076533
66379,7.076533
66399,7.076533
66419,7.076533
66439,7.076533
66459,7.076533
66479,7.076533
66499,7.076533
66519,7.076533
66539,7.076533
66559,7.076533
66579,7.076533
66599,7.076533
66619,7.076533
66639,7.076533
66659,7.076533
66679,7.076533
66699,7.076533
66719,7.076533
66739,7.076533
66759,7.076533
66779,7.076533
66799,7.076533
66819,7.076533
66839,7.076533
66859,7.076533
66879,7.076533
66899,7.076533
66919,7.076533
66939,7.076533
66959,7.076533
66979,7.076533
66999,7.076533
67019,7.076533
67039,7.076533
67059,7.076533
67079,7.076533
67099,7.076533
67119,7.076533
67139,7.076533
67159,7.076533
67179,7.076533
67199,7.076533
67219,7.076533
67239,7.076533
67259,7.076533
67279,7.076533
67299,7.076533
67319,7.076533
67339,7.076533
67359,7.076533
67379,7.076533
67399,7.076533
67419,7.076533
67439,7.076533
67459,7.076533
67479,7.076533
67499,7.076533
67519,7.076533
67539,7.076533
67559,7.076533
67579,7.076533
67599,7.076533
67619,7.076533
67639,7.076533
67659,7.076533
67679,7.076533
67699,7.076533
67719,7.076533
67739,7.076533
67759,7.076533
67779,7.076533
67799,7.076533
67819,7.076533
67839,7.076533
67859,7.076533
67879,7.076533
67899,7.076533
67919,7.076533
67939,7.076533
67959,7.076533
67979,7.076533
67999,7.076533
68019,7.076533
68039,7.076533
68059,7.076533
68079,7.076533
68099,7.076533
68119,7.076533
68139,7.076533
68159,7.076533
68179,7.076533
68199,7.076533
68219,7.076533
68239,7.076533
68259,7.076533
68279,7.076533
68299,7.076533
68319,7.076533
68339,7.076533
68359,7.076533
68379,7.076533
68399,7.076533
68419,7.076533
68439,7.076533
68459,7.076533
68479,7.076533
68499,7.076533
68519,7.076533
68539,7.076533
68559,7.076533
68579,7.076533
68599,7.076533
68619,7.076533
68639,7.076533
68659,7.076533
68679,7.076533
68699,7.076533
68719,7.076533
68739,7.076533
68759,7.076533
68779,7.076533
68799,7.076533
68819,7.076533
68839,7.076533
68859,7.076533
68879,7.076533
68899,7.076533
68919,7.076533
68939,7.076533
68959,7.076533
68979,7.076533
68999,7.076533
69019,7.076533
69039,7.076533
69059,7.076533
69079,7.076533
69099,7.076533
69119,7.076533
69139,7.076533
69159,7.076533
69179,7.076533
69199,7.076533
69219,7.476533
69239,7.076533
69259,7.076533
69279,7.076533
69299,7.076533
69319,7.076533
69339,7.076533
69359,7.076533
69379,7.076533
69399,7.076533
69419,7.076533
69439,7.076533
69459,7.076533
69479,7.076533
69499,7.076533
69519,7.076533
69539,7.076533
69559,7.076533
69579,7.076533
69599,7.076533
69619,7.076533
69639,6.830379
69659,7.076533
69679,6.131078
69699,6.861272
69719,6.459665
69739,6.459665
69759,7.076533
69779,7.076533
69799,7.076533
69819,7.076533
69839,6.459665
69859,7.076533
69879,7.076533
69899,6.459665
69919,7.076533
69939,7.076533
69959,7.076533
69979,7.076533
69999,5.746955
70019,7.076533
70039,7.076533
70059,7.076533
70079,7.076533
70099,7.076533
70119,7.076533
70139,7.076533
70159,7.076533
70179,7.076533
70199,7.076533
70219,7.076533
70239,7.076533
70259,7.076533
70279,7.076533
70299,7.076533
70319,7.076533
70339,7.076533
70359,7.076533
70379,7.076533
70399,7.076533
70419,7.076533
70439,7.076533
70459,7.076533
70479,7.076533
70499,7.076533
70519,7.076533
70539,7.076533
70559,7.076533
70579,7.076533
70599,7.076533
70619,7.105104
70639,7.076533
70659,7.076533
70679,7.076533
70699,7.076533
70719,7.076533
70739,7.076533
70759,7.076533
70779,7.076533
70799,7.076533
70819,7.076533
70839,7.076533
70859,7.076533
70879,7.076533
70899,7.076533
70919,7.076533
70939,7.076533
70959,7.076533
70979,7.076533
70999,7.076533
71019,7.076533
71039,7.076533
71059,7.076533
71079,7.076533
71099,7.076533
71119,7.076533
71139,7.076533
71159,7.076533
71179,7.076533
71199,7.076533
71219,7.076533
71239,7.076533
71259,7.076533
71279,7.076533
71299,7.076533
71319,7.076533
71339,7.076533
71359,7.076533
71379,7.076533
71399,7.076533
71419,7.076533
71439,7.076533
71459,7.076533
71479,7.076533
71499,7.076533
71519,7.076533
71539,7.076533
71559,7.076533
71579,7.076533
71599,7.076533
71619,7.076533
71639,7.076533
71659,7.076533
71679,7.076533
71699,7.076533
71719,7.076533
71739,7.076533
71759,7.076533
71779,7.076533
71799,7.076533
71819,7.076533
71839,7.076533
71859,7.076533
71879,7.076533
71899,7.076533
71919,7.076533
71939,7.076533
71959,7.076533
71979,7.076533
71999,7.076533
72019,7.076533
72039,7.076533
72059,7.076533
72079,7.076533
72099,6.705046
72119,7.076533
72139,7.076533
72159,7.076533
72179,7.076533
72199,7.076533
72219,7.076533
72239,7.076533
72259,7.076533
72279,7.076533
72299,7.076533
72319,7.076533
72339,7.076533
72359,7.076533
72379,7.076533
72399,7.076533
72419,7.076533
72439,7.076533
72459,7.076533
72479,7.076533
72499,7.076533
72519,7.076533
72539,7.076533
72559,7.076533
72579,7.076533
72599,7.076533
72619,7.076533
72639,7.076533
72659,7.076533
72679,7.076533
72699,7.076533
72719,8.127513
72739,7.076533
72759,7.076533
72779,7.076533
72799,7.076533
72819,7.076533
72839,7.076533
72859,7.076533
72879,7.076533
72899,7.076533
72919,7.076533
72939,7.169519
72959,7.076533
72979,7.076533
72999,7.076533
73019,7.076533
73039,7.076533
73059,7.076533
73079,7.076533
73099,7.076533
73119,7.076533
73139,7.076533
73159,7.076533
73179,7.076533
73199,7.076533
73219,7.076533
73239,7.076533
73259,7.076533
73279,7.076533
73299,7.076533
73319,7.076533
73339,7.076533
73359,7.076533
73379,7.076533
73399,7.076533
73419,7.076533
73439,7.076533
73459,7.076533
73479,7.076533
73499,7.076533
73519,7.076533
73539,7.076533
73559,7.076533
73579,7.076533
73599,7.076533
73619,7.688485
73639,7.076533
73659,7.076533
73679,7.076533
73699,7.076533
73719,7.076533
73739,7.076533
73759,7.076533
73779,7.076533
73799,7.076533
73819,7.076533
73839,7.076533
73859,7.076533
73879,7.076533
73899,7.076533
73919,7.076533
73939,7.076533
73959,7.076533
73979,7.076533
73999,7.076533
74019,7.076533
74039,7.076533
74059,7.076533
74079,7.076533
74099,7.076533
74119,7.076533
74139,7.076533
74159,7.076533
74179,7.076533
74199,7.076533
74219,7.076533
74239,7.076533
74259,7.076533
74279,7.076533
74299,7.076533
74319,7.076533
74339,7.076533
74359,7.076533
74379,7.076533
74399,7.076533
74419,7.076533
74439,7.076533
74459,7.076533
74479,7.076533
74499,7.076533
74519,7.076533
74539,7.076533
74559,7.076533
74579,7.076533
74599,7.076533
74619,7.076533
74639,7.076533
74659,7.076533
74679,7.076533
74699,7.076533
74719,7.076533
74739,7.076533
74759,7.076533
74779,7.076533
74799,7.076533
74819,7.076533
74839,7.076533
74859,7.076533
74879,7.076533
74899,7.076533
74919,7.076533
74939,7.076533
74959,7.076533
74979,7.076533
74999,7.076533
75019,7.076533
75039,7.076533
75059,7.076533
75079,7.076533
75099,7.076533
75119,7.076533
75139,7.076533
75159,7.076533
75179,7.076533
75199,7.076533
75219,7.076533
75239,7.076533
75259,7.076533
75279,7.076533
75299,7.076533
75319,7.076533
75339,7.076533
75359,7.076533
75379,7.076533
75399,7.076533
75419,7.076533
75439,7.076533
75459,7.076533
75479,7.076533
75499,7.076533
75519,7.076533
75539,7.076533
75559,7.076533
75579,7.076533
75599,7.076533
75619,7.076533
75639,7.076533
75659,7.076533
75679,7.076533
75699,7.076533
75719,7.076533
75739,7.076533
75759,7.076533
75779,7.076533
75799,7.076533
75819,7.076533
75839,7.076533
75859,7.076533
75879,7.076533
75899,7.076533
75919,7.076533
75939,7.076533
75959,7.076533
75979,7.076533
75999,7.076533
76019,7.076533
76039,7.076533
76059,7.076533
76079,7.076533
76099,7.076533
76119,7.076533
76139,7.076533
76159,7.076533
76179,7.076533
76199,7.076533
76219,7.076533
76239,7.076533
76259,7.076533
76279,7.076533
76299,7.076533
76319,7.076533
76339,7.076533
76359,7.076533
76379,7.076533
76399,7.076533
76419,7.076533
76439,7.076533
76459,7.076533
76479,7.076533
76499,7.076533
76519,7.076533
76539,7.076533
76559,7.076533
76579,7.076533
76599,7.076533
76619,7.076533
76639,7.076533
76659,7.076533
76679,7.076533
76699,7.076533
76719,7.076533
76739,7.076533
76759,7.076533
76779,7.076533
76799,7.076533
76819,7.076533
76839,7.076533
76859,7.076533
76879,7.076533
76899,7.076533
76919,7.076533
76939,7.076533
76959,7.076533
76979,7.076533
76999,7.076533
77019,7.076533
77039,7.076533
77059,7.076533
77079,7.076533
77099,7.076533
77119,7.076533
77139,7.076533
77159,7.076533
77179,7.076533
77199,7.076533
77219,7.076533
77239,7.076533
77259,7.076533
77279,7.076533
77299,7.076533
77319,7.076533
77339,7.076533
77359,7.076533
77379,7.076533
77399,7.076533
77419,7.076533
77439,7.076533
77459,7.076533
77479,7.076533
77499,7.076533
77519,7.076533
77539,7.076533
77559,7.076533
77579,7.076533
77599,7.076533
77619,7.076533
77639,7.076533
77659,7.076533
77679,7.076533
77699,7.076533
77719,7.076533
77739,7.076533
77759,7.076533
77779,7.076533
77799,7.076533
77819,7.076533
77839,7.076533
77859,7.076533
77879,7.076533
77899,7.076533
77919,7.076533
77939,7.076533
77959,7.076533
77979,7.076533
77999,7.076533
78019,7.076533
78039,7.076533
78059,7.076533
78079,7.076533
78099,7.076533
78119,7.076533
78139,7.076533
78159,7.076533
78179,7.076533
78199,7.076533
78219,7.076533
78239,7.076533
78259,7.076533
78279,7.076533
78299,7.076533
78319,7.076533
78339,7.076533
78359,7.076533
78379,7.076533
78399,7.076533
78419,7.076533
78439,7.076533
78459,7.076533
78479,7.076533
78499,7.076533
78519,7.076533
78539,7.076533
78559,7.076533
78579,7.076533
78599,7.076533
78619,7.076533
78639,7.076533
78659,7.076533
78679,7.076533
78699,7.076533
78719,7.076533
78739,7.076533
78759,7.076533
78779,7.076533
78799,7.076533
78819,7.076533
78839,7.076533
78859,7.076533
78879,7.076533
78899,7.076533
78919,7.076533
78939,7.076533
78959,7.076533
78979,7.076533
78999,7.076533
79019,7.076533
79039,7.076533
79059,7.076533
79079,7.076533
79099,7.076533
79119,7.076533
79139,7.076533
79159,7.076533
79179,7.076533
79199,7.076533
79219,7.076533
79239,6.768717
79259,7.076533
79279,7.076533
79299,7.076533
79319,7.076533
79339,7.076533
79359,7.076533
79379,7.076533
79399,7.076533
79419,7.076533
79439,7.076533
79459,7.076533
79479,7.076533
79499,5.429008
79519,7.076533
79539,7.076533
79559,7.076533
79579,7.076533
79599,7.076533
79619,7.076533
79639,7.076533
79659,7.076533
79679,7.076533
79699,7.076533
79719,7.076533
79739,7.076533
79759,7.076533
79779,7.076533
79799,7.076533
79819,7.076533
79839,7.076533
79859,7.076533
79879,7.076533
79899,7.076533
79919,7.076533
79939,7.076533
79959,7.076533
79979,7.076533
79999,7.076533
80019,7.076533
80039,7.076533
80059,7.076533
80079,7.076533
80099,7.076533
80119,7.076533
80139,7.076533
80159,7.076533
80179,7.076533
80199,7.076533
80219,7.076533
80239,7.076533
80259,7.076533
80279,7.076533
80299,7.076533
80319,7.076533
80339,7.076533
80359,7.076533
80379,7.076533
80399,7.076533
80419,7.076533
80439,7.076533
80459,7.076533
80479,7.076533
80499,7.076533
80519,7.076533
80539,7.076533
80559,7.076533
80579,7.076533
80599,7.076533
80619,7.076533
80639,7.076533
80659,7.076533
80679,7.076533
80699,7.076533
80719,7.076533
80739,7.076533
80759,7.076533
80779,7.076533
80799,7.076533
80819,7.076533
80839,7.076533
80859,7.076533
80879,7.076533
80899,7.076533
80919,7.076533
80939,7.076533
80959,7.076533
80979,7.076533
80999,7.076533
81019,7.076533
81039,7.076533
81059,7.169519
81079,7.076533
81099,7.076533
81119,7.076533
81139,7.076533
81159,7.076533
81179,7.076533
81199,7.076533
81219,7.076533
81239,7.076533
81259,7.076533
81279,7.076533
81299,7.076533
81319,7.076533
81339,7.076533
81359,7.076533
81379,7.076533
81399,7.076533
81419,7.076533
81439,7.076533
81459,7.076533
81479,7.076533
81499,7.076533
81519,7.076533
81539,7.076533
81559,7.076533
81579,7.076533
81599,7.076533
81619,7.076533
81639,7.076533
81659,7.076533
81679,7.076533
81699,7.076533
81719,7.076533
81739,7.076533
81759,7.076533
81779,7.076533
81799,7.076533
81819,7.076533
81839,7.076533
81859,7.076533
81879,7.076533
81899,7.076533
81919,7.076533
81939,7.076533
81959,7.076533
81979,7.076533
81999,7.076533
82019,7.076533
82039,7.076533
82059,7.076533
82079,7.076533
82099,7.076533
82119,7.076533
82139,7.076533
82159,7.076533
82179,7.076533
82199,7.076533
82219,7.076533
82239,7.076533
82259,7.076533
82279,7.076533
82299,7.076533
82319,7.076533
82339,7.076533
82359,7.076533
82379,7.076533
82399,7.076533
82419,7.076533
82439,7.076533
82459,7.076533
82479,7.076533
82499,7.076533
82519,7.076533
82539,7.076533
82559,7.076533
82579,7.076533
82599,7.076533
82619,7.076533
82639,7.076533
82659,7.076533
82679,7.076533
82699,7.076533
82719,7.076533
82739,7.076533
82759,7.076533
82779,7.076533
82799,7.076533
82819,7.076533
82839,7.076533
82859,7.076533
82879,7.076533
82899,7.076533
82919,7.076533
82939,7.076533
82959,7.076533
82979,7.076533
82999,7.076533
83019,7.076533
83039,7.076533
83059,7.076533
83079,7.076533
83099,7.076533
83119,7.076533
83139,7.076533
83159,7.076533
83179,7.076533
83199,7.076533
83219,7.076533
83239,7.076533
83259,7.076533
83279,7.076533
83299,7.076533
83319,7.076533
83339,7.076533
83359,7.076533
83379,7.076533
83399,7.076533
83419,7.076533
83439,7.076533
83459,7.076533
83479,7.076533
83499,7.076533
83519,7.076533
83539,7.076533
83559,7.076533
83579,7.076533
83599,7.076533
83619,7.076533
83639,7.076533
83659,7.076533
83679,7.076533
83699,7.076533
83719,7.076533
83739,7.076533
83759,7.076533
83779,7.076533
83799,7.076533
83819,7.076533
83839,7.076533
83859,7.076533
83879,7.076533
83899,7.076533
83919,7.076533
83939,7.076533
83959,7.076533
83979,7.076533
83999,7.076533
84019,7.076533
84039,7.076533
84059,7.076533
84079,7.076533
84099,7.076533
84119,7.076533
84139,7.076533
84159,7.076533
84179,7.076533
84199,7.076533
84219,7.076533
84239,7.076533
84259,7.076533
84279,7.076533
84299,7.076533
84319,7.076533
84339,7.076533
84359,7.076533
84379,7.076533
84399,7.076533
84419,5.165511
84439,7.076533
84459,7.076533
84479,7.076533
84499,7.076533
84519,7.076533
84539,7.076533
84559,7.076533
84579,7.076533
84599,7.076533
84619,7.076533
84639,7.076533
84659,7.076533
84679,7.076533
84699,7.076533
84719,7.076533
84739,7.076533
84759,7.076533
84779,7.076533
84799,7.076533
84819,7.076533
84839,7.076533
84859,7.076533
84879,7.076533
84899,7.076533
84919,7.076533
84939,7.076533
84959,7.076533
84979,7.076533
84999,7.076533
85019,7.076533
85039,7.076533
85059,7.076533
85079,7.076533
85099,7.076533
85119,7.076533
85139,7.076533
85159,7.076533
85179,7.076533
85199,7.076533
85219,7.076533
85239,7.076533
85259,7.076533
85279,7.076533
85299,7.076533
85319,7.076533
85339,7.076533
85359,7.076533
85379,7.076533
85399,7.076533
85419,7.076533
85439,7.076533
85459,7.076533
85479,7.076533
85499,7.076533
85519,7.076533
85539,7.076533
85559,7.076533
85579,7.076533
85599,7.076533
85619,7.076533
85639,7.076533
85659,7.076533
85679,7.076533
85699,7.076533
85719,7.076533
85739,7.076533
85759,7.076533
85779,7.076533
85799,7.076533
85819,7.076533
85839,7.076533
85859,7.076533
85879,7.076533
85899,7.076533
85919,7.076533
85939,7.076533
85959,7.076533
85979,7.076533
85999,7.076533
86019,7.076533
86039,7.076533
86059,7.076533
86079,7.076533
86099,7.076533
86119,7.076533
86139,7.076533
86159,7.076533
86179,7.076533
86199,7.076533
86219,7.076533
86239,7.076533
86259,7.076533
86279,7.076533
86299,7.076533
86319,7.076533
86339,7.076533
86359,7.076533
86379,7.076533
86399,7.076533
86419,7.076533
86439,7.076533
86459,7.076533
86479,7.076533
86499,7.076533
86519,7.076533
86539,7.076533
86559,7.076533
86579,7.076533
86599,7.076533
86619,7.076533
86639,7.076533
86659,7.076533
86679,7.076533
86699,7.076533
86719,7.076533
86739,7.076533
86759,7.076533
86779,7.076533
86799,7.076533
86819,7.076533
86839,7.076533
86859,7.076533
86879,7.076533
86899,7.076533
86919,7.076533
86939,7.076533
86959,7.076533
86979,7.076533
86999,7.076533
87019,7.076533
87039,7.076533
87059,7.076533
87079,7.076533
87099,7.076533
87119,7.076533
87139,7.076533
87159,7.076533
87179,7.076533
87199,7.076533
87219,7.076533
87239,7.076533
87259,7.076533
87279,7.076533
87299,7.076533
87319,7.076533
87339,7.076533
87359,7.076533
87379,7.076533
87399,7.076533
87419,7.076533
87439,7.076533
87459,7.076533
87479,7.076533
87499,7.076533
87519,7.076533
87539,7.076533
87559,7.076533
87579,7.076533
87599,7.076533
87619,7.076533
87639,7.076533
87659,7.076533
87679,7.076533
87699,7.076533
87719,7.076533
87739,7.076533
87759,7.076533
87779,7.076533
87799,7.076533
87819,7.076533
87839,7.076533
87859,7.076533
87879,7.076533
87899,7.076533
87919,7.076533
87939,7.076533
87959,7.076533
87979,7.076533
87999,7.076533
88019,7.076533
88039,7.076533
88059,7.076533
88079,7.076533
88099,7.076533
88119,7.076533
88139,7.076533
88159,7.076533
88179,7.076533
88199,7.076533
88219,7.076533
88239,7.076533
88259,7.076533
88279,7.076533
88299,7.076533
88319,7.076533
88339,7.076533
88359,7.076533
88379,7.076533
88399,7.076533
88419,7.076533
88439,7.076533
88459,7.076533
88479,7.076533
88499,7.076533
88519,7.076533
88539,7.076533
88559,7.076533
88579,7.076533
88599,7.076533
88619,7.076533
88639,7.076533
88659,7.076533
88679,7.076533
88699,7.076533
88719,7.076533
88739,7.076533
88759,7.076533
88779,7.076533
88799,7.076533
88819,7.076533
88839,7.076533
88859,7.076533
88879,7.076533
88899,7.076533
88919,7.076533
88939,7.076533
88959,7.076533
88979,7.076533
88999,7.688485
89019,7.169519
89039,7.076533
89059,7.076533
89079,7.076533
89099,7.076533
89119,7.076533
89139,7.076533
89159,7.076533
89179,7.076533
89199,7.076533
89219,7.076533
89239,7.076533
89259,7.076533
89279,7.076533
89299,7.076533
89319,7.076533
89339,7.076533
89359,7.076533
89379,7.076533
89399,7.076533
89419,7.076533
89439,7.076533
89459,7.076533
89479,7.076533
89499,7.076533
89519,7.076533
89539,7.076533
89559,7.076533
89579,7.076533
89599,7.076533
89619,7.076533
89639,7.076533
89659,7.076533
89679,7.076533
89699,7.076533
89719,7.076533
89739,7.076533
89759,7.076533
89779,7.076533
89799,7.076533
89819,7.076533
89839,7.076533
89859,7.076533
89879,7.076533
89899,7.076533
89919,7.076533
89939,7.076533
89959,7.076533
89979,7.076533
89999,7.076533
90019,7.076533
90039,7.076533
90059,7.076533
90079,7.076533
90099,7.076533
90119,7.076533
90139,7.076533
90159,7.076533
90179,7.076533
90199,7.076533
90219,7.076533
90239,7.076533
90259,7.076533
90279,7.076533
90299,7.076533
90319,7.076533
90339,7.076533
90359,7.076533
90379,7.076533
90399,7.076533
90419,7.076533
90439,7.076533
90459,7.076533
90479,7.076533
90499,7.076533
90519,7.076533
90539,7.076533
90559,7.076533
90579,7.076533
90599,7.076533
90619,7.076533
90639,7.076533
90659,7.076533
90679,7.076533
90699,7.076533
90719,7.076533
90739,7.076533
90759,7.076533
90779,7.076533
90799,7.076533
90819,7.076533
90839,7.076533
90859,7.076533
90879,7.076533
90899,7.076533
90919,7.076533
90939,7.076533
90959,7.076533
90979,7.076533
90999,7.076533
91019,7.076533
91039,7.076533
91059,7.076533
91079,7.076533
91099,7.076533
91119,7.076533
91139,7.076533
91159,7.076533
91179,7.076533
91199,7.076533
91219,7.076533
91239,7.076533
91259,7.076533
91279,7.076533
91299,7.076533
91319,7.076533
91339,7.076533
91359,7.076533
91379,7.076533
91399,7.076533
91419,7.076533
91439,7.076533
91459,7.076533
91479,7.076533
91499,7.076533
91519,7.076533
91539,7.076533
91559,7.076533
91579,7.076533
91599,7.076533
91619,7.076533
91639,7.076533
91659,7.076533
91679,7.076533
91699,7.076533
91719,7.076533
91739,7.076533
91759,7.076533
91779,7.076533
91799,7.076533
91819,7.076533
91839,7.076533
91859,7.076533
91879,7.076533
91899,7.076533
91919,7.076533
91939,7.076533
91959,7.076533
91979,7.076533
91999,7.076533
92019,7.076533
92039,7.076533
92059,7.076533
92079,7.076533
92099,7.076533
92119,7.076533
92139,7.076533
92159,7.076533
92179,7.076533
92199,7.076533
92219,7.076533
92239,7.076533
92259,7.076533
92279,7.076533
92299,7.076533
92319,7.076533
92339,7.076533
92359,7.076533
92379,7.076533
92399,7.076533
92419,7.076533
92439,7.076533
92459,7.076533
92479,7.076533
92499,7.076533
92519,7.076533
92539,7.076533
92559,7.076533
92579,7.076533
92599,7.076533
92619,7.076533
92639,7.076533
92659,7.076533
92679,7.076533
92699,7.076533
92719,7.076533
92739,7.076533
92759,7.076533
92779,7.076533
92799,7.076533
92819,7.076533
92839,7.076533
92859,7.076533
92879,7.076533
92899,7.076533
92919,7.076533
92939,7.076533
92959,7.076533
92979,7.076533
92999,7.076533
93019,7.076533
93039,7.076533
93059,7.076533
93079,7.076533
93099,7.076533
93119,7.076533
93139,7.076533
93159,7.076533
93179,7.076533
93199,7.076533
93219,7.076533
93239,7.076533
93259,7.076533
93279,7.076533
93299,7.076533
93319,7.076533
93339,7.076533
93359,7.076533
93379,7.076533
93399,7.076533
93419,7.076533
93439,7.076533
93459,7.076533
93479,7.076533
93499,7.076533
93519,7.076533
93539,7.076533
93559,7.076533
93579,7.076533
93599,7.076533
93619,7.076533
93639,7.076533
93659,7.076533
93679,7.076533
93699,7.076533
93719,7.076533
93739,7.076533
93759,7.076533
93779,7.076533
93799,7.076533
93819,7.076533
93839,7.076533
93859,7.076533
93879,7.076533
93899,7.076533
93919,7.076533
93939,7.076533
93959,7.076533
93979,7.076533
93999,7.076533
94019,7.076533
94039,7.076533
94059,7.076533
94079,7.076533
94099,7.076533
94119,7.076533
94139,7.076533
94159,7.076533
94179,7.076533
94199,6.799793
94219,7.076533
94239,7.076533
94259,7.076533
94279,7.076533
94299,7.076533
94319,7.076533
94339,7.076533
94359,7.076533
94379,7.076533
94399,7.076533
94419,7.076533
94439,7.076533
94459,7.076533
94479,7.076533
94499,7.076533
94519,7.076533
94539,7.076533
94559,7.076533
94579,7.076533
94599,7.076533
94619,7.076533
94639,7.076533
94659,7.076533
94679,7.076533
94699,7.076533
94719,7.076533
94739,7.076533
94759,7.076533
94779,7.076533
94799,7.076533
94819,7.076533
94839,7.076533
94859,7.076533
94879,7.076533
94899,7.076533
94919,7.076533
94939,7.076533
94959,7.076533
94979,7.076533
94999,7.076533
95019,7.076533
95039,7.076533
95059,7.076533
95079,7.076533
95099,7.076533
95119,7.076533
95139,7.076533
95159,7.076533
95179,7.076533
95199,7.076533
95219,7.076533
95239,7.076533
95259,7.076533
95279,7.076533
95299,7.076533
95319,7.076533
95339,7.076533
95359,7.076533
95379,7.076533
95399,7.076533
95419,7.076533
95439,7.076533
95459,7.076533
95479,7.076533
95499,7.076533
95519,7.076533
95539,7.076533
95559,7.076533
95579,7.076533
95599,7.076533
95619,7.076533
95639,7.076533
95659,7.076533
95679,7.076533
95699,7.076533
95719,7.076533
95739,7.076533
95759,7.076533
95779,7.076533
95799,7.076533
95819,7.076533
95839,7.076533
95859,7.076533
95879,7.076533
95899,7.076533
95919,7.076533
95939,7.076533
95959,7.076533
95979,7.076533
95999,7.076533
96019,7.076533
96039,7.076533
96059,7.076533
96079,7.076533
96099,7.076533
96119,7.076533
96139,7.076533
96159,7.076533
96179,7.076533
96199,7.076533
96219,7.076533
96239,7.076533
96259,7.076533
96279,7.076533
96299,7.076533
96319,7.076533
96339,7.076533
96359,7.076533
96379,7.076533
96399,7.076533
96419,7.076533
96439,7.076533
96459,7.076533
96479,7.076533
96499,7.076533
96519,7.076533
96539,7.076533
96559,7.076533
96579,7.076533
96599,7.076533
96619,7.076533
96639,7.076533
96659,7.076533
96679,7.076533
96699,7.076533
96719,7.076533
96739,7.076533
96759,7.076533
96779,7.076533
96799,7.076533
96819,7.076533
96839,7.076533
96859,7.076533
96879,7.076533
96899,7.076533
96919,7.076533
96939,7.076533
96959,7.076533
96979,7.076533
96999,7.076533
97019,7.076533
97039,7.076533
97059,7.076533
97079,7.076533
97099,7.076533
97119,7.076533
97139,7.076533
97159,7.076533
97179,7.076533
97199,7.076533
97219,7.076533
97239,7.076533
97259,7.076533
97279,7.076533
97299,7.076533
97319,7.076533
97339,7.076533
97359,7.076533
97379,7.076533
97399,7.076533
97419,7.076533
97439,7.076533
97459,7.076533
97479,7.076533
97499,7.076533
97519,7.076533
97539,7.076533
97559,7.076533
97579,7.076533
97599,7.076533
97619,7.076533
97639,7.076533
97659,7.076533
97679,7.076533
97699,7.076533
97719,7.076533
97739,7.076533
97759,7.076533
97779,7.076533
97799,7.076533
97819,7.076533
97839,7.076533
97859,7.076533
97879,7.076533
97899,7.076533
97919,7.076533
97939,7.076533
97959,7.076533
97979,7.076533
97999,7.076533
98019,7.076533
98039,7.076533
98059,7.076533
98079,7.076533
98099,7.076533
98119,7.076533
98139,7.076533
98159,7.076533
98179,7.076533
98199,7.076533
98219,7.076533
98239,7.076533
98259,7.076533
98279,7.076533
98299,7.076533
98319,7.076533
98339,7.076533
98359,7.076533
98379,7.076533
98399,7.076533
98419,7.076533
98439,7.076533
98459,7.076533
98479,7.076533
98499,7.076533
98519,7.076533
98539,7.076533
98559,7.076533
98579,7.076533
98599,7.076533
98619,7.076533
98639,7.197408
98659,7.076533
98679,7.076533
98699,7.076533
98719,7.076533
98739,7.076533
98759,7.076533
98779,7.076533
98799,7.076533
98819,7.076533
98839,7.076533
98859,7.076533
98879,7.076533
98899,7.076533
98919,7.076533
98939,7.076533
98959,7.076533
98979,7.076533
98999,7.076533
99019,7.076533
99039,7.076533
99059,7.076533
99079,7.076533
99099,7.076533
99119,7.076533
99139,7.076533
99159,7.076533
99179,7.076533
99199,7.076533
99219,7.076533
99239,7.076533
99259,7.076533
99279,7.076533
99299,7.076533
99319,7.076533
99339,7.076533
99359,7.076533
99379,7.076533
99399,7.076533
99419,7.076533
99439,7.076533
99459,7.076533
99479,7.076533
99499,6.276533
99519,7.076533
99539,7.076533
99559,5.696453
99579,7.076533
99599,7.076533
99619,7.076533
99639,7.076533
99659,7.076533
99679,7.076533
99699,7.076533
99719,7.076533
99739,7.076533
99759,7.076533
99779,7.076533
99799,7.076533
99819,7.076533
99839,7.076533
99859,7.076533
99879,7.076533
99899,7.076533
99919,7.076533
99939,7.076533
99959,7.076533
99979,7.076533
99999,7.076533
100019,7.076533
100039,7.076533
100059,7.076533
100079,7.076533
100099,7.076533
100119,7.076533
100139,7.076533
100159,7.076533
100179,7.076533
100199,7.076533
100219,7.076533
100239,7.076533
100259,7.076533
100279,7.076533
100299,7.076533
100319,7.076533
100339,7.076533
100359,7.076533
100379,7.076533
100399,7.076533
100419,7.076533
100439,7.076533
100459,7.076533
100479,7.076533
100499,7.076533
100519,7.076533
100539,7.076533
100559,7.076533
100579,7.076533
100599,7.076533
100619,7.076533
100639,7.076533
100659,7.076533
100679,7.076533
100699,7.076533
100719,7.076533
100739,7.076533
100759,7.076533
100779,7.076533
100799,7.076533
100819,7.076533
100839,7.076533
100859,7.076533
100879,7.076533
100899,7.076533
100919,7.076533
100939,7.076533
100959,7.076533
100979,7.076533
100999,7.076533
101019,7.076533
101039,7.076533
101059,7.076533
101079,6.276533
101099,7.076533
101119,7.076533
101139,7.076533
101159,7.076533
101179,7.076533
101199,7.076533
101219,7.076533
101239,7.076533
101259,7.076533
101279,7.076533
101299,7.076533
101319,7.076533
101339,7.409206
101359,7.076533
101379,7.076533
101399,7.076533
101419,7.076533
101439,7.076533
101459,7.076533
101479,7.076533
101499,7.076533
101519,7.076533
101539,7.076533
101559,7.076533
101579,7.076533
101599,7.076533
101619,7.076533
101639,7.076533
101659,7.076533
101679,7.076533
101699,7.076533
101719,7.076533
101739,7.076533
101759,7.076533
101779,7.076533
101799,7.076533
101819,7.076533
101839,7.076533
101859,7.076533
101879,7.076533
101899,7.076533
101919,7.076533
101939,7.076533
101959,7.076533
101979,7.076533
101999,7.076533
102019,7.076533
102039,7.076533
102059,7.076533
102079,7.076533
102099,7.076533
102119,7.076533
102139,7.076533
102159,7.076533
102179,7.076533
102199,7.076533
102219,7.076533
102239,7.076533
102259,7.076533
102279,7.076533
102299,7.076533
102319,7.076533
102339,7.076533
102359,7.076533
102379,7.076533
102399,7.076533
102419,7.076533
102439,7.076533
102459,7.076533
102479,7.076533
102499,7.076533
102519,7.076533
102539,7.076533
102559,7.076533
102579,7.076533
102599,7.076533
102619,7.076533
102639,7.076533
102659,7.076533
102679,7.076533
102699,7.076533
102719,7.076533
102739,7.076533
102759,7.076533
102779,7.076533
102799,7.076533
102819,7.076533
102839,7.076533
102859,7.076533
102879,7.076533
102899,7.076533
102919,7.076533
102939,7.076533
102959,7.076533
102979,7.076533
102999,7.076533
103019,7.076533
103039,7.076533
103059,7.076533
103079,7.076533
103099,7.076533
103119,7.076533
103139,7.076533
103159,7.076533
103179,7.076533
103199,7.076533
103219,7.076533
103239,7.076533
103259,7.076533
103279,7.076533
103299,7.076533
103319,7.076533
103339,7.076533
103359,7.076533
103379,7.076533
103399,7.076533
103419,7.076533
103439,7.076533
103459,7.076533
103479,7.076533
103499,7.076533
103519,7.076533
103539,7.076533
103559,7.076533
103579,7.076533
103599,7.076533
103619,7.076533
103639,7.076533
103659,7.076533
103679,7.076533
103699,7.076533
103719,7.076533
103739,7.076533
103759,7.076533
103779,7.076533
103799,7.076533
103819,7.076533
103839,7.076533
103859,7.076533
103879,7.076533
103899,7.076533
103919,7.076533
103939,7.076533
103959,7.076533
103979,7.076533
103999,7.076533
104019,7.076533
104039,7.076533
104059,7.076533
104079,7.076533
104099,7.076533
104119,7.076533
104139,7.076533
104159,7.076533
104179,7.076533
104199,7.076533
104219,7.076533
104239,7.076533
104259,7.076533
104279,7.076533
104299,7.076533
104319,7.076533
104339,7.076533
104359,7.076533
104379,7.076533
104399,7.076533
104419,7.076533
104439,7.076533
104459,7.076533
104479,7.076533
104499,7.076533
104519,7.076533
104539,7.076533
104559,7.076533
104579,7.076533
104599,7.076533
104619,7.076533
104639,7.076533
104659,7.076533
104679,7.076533
104699,7.076533
104719,7.076533
104739,7.076533
104759,7.076533
104779,7.076533
104799,7.076533
104819,7.076533
104839,7.076533
104859,7.076533
104879,7.076533
104899,7.076533
104919,7.076533
104939,7.827810
104959,7.076533
104979,7.076533
104999,7.076533
105019,7.076533
105039,7.076533
105059,7.076533
105079,7.076533
105099,7.076533
105119,7.076533
105139,7.076533
105159,7.076533
105179,7.076533
105199,7.076533
105219,7.076533
105239,7.076533
105259,7.076533
105279,7.076533
105299,7.076533
105319,7.076533
105339,7.076533
105359,7.076533
105379,7.076533
105399,7.076533
105419,7.076533
105439,7.076533
105459,7.076533
105479,7.076533
105499,7.076533
105519,7.076533
105539,7.076533
105559,7.076533
105579,7.076533
105599,7.076533
105619,7.076533
105639,7.076533
105659,7.076533
105679,7.076533
105699,7.076533
105719,7.076533
105739,7.076533
105759,7.076533
105779,7.076533
105799,7.076533
105819,7.076533
105839,7.076533
105859,7.076533
105879,7.076533
105899,7.076533
105919,7.076533
105939,7.076533
105959,7.076533
105979,7.076533
105999,7.076533
106019,7.076533
106039,7.076533
106059,7.076533
106079,7.076533
106099,7.076533
106119,7.076533
106139,7.076533
106159,7.076533
106179,7.076533
106199,7.076533
106219,7.076533
106239,7.076533
106259,7.076533
106279,7.076533
106299,7.076533
106319,7.076533
106339,7.076533
106359,7.076533
106379,7.076533
106399,7.076533
106419,7.076533
106439,7.076533
106459,7.076533
106479,7.076533
106499,7.076533
106519,7.076533
106539,7.076533
106559,7.076533
106579,7.076533
106599,7.076533
106619,7.076533
106639,7.076533
106659,7.076533
106679,7.076533
106699,7.076533
106719,7.076533
106739,7.076533
106759,7.076533
106779,7.076533
106799,7.076533
106819,7.076533
106839,7.076533
106859,7.076533
106879,7.076533
106899,7.076533
106919,7.076533
106939,7.076533
106959,7.076533
106979,7.076533
106999,7.076533
107019,7.076533
107039,7.076533
107059,7.076533
107079,7.076533
107099,7.076533
107119,7.076533
107139,7.076533
107159,7.076533
107179,7.076533
107199,7.076533
107219,7.076533
107239,7.076533
107259,7.076533
107279,7.076533
107299,7.076533
107319,7.076533
107339,7.076533
107359,7.076533
107379,7.076533
107399,7.076533
107419,7.076533
107439,7.076533
107459,7.076533
107479,7.076533
107499,7.076533
107519,7.076533
107539,7.076533
107559,7.076533
107579,7.076533
107599,7.076533
107619,7.076533
107639,7.076533
107659,7.076533
107679,7.076533
107699,7.076533
107719,7.076533
107739,7.076533
107759,7.076533
107779,7.076533
107799,7.076533
107819,7.076533
107839,7.076533
107859,7.076533
107879,7.076533
107899,7.076533
107919,7.076533
107939,7.076533
107959,7.076533
107979,7.076533
107999,7.076533
108019,7.076533
108039,7.076533
108059,7.076533
108079,7.076533
108099,7.076533
108119,7.076533
108139,7.076533
108159,7.076533
108179,7.076533
108199,7.076533
108219,7.076533
108239,7.076533
108259,7.076533
108279,7.076533
108299,7.076533
108319,7.076533
108339,7.076533
108359,7.076533
108379,7.076533
108399,7.076533
108419,7.076533
108439,7.076533
108459,7.076533
108479,7.076533
108499,7.076533
108519,7.076533
108539,7.076533
108559,7.076533
108579,7.076533
108599,7.076533
108619,7.076533
108639,7.076533
108659,7.076533
108679,7.076533
108699,7.076533
108719,7.076533
108739,7.076533
108759,7.076533
108779,7.076533
108799,7.076533
108819,7.076533
108839,7.076533
108859,7.076533
108879,7.076533
108899,7.076533
108919,7.076533
108939,7.076533
108959,7.076533
108979,7.076533
108999,7.076533
109019,7.076533
109039,7.076533
109059,7.076533
109079,7.076533
109099,7.076533
109119,7.076533
109139,7.076533
109159,7.076533
109179,7.076533
109199,7.076533
109219,7.076533
109239,7.076533
109259,7.076533
109279,7.076533
109299,7.076533
109319,7.076533
109339,7.076533
109359,7.076533
109379,7.076533
109399,7.076533
109419,7.076533
109439,7.076533
109459,7.076533
109479,7.076533
109499,7.076533
109519,7.076533
109539,7.076533
109559,7.076533
109579,7.076533
109599,7.076533
109619,7.076533
109639,7.076533
109659,7.076533
109679,7.076533
109699,7.076533
109719,7.076533
109739,7.076533
109759,7.076533
109779,7.076533
109799,7.076533
109819,7.076533
109839,7.076533
109859,7.076533
109879,7.076533
109899,7.076533
109919,7.076533
109939,7.076533
109959,7.076533
109979,7.076533
109999,7.076533
110019,7.076533
110039,7.076533
110059,7.076533
110079,7.076533
110099,7.076533
110119,7.169519
110139,7.076533
110159,7.076533
110179,7.076533
110199,7.076533
110219,7.076533
110239,7.076533
110259,7.076533
110279,7.076533
110299,7.076533
110319,7.076533
110339,7.076533
110359,7.076533
110379,7.076533
110399,7.076533
110419,7.076533
110439,7.076533
110459,7.076533
110479,7.076533
110499,7.076533
110519,7.076533
110539,7.076533
110559,7.076533
110579,7.076533
110599,7.076533
110619,7.076533
110639,7.076533
110659,7.076533
110679,7.076533
110699,7.076533
110719,7.076533
110739,7.076533
110759,7.076533
110779,7.076533
110799,7.076533
110819,7.076533
110839,7.076533
110859,7.076533
110879,7.076533
110899,7.076533
110919,7.076533
110939,7.076533
110959,7.076533
110979,7.076533
110999,7.076533
111019,7.076533
111039,7.076533
111059,7.076533
111079,7.076533
111099,7.076533
111119,7.076533
111139,7.076533
111159,7.076533
111179,7.076533
111199,7.076533
111219,7.076533
111239,7.076533
111259,7.076533
111279,7.076533
111299,7.076533
111319,7.076533
111339,7.076533
111359,7.076533
111379,7.076533
111399,7.076533
111419,7.076533
111439,7.076533
111459,7.076533
111479,7.076533
111499,7.076533
111519,7.076533
111539,7.076533
111559,7.076533
111579,7.076533
111599,7.076533
111619,7.076533
111639,7.076533
111659,7.076533
111679,7.076533
111699,7.076533
111719,7.076533
111739,7.076533
111759,7.076533
111779,7.076533
111799,7.076533
111819,7.076533
111839,7.076533
111859,7.076533
111879,7.076533
111899,7.076533
111919,7.076533
111939,7.076533
111959,7.076533
111979,7.076533
111999,7.076533
112019,7.076533
112039,7.076533
112059,7.076533
112079,7.076533
112099,7.076533
112119,7.076533
112139,7.076533
112159,7.076533
112179,7.076533
112199,7.076533
112219,7.076533
112239,7.076533
112259,7.076533
112279,7.076533
112299,7.076533
112319,7.076533
112339,7.076533
112359,7.076533
112379,7.076533
112399,7.076533
112419,7.076533
112439,7.076533
112459,7.076533
112479,7.076533
112499,7.076533
112519,7.076533
112539,7.076533
112559,7.076533
112579,7.076533
112599,7.076533
112619,7.076533
112639,7.076533
112659,7.076533
112679,7.076533
112699,7.076533
112719,7.076533
112739,7.076533
112759,7.076533
112779,7.076533
112799,7.076533
112819,7.076533
112839,7.076533
112859,7.076533
112879,7.076533
112899,7.076533
112919,7.076533
112939,7.076533
112959,7.076533
112979,7.076533
112999,7.076533
113019,7.076533
113039,7.076533
113059,7.076533
113079,7.076533
113099,7.076533
113119,7.076533
113139,7.076533
113159,7.076533
113179,7.076533
113199,7.076533
113219,7.076533
113239,7.076533
113259,7.076533
113279,7.076533
113299,7.076533
113319,7.076533
113339,7.076533
113359,7.076533
113379,7.076533
113399,7.076533
113419,7.076533
113439,7.076533
113459,7.076533
113479,7.076533
113499,7.076533
113519,7.076533
113539,7.076533
113559,7.076533
113579,7.076533
113599,7.076533
113619,7.076533
113639,7.076533
113659,7.076533
113679,7.076533
113699,7.076533
113719,7.076533
113739,7.076533
113759,7.076533
113779,7.076533
113799,7.076533
113819,7.076533
113839,7.076533
113859,7.076533
113879,7.076533
113899,7.076533
113919,7.076533
113939,7.076533
113959,7.076533
113979,7.076533
113999,7.076533
114019,7.076533
114039,7.076533
114059,7.076533
114079,7.076533
114099,7.076533
114119,7.076533
114139,7.076533
114159,7.076533
114179,7.076533
114199,7.076533
114219,7.076533
114239,7.076533
114259,7.076533
114279,7.076533
114299,7.076533
114319,7.076533
114339,7.076533
114359,7.076533
114379,7.076533
114399,7.076533
114419,7.076533
114439,7.076533
114459,7.076533
114479,7.076533
114499,7.076533
114519,7.076533
114539,7.076533
114559,7.076533
114579,7.076533
114599,7.076533
114619,7.076533
114639,7.076533
114659,7.076533
114679,7.076533
114699,7.076533
114719,7.076533
114739,7.076533
114759,7.076533
114779,7.076533
114799,7.076533
114819,7.076533
114839,7.076533
114859,7.076533
114879,7.076533
114899,7.076533
114919,7.076533
114939,7.076533
114959,7.076533
114979,7.076533
114999,7.076533
115019,7.076533
115039,7.076533
115059,7.076533
115079,7.076533
115099,7.076533
115119,7.076533
115139,7.076533
115159,7.076533
115179,7.076533
115199,7.076533
115219,7.076533
115239,7.076533
115259,7.076533
115279,7.076533
115299,7.076533
115319,7.076533
115339,7.076533
115359,7.076533
115379,7.076533
115399,7.076533
115419,7.076533
115439,7.076533
115459,7.076533
115479,7.076533
115499,7.076533
115519,7.076533
115539,7.076533
115559,7.076533
115579,7.076533
115599,7.076533
115619,7.076533
115639,7.076533
115659,7.076533
115679,7.076533
115699,7.076533
115719,7.076533
115739,7.076533
115759,7.076533
115779,7.076533
115799,7.076533
115819,7.076533
115839,7.076533
115859,7.076533
115879,7.076533
115899,7.076533
115919,7.076533
115939,7.076533
115959,7.076533
115979,7.076533
115999,7.076533
116019,7.076533
116039,7.076533
116059,7.076533
116079,7.076533
116099,7.076533
116119,7.076533
116139,7.076533
116159,7.076533
116179,7.076533
116199,7.076533
116219,7.076533
116239,7.076533
116259,7.076533
116279,7.076533
116299,7.076533
116319,7.076533
116339,7.076533
116359,7.076533
116379,7.076533
116399,7.076533
116419,7.076533
116439,7.076533
116459,7.076533
116479,7.076533
116499,7.076533
116519,7.076533
116539,7.076533
116559,7.076533
116579,7.076533
116599,7.076533
116619,7.076533
116639,7.076533
116659,7.076533
116679,7.076533
116699,7.076533
116719,7.076533
116739,7.076533
116759,7.076533
116779,7.076533
116799,7.076533
116819,7.076533
116839,7.076533
116859,7.076533
116879,7.076533
116899,7.076533
116919,7.076533
116939,7.076533
116959,7.076533
116979,7.076533
116999,7.076533
117019,7.076533
117039,7.076533
117059,7.076533
117079,7.076533
117099,7.076533
117119,7.076533
117139,7.076533
117159,7.076533
117179,7.076533
117199,7.076533
117219,7.076533
117239,7.076533
117259,7.076533
117279,7.076533
117299,7.076533
117319,7.076533
117339,7.076533
117359,7.076533
117379,7.076533
117399,7.076533
117419,7.076533
117439,7.076533
117459,7.076533
117479,7.076533
117499,7.076533
117519,7.076533
117539,7.076533
117559,7.076533
117579,7.076533
117599,7.076533
117619,7.076533
117639,7.076533
117659,7.076533
117679,7.076533
117699,7.076533
117719,7.076533
117739,7.076533
117759,7.076533
117779,7.076533
117799,7.076533
117819,7.076533
117839,7.076533
117859,7.076533
117879,7.076533
117899,7.076533
117919,7.076533
117939,7.076533
117959,7.076533
117979,7.076533
117999,7.076533
118019,7.076533
118039,7.076533
118059,7.076533
118079,7.712106
118099,7.076533
118119,7.076533
118139,7.076533
118159,7.076533
118179,7.076533
118199,7.076533
118219,7.076533
118239,7.076533
118259,7.076533
118279,7.076533
118299,7.076533
118319,7.076533
118339,7.076533
118359,7.076533
118379,7.076533
118399,7.076533
118419,7.076533
118439,7.076533
118459,7.076533
118479,7.076533
118499,7.076533
118519,7.076533
118539,7.076533
118559,7.076533
118579,7.076533
118599,7.076533
118619,7.076533
118639,7.076533
118659,7.076533
118679,7.076533
118699,7.076533
118719,7.076533
118739,7.076533
118759,7.076533
118779,7.076533
118799,7.076533
118819,7.076533
118839,7.076533
118859,7.076533
118879,7.076533
118899,7.076533
118919,7.076533
118939,7.076533
118959,7.076533
118979,7.076533
118999,7.076533
119019,7.076533
119039,7.076533
119059,7.076533
119079,7.076533
119099,7.076533
119119,7.076533
119139,7.076533
119159,7.076533
119179,7.076533
119199,7.076533
119219,7.076533
119239,7.076533
119259,7.076533
119279,7.076533
119299,7.076533
119319,7.076533
119339,7.076533
119359,7.076533
119379,7.076533
119399,7.076533
119419,7.076533
119439,7.076533
119459,7.076533
119479,7.076533
119499,7.076533
119519,7.076533
119539,7.076533
119559,7.076533
119579,7.076533
119599,7.076533
119619,7.076533
119639,7.076533
119659,7.076533
119679,7.076533
119699,7.076533
119719,7.076533
119739,7.076533
119759,7.076533
119779,7.076533
119799,7.076533
119819,7.076533
119839,7.076533
119859,7.076533
119879,7.076533
119899,7.076533
119919,7.076533
119939,7.076533
119959,7.076533
119979,7.076533
119999,7.076533
