19,-28.307692
39,-28.307692
59,-28.307692
79,-4.592277
99,1.852247
119,-0.467692
139,-26.039261
159,-28.307692
179,-28.307692
199,-15.620468
219,-23.612857
239,-28.307692
259,-0.546956
279,-15.538063
299,-8.775138
319,-25.973062
339,-0.679143
359,0.504568
379,-23.891869
399,-28.307692
419,-28.307692
439,-25.829141
459,-0.158392
479,2.097197
499,-28.307692
519,6.866726
539,-0.694588
559,-28.307692
579,10.510873
599,6.606101
619,-4.853877
639,2.984825
659,-0.610676
679,-28.307692
699,-28.307692
719,6.353075
739,-11.452784
759,2.878252
779,-15.364430
799,-28.307692
819,-24.523909
839,1.316132
859,2.923539
879,1.099544
899,6.909699
919,-15.634081
939,-28.107292
959,2.262650
979,0.526664
999,-28.307692
1019,8.824924
1039,5.123393
1059,8.841336
1079,9.978022
1099,8.637762
1119,8.921745
1139,2.461538
1159,6.343638
1179,7.396226
1199,6.538574
1219,7.063487
1239,6.468537
1259,6.538574
1279,7.173843
1299,8.545913
1319,6.582819
1339,8.686527
1359,9.183295
1379,7.683529
1399,6.943582
1419,8.659817
1439,7.020775
1459,7.777041
1479,7.140885
1499,9.102380
1519,8.332424
1539,8.633145
1559,8.633145
1579,6.995006
1599,8.148372
1619,8.750707
1639,8.637762
1659,8.172994
1679,8.187601
1699,7.166760
1719,8.477246
1739,9.021812
1759,8.793757
1779,9.219267
1799,7.202212
1819,8.750707
1839,9.219267
1859,7.437604
1879,9.219267
1899,7.530458
1919,8.750707
1939,9.219267
1959,9.219267
1979,8.941591
1999,9.102380
2019,8.750707
2039,8.173923
2059,8.724008
2079,9.219267
2099,9.219267
2119,9.219267
2139,9.219267
2159,8.633145
2179,9.219267
2199,8.724008
2219,9.102380
2239,9.102380
2259,9.219267
2279,9.102380
2299,9.102380
2319,8.724008
2339,9.219267
2359,8.724008
2379,9.219267
2399,9.219267
2419,9.219267
2439,9.102380
2459,9.219267
2479,8.633145
2499,8.477246
2519,9.219267
2539,8.477246
2559,8.724008
2579,8.724008
2599,8.724008
2619,9.102380
2639,8.477246
2659,8.477246
2679,9.102380
2699,8.724008
2719,9.102380
2739,8.477246
2759,8.477246
2779,8.724008
2799,8.477246
2819,9.102380
2839,8.750707
2859,8.724008
2879,9.219267
2899,9.219267
2919,8.477246
2939,8.477246
2959,9.219267
2979,8.921745
2999,9.102380
3019,8.724008
3039,9.219267
3059,9.219267
3079,9.219267
3099,8.477246
3119,9.102380
3139,9.219267
3159,8.724008
3179,9.102380
3199,9.219267
3219,9.102380
3239,9.219267
3259,9.102380
3279,9.102380
3299,9.219267
3319,9.219267
3339,9.102380
3359,9.102380
3379,9.219267
3399,9.219267
3419,8.187601
3439,9.102380
3459,8.724008
3479,9.102380
3499,8.187601
3519,9.102380
3539,9.219267
3559,8.187601
3579,9.219267
3599,8.724008
3619,9.102380
3639,9.219267
3659,9.102380
3679,9.102380
3699,9.219267
3719,9.219267
3739,9.219267
3759,9.102380
3779,9.219267
3799,9.219267
3819,9.102380
3839,9.219267
3859,9.102380
3879,9.102380
3899,9.219267
3919,9.219267
3939,9.219267
3959,7.871758
3979,9.102380
3999,9.102380
4019,9.102380
4039,9.219267
4059,9.102380
4079,9.219267
4099,9.102380
4119,9.219267
4139,9.219267
4159,9.102380
4179,9.102380
4199,9.102380
4219,9.102380
4239,9.102380
4259,9.102380
4279,9.102380
4299,9.219267
4319,9.102380
4339,9.102380
4359,9.102380
4379,9.102380
4399,9.102380
4419,9.102380
4439,9.102380
4459,9.102380
4479,9.102380
4499,9.102380
4519,9.102380
4539,9.102380
4559,9.102380
4579,9.102380
4599,9.102380
4619,9.102380
4639,9.102380
4659,9.192308
4679,9.102380
4699,9.102380
4719,9.102380
4739,9.102380
4759,9.102380
4779,9.102380
4799,9.102380
4819,9.219267
4839,9.102380
4859,9.102380
4879,9.102380
4899,9.219267
4919,9.102380
4939,9.219267
4959,9.102380
4979,9.102380
4999,9.102380
5019,9.102380
5039,9.102380
5059,9.102380
5079,9.102380
5099,9.102380
5119,9.102380
5139,9.102380
5159,9.219267
5179,9.102380
5199,9.102380
5219,9.102380
5239,9.219267
5259,9.102380
5279,9.219267
5299,9.102380
5319,9.102380
5339,9.102380
5359,9.219267
5379,9.102380
5399,9.219267
5419,9.102380
5439,9.102380
5459,9.102380
5479,9.102380
5499,9.219267
5519,9.102380
5539,8.279437
5559,9.102380
5579,9.102380
5599,9.102380
5619,9.219267
5639,9.102380
5659,9.102380
5679,9.102380
5699,9.102380
5719,9.219267
5739,9.102380
5759,9.219267
5779,9.102380
5799,9.219267
5819,9.192308
5839,9.219267
5859,9.102380
5879,9.102380
5899,9.219267
5919,9.102380
5939,9.102380
5959,9.219267
5979,9.102380
5999,9.102380
6019,9.102380
6039,9.102380
6059,9.219267
6079,9.219267
6099,9.102380
6119,9.219267
6139,9.102380
6159,9.102380
6179,9.102380
6199,9.102380
6219,9.102380
6239,9.102380
6259,9.219267
6279,9.102380
6299,9.102380
6319,9.219267
6339,9.102380
6359,9.219267
6379,9.102380
6399,9.219267
6419,9.102380
6439,9.102380
6459,9.102380
6479,9.219267
6499,9.102380
6519,9.219267
6539,9.102380
6559,9.102380
6579,9.102380
6599,9.219267
6619,9.219267
6639,9.192308
6659,9.102380
6679,9.102380
6699,9.219267
6719,9.219267
6739,9.102380
6759,9.102380
6779,9.102380
6799,9.102380
6819,9.219267
6839,9.102380
6859,9.219267
6879,9.102380
6899,9.102380
6919,9.219267
6939,9.102380
6959,9.219267
6979,9.102380
6999,9.102380
7019,9.102380
7039,9.102380
7059,9.102380
7079,9.219267
7099,9.102380
7119,9.102380
7139,9.102380
7159,9.102380
7179,9.219267
7199,9.102380
7219,9.219267
7239,9.102380
7259,9.219267
7279,9.102380
7299,9.219267
7319,9.102380
7339,9.102380
7359,9.219267
7379,9.102380
7399,9.219267
7419,9.102380
7439,9.219267
7459,9.102380
7479,9.102380
7499,9.102380
7519,9.102380
7539,9.102380
7559,9.102380
7579,9.102380
7599,9.102380
7619,9.102380
7639,9.102380
7659,9.102380
7679,9.102380
7699,9.219267
7719,9.102380
7739,9.219267
7759,9.102380
7779,8.633145
7799,9.102380
7819,9.102380
7839,9.102380
7859,9.102380
7879,9.102380
7899,9.219267
7919,9.102380
7939,9.219267
7959,9.102380
7979,9.219267
7999,9.102380
8019,9.219267
8039,9.219267
8059,9.219267
8079,9.102380
8099,9.102380
8119,9.102380
8139,9.102380
8159,9.219267
8179,9.102380
8199,9.219267
8219,9.102380
8239,9.102380
8259,9.219267
8279,9.219267
8299,9.102380
8319,9.102380
8339,9.219267
8359,9.102380
8379,9.102380
8399,9.102380
8419,9.102380
8439,9.102380
8459,9.102380
8479,9.219267
8499,9.219267
8519,9.102380
8539,9.219267
8559,9.102380
8579,9.102380
8599,9.102380
8619,9.102380
8639,9.102380
8659,9.102380
8679,9.102380
8699,9.102380
8719,9.102380
8739,9.219267
8759,9.102380
8779,9.102380
8799,9.102380
8819,9.102380
8839,9.102380
8859,9.102380
8879,9.102380
8899,9.219267
8919,9.102380
8939,9.219267
8959,9.102380
8979,9.102380
8999,9.102380
9019,9.102380
9039,9.219267
9059,9.102380
9079,9.102380
9099,9.102380
9119,9.102380
9139,9.102380
9159,9.102380
9179,9.102380
9199,9.102380
9219,9.102380
9239,9.219267
9259,9.102380
9279,9.219267
9299,9.102380
9319,9.219267
9339,9.102380
9359,9.102380
9379,9.219267
9399,9.102380
9419,9.219267
9439,9.102380
9459,9.102380
9479,9.102380
9499,9.102380
9519,9.102380
9539,9.102380
9559,9.219267
9579,9.102380
9599,9.102380
9619,9.102380
9639,9.102380
9659,9.102380
9679,9.102380
9699,9.102380
9719,9.219267
9739,9.102380
9759,9.102380
9779,9.102380
9799,9.102380
9819,9.102380
9839,9.102380
9859,9.102380
9879,9.102380
9899,9.102380
9919,9.102380
9939,9.102380
9959,9.102380
9979,9.102380
9999,9.102380
10019,9.102380
10039,9.219267
10059,9.102380
10079,9.102380
10099,9.102380
10119,9.102380
10139,9.102380
10159,9.102380
10179,9.219267
10199,9.102380
10219,9.102380
10239,9.102380
10259,9.102380
10279,9.102380
10299,9.219267
10319,9.102380
10339,9.102380
10359,9.102380
10379,9.102380
10399,9.102380
10419,9.102380
10439,9.102380
10459,9.102380
10479,9.102380
10499,9.102380
10519,9.102380
10539,9.102380
10559,9.102380
10579,9.102380
10599,9.102380
10619,9.102380
10639,9.102380
10659,9.102380
10679,9.102380
10699,9.102380
10719,9.102380
10739,9.102380
10759,9.102380
10779,9.102380
10799,9.102380
10819,9.102380
10839,9.102380
10859,9.102380
10879,9.102380
10899,9.102380
10919,9.102380
10939,9.102380
10959,9.102380
10979,9.102380
10999,9.102380
11019,9.102380
11039,9.102380
11059,9.102380
11079,9.102380
11099,9.102380
11119,9.102380
11139,9.102380
11159,9.102380
11179,9.102380
11199,9.102380
11219,9.102380
11239,9.102380
11259,9.102380
11279,9.102380
11299,9.219267
11319,9.102380
11339,9.102380
11359,9.102380
11379,9.102380
11399,9.102380
11419,9.102380
11439,9.102380
11459,9.102380
11479,9.102380
11499,9.102380
11519,9.102380
11539,9.102380
11559,9.102380
11579,9.102380
11599,9.102380
11619,9.102380
11639,9.102380
11659,9.102380
11679,9.219267
11699,9.102380
11719,9.102380
11739,9.102380
11759,9.102380
11779,9.102380
11799,9.102380
11819,9.102380
11839,9.102380
11859,9.102380
11879,9.102380
11899,9.102380
11919,9.102380
11939,9.102380
11959,9.102380
11979,9.102380
11999,9.102380
12019,9.102380
12039,9.102380
12059,9.102380
12079,9.102380
12099,9.102380
12119,9.102380
12139,9.102380
12159,9.102380
12179,9.102380
12199,9.102380
12219,9.102380
12239,9.219267
12259,9.102380
12279,9.102380
12299,9.102380
12319,9.102380
12339,9.102380
12359,9.102380
12379,9.102380
12399,9.102380
12419,9.102380
12439,9.102380
12459,9.102380
12479,9.102380
12499,9.102380
12519,9.102380
12539,9.102380
12559,9.102380
12579,9.102380
12599,9.102380
12619,9.102380
12639,9.102380
12659,9.102380
12679,9.102380
12699,9.102380
12719,9.102380
12739,9.102380
12759,9.102380
12779,9.102380
12799,9.102380
12819,9.102380
12839,9.102380
12859,9.102380
12879,9.102380
12899,9.102380
12919,9.102380
12939,9.102380
12959,9.102380
12979,9.102380
12999,9.102380
13019,9.102380
13039,9.102380
13059,9.102380
13079,9.102380
13099,9.102380
13119,9.102380
13139,9.102380
13159,9.102380
13179,9.102380
13199,9.102380
13219,9.102380
13239,9.102380
13259,9.102380
13279,9.102380
13299,9.102380
13319,9.102380
13339,9.102380
13359,9.102380
13379,9.102380
13399,9.102380
13419,9.102380
13439,9.102380
13459,9.102380
13479,9.102380
13499,9.102380
13519,9.102380
13539,9.102380
13559,9.102380
13579,9.102380
13599,9.102380
13619,9.102380
13639,9.102380
13659,9.102380
13679,9.102380
13699,9.102380
13719,9.102380
13739,9.102380
13759,9.102380
13779,9.102380
13799,9.102380
13819,9.102380
13839,9.102380
13859,9.102380
13879,9.102380
13899,9.102380
13919,9.102380
13939,9.102380
13959,9.102380
13979,9.102380
13999,9.102380
14019,9.102380
14039,9.102380
14059,9.102380
14079,9.102380
14099,9.102380
14119,9.102380
14139,9.102380
14159,9.102380
14179,9.102380
14199,9.102380
14219,9.102380
14239,9.102380
14259,9.102380
14279,9.102380
14299,9.102380
14319,9.102380
14339,9.102380
14359,9.102380
14379,9.102380
14399,9.102380
14419,9.102380
14439,9.102380
14459,9.102380
14479,9.102380
14499,9.102380
14519,9.102380
14539,9.102380
14559,9.102380
14579,9.102380
14599,9.219267
14619,9.102380
14639,9.102380
14659,9.102380
14679,9.102380
14699,9.219267
14719,9.102380
14739,9.102380
14759,9.102380
14779,9.102380
14799,9.102380
14819,9.102380
14839,9.102380
14859,9.102380
14879,9.102380
14899,9.102380
14919,9.102380
14939,9.102380
14959,9.102380
14979,9.102380
14999,9.102380
15019,9.102380
15039,9.102380
15059,9.102380
15079,9.102380
15099,9.102380
15119,9.102380
15139,9.102380
15159,9.102380
15179,9.102380
15199,9.102380
15219,9.102380
15239,9.102380
15259,9.102380
15279,9.102380
15299,9.102380
15319,9.102380
15339,9.102380
15359,9.102380
15379,9.102380
15399,9.102380
15419,9.102380
15439,9.102380
15459,9.102380
15479,9.102380
15499,9.102380
15519,9.102380
15539,9.102380
15559,9.102380
15579,9.102380
15599,9.102380
15619,9.102380
15639,9.102380
15659,9.102380
15679,9.102380
15699,9.102380
15719,9.102380
15739,9.102380
15759,9.102380
15779,9.102380
15799,9.102380
15819,9.102380
15839,9.102380
15859,9.102380
15879,9.102380
15899,9.102380
15919,9.102380
15939,9.102380
15959,9.102380
15979,9.102380
15999,9.102380
16019,9.102380
16039,9.102380
16059,9.102380
16079,9.102380
16099,9.102380
16119,9.102380
16139,9.102380
16159,9.102380
16179,9.102380
16199,9.192308
16219,9.102380
16239,9.102380
16259,9.102380
16279,9.102380
16299,9.102380
16319,9.102380
16339,9.102380
16359,9.102380
16379,9.102380
16399,9.102380
16419,9.102380
16439,9.102380
16459,9.102380
16479,9.102380
16499,9.102380
16519,9.102380
16539,9.102380
16559,9.102380
16579,9.102380
16599,9.102380
16619,9.102380
16639,9.102380
16659,9.102380
16679,9.102380
16699,9.102380
16719,9.102380
16739,9.102380
16759,9.102380
16779,9.102380
16799,9.102380
16819,9.102380
16839,9.102380
16859,9.102380
16879,9.102380
16899,9.102380
16919,9.102380
16939,9.102380
16959,9.102380
16979,9.102380
16999,9.102380
17019,9.102380
17039,9.102380
17059,9.102380
17079,9.102380
17099,9.102380
17119,9.102380
17139,9.102380
17159,9.102380
17179,9.102380
17199,9.102380
17219,9.102380
17239,9.102380
17259,9.102380
17279,9.102380
17299,9.102380
17319,9.102380
17339,9.102380
17359,9.102380
17379,9.219267
17399,9.102380
17419,9.219267
17439,9.102380
17459,9.102380
17479,9.102380
17499,9.102380
17519,9.102380
17539,9.102380
17559,9.102380
17579,9.102380
17599,9.102380
17619,9.102380
17639,9.102380
17659,9.102380
17679,9.102380
17699,9.102380
17719,9.102380
17739,9.102380
17759,9.102380
17779,9.102380
17799,9.102380
17819,9.102380
17839,9.102380
17859,9.102380
17879,9.102380
17899,9.102380
17919,9.102380
17939,9.102380
17959,9.102380
17979,9.102380
17999,9.102380
18019,9.102380
18039,9.102380
18059,9.102380
18079,9.102380
18099,9.102380
18119,9.102380
18139,9.102380
18159,9.102380
18179,9.102380
18199,9.102380
18219,9.102380
18239,9.102380
18259,9.102380
18279,9.102380
18299,9.102380
18319,9.102380
18339,9.102380
18359,9.102380
18379,9.102380
18399,9.102380
18419,9.102380
18439,9.102380
18459,9.102380
18479,9.102380
18499,9.102380
18519,9.102380
18539,9.102380
18559,9.102380
18579,9.102380
18599,9.102380
18619,9.102380
18639,9.102380
18659,9.102380
18679,9.102380
18699,9.102380
18719,9.102380
18739,9.102380
18759,9.102380
18779,9.102380
18799,9.102380
18819,9.102380
18839,9.102380
18859,9.102380
18879,9.102380
18899,9.102380
18919,9.102380
18939,9.102380
18959,9.102380
18979,9.102380
18999,9.102380
19019,9.102380
19039,9.102380
19059,9.102380
19079,9.102380
19099,9.102380
19119,9.102380
19139,9.102380
19159,9.102380
19179,9.102380
19199,9.102380
19219,9.102380
19239,9.102380
19259,9.102380
19279,9.102380
19299,9.102380
19319,9.102380
19339,9.102380
19359,9.102380
19379,9.102380
19399,9.102380
19419,9.102380
19439,9.102380
19459,9.102380
19479,9.102380
19499,9.102380
19519,9.102380
19539,9.102380
19559,9.102380
19579,9.102380
19599,9.102380
19619,9.102380
19639,9.102380
19659,9.102380
19679,9.102380
19699,9.102380
19719,9.102380
19739,9.102380
19759,9.102380
19779,9.102380
19799,9.102380
19819,9.102380
19839,9.102380
19859,9.102380
19879,9.102380
19899,9.102380
19919,9.102380
19939,9.102380
19959,9.102380
19979,9.102380
19999,9.102380
20019,9.102380
20039,9.102380
20059,9.102380
20079,7.417051
20099,9.102380
20119,9.102380
20139,9.102380
20159,9.102380
20179,9.102380
20199,9.102380
20219,9.102380
20239,9.102380
20259,9.102380
20279,9.102380
20299,9.102380
20319,9.102380
20339,9.102380
20359,9.102380
20379,9.102380
20399,9.102380
20419,9.102380
20439,9.102380
20459,6.108851
20479,9.102380
20499,9.102380
20519,9.102380
20539,9.102380
20559,9.102380
20579,9.102380
20599,9.102380
20619,9.102380
20639,7.978022
20659,7.978022
20679,9.102380
20699,9.102380
20719,9.219267
20739,9.102380
20759,9.102380
20779,9.102380
20799,9.102380
20819,9.102380
20839,9.102380
20859,9.102380
20879,9.102380
20899,9.102380
20919,9.102380
20939,9.219267
20959,9.102380
20979,9.102380
20999,9.102380
21019,9.102380
21039,9.102380
21059,9.102380
21079,9.102380
21099,9.102380
21119,9.102380
21139,9.102380
21159,9.219267
21179,9.102380
21199,9.102380
21219,9.102380
21239,9.102380
21259,9.102380
21279,9.102380
21299,9.102380
21319,9.102380
21339,9.102380
21359,9.102380
21379,9.102380
21399,9.102380
21419,9.102380
21439,9.102380
21459,9.102380
21479,9.102380
21499,9.102380
21519,9.102380
21539,9.102380
21559,9.102380
21579,9.102380
21599,9.102380
21619,9.102380
21639,9.102380
21659,9.102380
21679,9.102380
21699,9.102380
21719,9.102380
21739,9.102380
21759,9.102380
21779,9.102380
21799,9.102380
21819,9.102380
21839,9.102380
21859,9.102380
21879,9.102380
21899,9.102380
21919,9.102380
21939,9.102380
21959,9.102380
21979,9.102380
21999,9.102380
22019,9.102380
22039,9.102380
22059,9.102380
22079,9.102380
22099,9.102380
22119,9.102380
22139,9.102380
22159,9.102380
22179,9.102380
22199,9.102380
22219,9.102380
22239,9.102380
22259,9.102380
22279,9.102380
22299,9.102380
22319,9.102380
22339,9.102380
22359,9.102380
22379,9.102380
22399,9.102380
22419,9.102380
22439,9.102380
22459,9.102380
22479,9.102380
22499,9.102380
22519,9.102380
22539,9.102380
22559,9.102380
22579,9.102380
22599,9.102380
22619,9.102380
22639,9.102380
22659,9.102380
22679,9.102380
22699,9.102380
22719,9.102380
22739,9.102380
22759,9.102380
22779,9.102380
22799,9.102380
22819,9.102380
22839,9.102380
22859,9.102380
22879,9.102380
22899,9.102380
22919,9.102380
22939,9.102380
22959,9.102380
22979,9.102380
22999,9.102380
23019,9.102380
23039,9.102380
23059,9.102380
23079,9.102380
23099,9.102380
23119,9.102380
23139,9.102380
23159,9.102380
23179,9.102380
23199,9.102380
23219,9.102380
23239,9.102380
23259,9.102380
23279,9.102380
23299,9.102380
23319,9.102380
23339,9.102380
23359,9.102380
23379,9.102380
23399,9.102380
23419,9.102380
23439,9.102380
23459,9.102380
23479,9.102380
23499,9.102380
23519,9.102380
23539,9.102380
23559,9.102380
23579,9.102380
23599,9.102380
23619,9.102380
23639,9.102380
23659,9.102380
23679,9.102380
23699,9.102380
23719,9.102380
23739,9.102380
23759,9.102380
23779,9.102380
23799,9.102380
23819,9.102380
23839,9.102380
23859,9.102380
23879,9.102380
23899,9.102380
23919,9.102380
23939,9.102380
23959,9.102380
23979,9.102380
23999,9.102380
24019,9.102380
24039,9.102380
24059,9.102380
24079,9.102380
24099,9.102380
24119,9.102380
24139,9.102380
24159,9.102380
24179,9.102380
24199,9.102380
24219,9.102380
24239,9.102380
24259,9.102380
24279,9.102380
24299,9.102380
24319,9.102380
24339,9.102380
24359,9.102380
24379,9.102380
24399,9.102380
24419,9.102380
24439,9.102380
24459,-0.207221
24479,9.102380
24499,9.102380
24519,9.102380
24539,9.102380
24559,9.102380
24579,9.102380
24599,9.102380
24619,9.102380
24639,9.102380
24659,9.102380
24679,9.102380
24699,9.102380
24719,9.102380
24739,9.102380
24759,9.102380
24779,9.102380
24799,9.102380
24819,9.102380
24839,9.102380
24859,9.102380
24879,9.102380
24899,9.102380
24919,9.102380
24939,9.102380
24959,9.102380
24979,9.102380
24999,9.102380
25019,9.102380
25039,9.102380
25059,9.102380
25079,9.102380
25099,9.102380
25119,9.102380
25139,9.102380
25159,9.102380
25179,9.102380
25199,9.102380
25219,9.102380
25239,9.102380
25259,9.102380
25279,9.102380
25299,9.102380
25319,9.102380
25339,9.102380
25359,9.102380
25379,9.102380
25399,9.102380
25419,9.102380
25439,9.102380
25459,9.102380
25479,9.102380
25499,9.102380
25519,9.102380
25539,9.102380
25559,9.102380
25579,9.102380
25599,9.102380
25619,9.102380
25639,9.102380
25659,9.102380
25679,9.102380
25699,9.102380
25719,9.102380
25739,9.102380
25759,9.102380
25779,9.102380
25799,9.102380
25819,9.102380
25839,9.102380
25859,9.102380
25879,9.102380
25899,9.102380
25919,9.102380
25939,9.102380
25959,9.102380
25979,9.102380
25999,9.102380
26019,9.102380
26039,9.102380
26059,9.102380
26079,9.102380
26099,9.102380
26119,9.102380
26139,9.102380
26159,9.102380
26179,9.102380
26199,9.102380
26219,9.102380
26239,9.102380
26259,9.102380
26279,9.102380
26299,9.102380
26319,9.102380
26339,9.102380
26359,9.102380
26379,9.102380
26399,9.102380
26419,9.102380
26439,9.102380
26459,9.102380
26479,9.102380
26499,9.102380
26519,9.102380
26539,9.102380
26559,9.102380
26579,9.102380
26599,9.102380
26619,9.102380
26639,9.102380
26659,9.102380
26679,9.102380
26699,9.102380
26719,9.102380
26739,9.102380
26759,9.102380
26779,9.102380
26799,9.102380
26819,9.102380
26839,9.102380
26859,9.102380
26879,9.102380
26899,9.102380
26919,9.102380
26939,9.102380
26959,9.102380
26979,9.102380
26999,9.102380
27019,9.102380
27039,9.102380
27059,9.102380
27079,9.102380
27099,9.102380
27119,9.102380
27139,9.102380
27159,9.102380
27179,9.102380
27199,9.102380
27219,9.102380
27239,9.102380
27259,9.102380
27279,9.102380
27299,9.102380
27319,9.102380
27339,9.102380
27359,9.102380
27379,9.102380
27399,9.102380
27419,9.102380
27439,9.102380
27459,9.102380
27479,9.102380
27499,9.102380
27519,9.102380
27539,9.102380
27559,9.102380
27579,9.102380
27599,9.102380
27619,9.102380
27639,9.102380
27659,9.102380
27679,9.102380
27699,9.102380
27719,9.102380
27739,9.102380
27759,9.102380
27779,9.102380
27799,9.102380
27819,9.102380
27839,9.102380
27859,9.102380
27879,9.102380
27899,9.102380
27919,9.102380
27939,9.102380
27959,9.102380
27979,9.102380
27999,9.102380
28019,9.102380
28039,9.102380
28059,9.102380
28079,9.102380
28099,9.102380
28119,9.102380
28139,9.102380
28159,9.102380
28179,9.102380
28199,9.102380
28219,9.102380
28239,9.102380
28259,9.102380
28279,9.102380
28299,9.102380
28319,9.102380
28339,9.102380
28359,9.102380
28379,9.102380
28399,9.102380
28419,9.102380
28439,9.102380
28459,9.102380
28479,9.102380
28499,9.102380
28519,9.102380
28539,9.102380
28559,9.102380
28579,9.102380
28599,9.102380
28619,9.102380
28639,9.102380
28659,9.102380
28679,9.102380
28699,9.102380
28719,9.102380
28739,9.102380
28759,9.102380
28779,9.102380
28799,9.102380
28819,9.102380
28839,9.102380
28859,9.102380
28879,9.102380
28899,9.102380
28919,9.102380
28939,9.102380
28959,9.102380
28979,9.102380
28999,9.102380
29019,9.102380
29039,9.102380
29059,9.102380
29079,9.102380
29099,9.102380
29119,9.102380
29139,9.102380
29159,9.102380
29179,9.102380
29199,9.102380
29219,9.102380
29239,9.102380
29259,9.102380
29279,9.102380
29299,9.102380
29319,9.102380
29339,9.102380
29359,9.102380
29379,9.102380
29399,9.102380
29419,9.102380
29439,9.102380
29459,9.102380
29479,9.102380
29499,9.102380
29519,9.102380
29539,9.102380
29559,9.102380
29579,9.102380
29599,9.102380
29619,9.102380
29639,9.102380
29659,9.102380
29679,9.102380
29699,9.102380
29719,9.102380
29739,9.102380
29759,9.102380
29779,9.102380
29799,9.102380
29819,9.102380
29839,9.102380
29859,9.102380
29879,9.102380
29899,9.102380
29919,9.102380
29939,9.102380
29959,9.102380
29979,9.102380
29999,9.102380
30019,9.102380
30039,9.102380
30059,9.102380
30079,9.102380
30099,9.102380
30119,9.102380
30139,9.102380
30159,9.102380
30179,9.102380
30199,9.102380
30219,9.102380
30239,9.102380
30259,9.102380
30279,9.102380
30299,9.102380
30319,9.102380
30339,9.102380
30359,9.102380
30379,9.102380
30399,9.102380
30419,9.102380
30439,9.102380
30459,9.102380
30479,9.102380
30499,9.102380
30519,9.102380
30539,9.102380
30559,9.102380
30579,9.102380
30599,9.102380
30619,9.102380
30639,9.102380
30659,9.102380
30679,9.102380
30699,9.102380
30719,9.102380
30739,9.102380
30759,9.102380
30779,9.102380
30799,9.102380
30819,9.102380
30839,9.102380
30859,9.102380
30879,9.102380
30899,9.102380
30919,9.102380
30939,9.102380
30959,9.102380
30979,9.102380
30999,9.102380
31019,9.102380
31039,9.102380
31059,9.102380
31079,9.102380
31099,9.102380
31119,9.102380
31139,9.102380
31159,9.102380
31179,9.102380
31199,9.102380
31219,9.102380
31239,9.102380
31259,9.102380
31279,9.102380
31299,9.102380
31319,9.102380
31339,9.102380
31359,9.102380
31379,9.102380
31399,9.102380
31419,9.102380
31439,9.102380
31459,9.102380
31479,9.102380
31499,9.102380
31519,9.102380
31539,9.102380
31559,9.102380
31579,9.102380
31599,9.102380
31619,9.102380
31639,9.102380
31659,9.102380
31679,9.102380
31699,9.102380
31719,9.102380
31739,9.102380
31759,9.102380
31779,9.102380
31799,9.102380
31819,9.102380
31839,9.102380
31859,9.102380
31879,9.102380
31899,9.102380
31919,9.102380
31939,9.102380
31959,9.102380
31979,9.102380
31999,9.102380
32019,9.102380
32039,9.102380
32059,9.102380
32079,9.102380
32099,9.102380
32119,9.102380
32139,9.102380
32159,9.102380
32179,9.102380
32199,9.102380
32219,9.102380
32239,9.102380
32259,9.102380
32279,9.102380
32299,9.102380
32319,9.102380
32339,9.102380
32359,9.102380
32379,9.102380
32399,9.102380
32419,9.102380
32439,9.102380
32459,9.102380
32479,9.102380
32499,9.102380
32519,9.102380
32539,9.102380
32559,9.102380
32579,9.102380
32599,9.102380
32619,9.102380
32639,9.102380
32659,9.102380
32679,9.102380
32699,9.102380
32719,9.102380
32739,9.102380
32759,9.102380
32779,9.102380
32799,9.102380
32819,9.102380
32839,9.102380
32859,9.102380
32879,9.102380
32899,9.102380
32919,9.102380
32939,9.102380
32959,9.102380
32979,9.102380
32999,9.102380
33019,9.102380
33039,9.102380
33059,9.102380
33079,9.102380
33099,9.102380
33119,9.102380
33139,9.102380
33159,9.102380
33179,9.102380
33199,9.102380
33219,9.102380
33239,9.102380
33259,9.102380
33279,9.102380
33299,9.102380
33319,9.102380
33339,9.102380
33359,9.102380
33379,9.102380
33399,9.102380
33419,9.102380
33439,9.102380
33459,9.102380
33479,9.102380
33499,9.102380
33519,9.102380
33539,9.102380
33559,9.102380
33579,9.102380
33599,9.102380
33619,9.102380
33639,9.102380
33659,9.102380
33679,9.102380
33699,9.102380
33719,9.102380
33739,9.102380
33759,9.102380
33779,9.102380
33799,9.102380
33819,9.102380
33839,9.102380
33859,9.102380
33879,9.102380
33899,9.102380
33919,9.102380
33939,9.102380
33959,9.102380
33979,9.102380
33999,9.102380
34019,9.102380
34039,9.102380
34059,9.102380
34079,9.102380
34099,9.102380
34119,9.102380
34139,9.102380
34159,9.102380
34179,9.102380
34199,9.102380
34219,9.102380
34239,9.102380
34259,9.102380
34279,9.102380
34299,9.102380
34319,9.102380
34339,9.102380
34359,9.102380
34379,9.102380
34399,9.102380
34419,9.102380
34439,9.102380
34459,9.102380
34479,9.102380
34499,9.102380
34519,9.102380
34539,9.102380
34559,9.102380
34579,9.246265
34599,9.102380
34619,9.102380
34639,9.102380
34659,9.102380
34679,9.102380
34699,9.102380
34719,9.102380
34739,9.102380
34759,9.102380
34779,9.102380
34799,9.102380
34819,9.102380
34839,9.102380
34859,9.102380
34879,9.102380
34899,9.102380
34919,9.102380
34939,9.102380
34959,9.102380
34979,9.102380
34999,9.102380
35019,9.102380
35039,9.102380
35059,9.102380
35079,9.102380
35099,9.102380
35119,9.102380
35139,9.102380
35159,9.102380
35179,9.102380
35199,9.102380
35219,9.102380
35239,9.102380
35259,9.102380
35279,9.102380
35299,9.102380
35319,9.102380
35339,9.102380
35359,9.102380
35379,9.102380
35399,9.102380
35419,9.102380
35439,9.102380
35459,9.102380
35479,9.102380
35499,9.102380
35519,9.102380
35539,9.102380
35559,9.102380
35579,9.102380
35599,9.102380
35619,9.102380
35639,9.102380
35659,9.102380
35679,9.102380
35699,9.102380
35719,9.102380
35739,9.102380
35759,9.102380
35779,9.102380
35799,9.102380
35819,9.102380
35839,9.102380
35859,9.102380
35879,9.102380
35899,9.102380
35919,9.102380
35939,9.102380
35959,9.102380
35979,9.102380
35999,9.102380
36019,9.102380
36039,9.102380
36059,9.102380
36079,9.102380
36099,9.102380
36119,9.102380
36139,9.102380
36159,9.102380
36179,9.102380
36199,9.102380
36219,9.102380
36239,9.102380
36259,9.102380
36279,9.102380
36299,9.102380
36319,9.102380
36339,9.102380
36359,9.102380
36379,9.102380
36399,9.102380
36419,9.102380
36439,9.102380
36459,9.102380
36479,9.102380
36499,9.102380
36519,9.102380
36539,9.102380
36559,9.102380
36579,9.102380
36599,9.102380
36619,9.102380
36639,9.102380
36659,9.102380
36679,9.102380
36699,9.102380
36719,9.102380
36739,9.102380
36759,9.102380
36779,9.102380
36799,9.102380
36819,9.102380
36839,9.102380
36859,9.102380
36879,9.102380
36899,0.919546
36919,9.102380
36939,9.102380
36959,9.102380
36979,9.102380
36999,9.102380
37019,9.102380
37039,9.102380
37059,9.102380
37079,9.102380
37099,9.102380
37119,9.102380
37139,9.102380
37159,9.102380
37179,9.102380
37199,9.102380
37219,9.102380
37239,9.102380
37259,9.102380
37279,9.102380
37299,9.102380
37319,9.102380
37339,9.102380
37359,9.102380
37379,9.102380
37399,9.102380
37419,9.102380
37439,9.102380
37459,9.102380
37479,9.102380
37499,9.102380
37519,9.102380
37539,9.102380
37559,9.102380
37579,9.102380
37599,9.102380
37619,9.102380
37639,9.102380
37659,9.102380
37679,9.102380
37699,9.102380
37719,9.102380
37739,9.102380
37759,9.102380
37779,9.102380
37799,9.102380
37819,9.102380
37839,9.102380
37859,9.102380
37879,9.102380
37899,9.102380
37919,9.102380
37939,9.102380
37959,9.102380
37979,9.102380
37999,9.102380
38019,9.102380
38039,9.102380
38059,9.102380
38079,9.102380
38099,9.102380
38119,9.102380
38139,9.102380
38159,9.102380
38179,9.102380
38199,9.102380
38219,9.102380
38239,9.102380
38259,9.102380
38279,9.102380
38299,9.102380
38319,9.102380
38339,9.102380
38359,9.102380
38379,9.102380
38399,9.102380
38419,9.102380
38439,9.102380
38459,9.102380
38479,9.102380
38499,9.102380
38519,9.102380
38539,9.102380
38559,9.102380
38579,9.102380
38599,9.102380
38619,9.102380
38639,9.102380
38659,9.102380
38679,9.102380
38699,9.102380
38719,9.102380
38739,9.102380
38759,9.102380
38779,9.102380
38799,9.102380
38819,9.102380
38839,9.102380
38859,9.102380
38879,9.102380
38899,9.102380
38919,9.102380
38939,9.102380
38959,9.102380
38979,9.102380
38999,9.102380
39019,9.102380
39039,9.102380
39059,9.102380
39079,9.102380
39099,9.102380
39119,9.102380
39139,9.102380
39159,9.102380
39179,9.102380
39199,9.102380
39219,9.102380
39239,9.102380
39259,9.102380
39279,9.102380
39299,9.102380
39319,9.102380
39339,9.102380
39359,9.102380
39379,9.102380
39399,9.102380
39419,9.102380
39439,9.102380
39459,9.102380
39479,9.102380
39499,9.102380
39519,9.102380
39539,9.102380
39559,9.102380
39579,9.102380
39599,9.102380
39619,9.102380
39639,9.102380
39659,9.102380
39679,9.102380
39699,9.102380
39719,9.102380
39739,9.102380
39759,9.102380
39779,9.102380
39799,9.102380
39819,9.102380
39839,9.102380
39859,9.102380
39879,9.102380
39899,9.102380
39919,9.102380
39939,9.102380
39959,9.102380
39979,9.102380
39999,9.102380
40019,9.102380
40039,9.102380
40059,9.102380
40079,9.102380
40099,9.102380
40119,9.102380
40139,9.102380
40159,9.102380
40179,9.102380
40199,9.102380
40219,9.102380
40239,9.102380
40259,9.102380
40279,9.102380
40299,9.102380
40319,9.102380
40339,9.102380
40359,9.102380
40379,9.102380
40399,9.102380
40419,9.102380
40439,9.102380
40459,9.102380
40479,9.102380
40499,9.102380
40519,9.102380
40539,9.102380
40559,9.102380
40579,9.102380
40599,9.102380
40619,9.102380
40639,9.102380
40659,9.102380
40679,9.102380
40699,9.102380
40719,9.102380
40739,9.102380
40759,9.102380
40779,9.102380
40799,9.102380
40819,9.102380
40839,9.102380
40859,9.102380
40879,9.102380
40899,9.102380
40919,9.102380
40939,9.102380
40959,9.102380
40979,9.102380
40999,9.102380
41019,9.102380
41039,9.102380
41059,9.102380
41079,9.102380
41099,9.102380
41119,9.102380
41139,9.102380
41159,9.102380
41179,9.102380
41199,9.102380
41219,9.102380
41239,9.102380
41259,9.102380
41279,9.102380
41299,9.102380
41319,9.102380
41339,9.102380
41359,9.102380
41379,9.102380
41399,9.102380
41419,9.102380
41439,9.102380
41459,9.102380
41479,9.102380
41499,9.102380
41519,9.102380
41539,9.102380
41559,9.102380
41579,9.102380
41599,9.102380
41619,9.102380
41639,9.102380
41659,9.102380
41679,9.102380
41699,9.102380
41719,9.102380
41739,9.102380
41759,9.102380
41779,9.102380
41799,9.102380
41819,9.102380
41839,9.102380
41859,9.102380
41879,9.102380
41899,9.102380
41919,9.102380
41939,9.102380
41959,9.102380
41979,9.102380
41999,9.102380
42019,9.102380
42039,9.102380
42059,9.102380
42079,9.102380
42099,9.102380
42119,9.102380
42139,9.102380
42159,9.102380
42179,9.102380
42199,9.102380
42219,9.102380
42239,9.102380
42259,9.102380
42279,8.766891
42299,9.102380
42319,9.102380
42339,9.102380
42359,9.102380
42379,9.102380
42399,9.102380
42419,9.102380
42439,9.102380
42459,9.102380
42479,9.102380
42499,9.102380
42519,9.102380
42539,9.102380
42559,9.102380
42579,8.766891
42599,9.102380
42619,9.102380
42639,9.102380
42659,9.102380
42679,9.102380
42699,9.102380
42719,9.102380
42739,9.102380
42759,9.102380
42779,9.102380
42799,9.102380
42819,9.102380
42839,8.766891
42859,9.102380
42879,9.102380
42899,9.102380
42919,9.102380
42939,9.102380
42959,9.102380
42979,9.102380
42999,9.102380
43019,9.102380
43039,9.102380
43059,9.102380
43079,9.102380
43099,9.102380
43119,9.102380
43139,8.766891
43159,9.102380
43179,9.102380
43199,9.102380
43219,9.102380
43239,9.102380
43259,8.766891
43279,9.102380
43299,9.102380
43319,9.102380
43339,9.102380
43359,9.102380
43379,9.102380
43399,9.102380
43419,9.102380
43439,9.102380
43459,9.102380
43479,9.102380
43499,9.102380
43519,9.102380
43539,9.102380
43559,9.102380
43579,9.102380
43599,9.102380
43619,9.102380
43639,8.766891
43659,9.102380
43679,9.102380
43699,9.102380
43719,9.102380
43739,9.102380
43759,9.102380
43779,9.102380
43799,9.102380
43819,9.102380
43839,9.102380
43859,9.102380
43879,9.102380
43899,9.102380
43919,9.102380
43939,9.102380
43959,9.102380
43979,9.102380
43999,9.102380
44019,9.102380
44039,9.102380
44059,9.102380
44079,9.102380
44099,9.102380
44119,9.102380
44139,9.102380
44159,9.102380
44179,9.102380
44199,9.102380
44219,9.102380
44239,9.102380
44259,9.102380
44279,9.102380
44299,9.102380
44319,9.102380
44339,9.102380
44359,9.102380
44379,9.102380
44399,9.102380
44419,9.102380
44439,9.102380
44459,9.102380
44479,9.102380
44499,9.102380
44519,9.102380
44539,9.102380
44559,9.102380
44579,9.102380
44599,9.102380
44619,9.102380
44639,9.102380
44659,9.102380
44679,9.102380
44699,9.102380
44719,9.102380
44739,9.102380
44759,8.766891
44779,9.102380
44799,9.102380
44819,9.102380
44839,9.102380
44859,9.102380
44879,9.102380
44899,9.102380
44919,9.102380
44939,9.102380
44959,9.102380
44979,9.102380
44999,9.102380
45019,9.102380
45039,9.102380
45059,9.102380
45079,9.102380
45099,9.102380
45119,9.102380
45139,9.102380
45159,9.102380
45179,9.102380
45199,9.102380
45219,9.102380
45239,9.102380
45259,9.102380
45279,9.102380
45299,9.102380
45319,9.102380
45339,9.102380
45359,9.102380
45379,9.102380
45399,9.102380
45419,9.102380
45439,9.102380
45459,9.102380
45479,9.102380
45499,9.102380
45519,9.102380
45539,9.102380
45559,9.102380
45579,9.102380
45599,9.102380
45619,9.102380
45639,9.102380
45659,9.102380
45679,9.102380
45699,9.102380
45719,9.102380
45739,9.102380
45759,9.102380
45779,9.102380
45799,9.102380
45819,9.102380
45839,9.102380
45859,9.102380
45879,9.102380
45899,9.102380
45919,9.102380
45939,9.102380
45959,9.102380
45979,9.102380
45999,9.102380
46019,9.102380
46039,9.102380
46059,9.102380
46079,9.102380
46099,9.102380
46119,9.102380
46139,9.102380
46159,9.102380
46179,9.102380
46199,9.102380
46219,9.102380
46239,9.102380
46259,9.102380
46279,9.102380
46299,9.102380
46319,9.102380
46339,9.102380
46359,9.102380
46379,9.102380
46399,9.102380
46419,9.102380
46439,9.102380
46459,9.102380
46479,9.102380
46499,9.102380
46519,9.102380
46539,9.102380
46559,9.102380
46579,9.102380
46599,9.102380
46619,9.102380
46639,9.102380
46659,9.102380
46679,9.102380
46699,9.102380
46719,9.102380
46739,9.102380
46759,9.102380
46779,9.102380
46799,8.750707
46819,9.102380
46839,9.102380
46859,9.102380
46879,9.102380
46899,9.102380
46919,9.102380
46939,9.102380
46959,9.102380
46979,9.102380
46999,9.102380
47019,9.102380
47039,9.102380
47059,9.102380
47079,9.102380
47099,9.102380
47119,9.102380
47139,9.102380
47159,9.102380
47179,9.102380
47199,9.102380
47219,9.102380
47239,8.766891
47259,8.766891
47279,9.102380
47299,9.102380
47319,9.102380
47339,9.102380
47359,9.102380
47379,9.102380
47399,9.102380
47419,9.102380
47439,9.102380
47459,9.102380
47479,9.102380
47499,9.102380
47519,9.102380
47539,9.102380
47559,9.102380
47579,9.102380
47599,9.102380
47619,9.102380
47639,9.102380
47659,9.102380
47679,9.102380
47699,9.102380
47719,9.102380
47739,9.102380
47759,9.102380
47779,9.102380
47799,9.102380
47819,9.102380
47839,9.102380
47859,9.102380
47879,9.102380
47899,9.102380
47919,9.102380
47939,9.102380
47959,9.102380
47979,9.102380
47999,9.102380
48019,9.102380
48039,9.102380
48059,9.102380
48079,9.102380
48099,9.102380
48119,9.102380
48139,9.102380
48159,9.102380
48179,9.102380
48199,9.102380
48219,9.102380
48239,9.102380
48259,9.102380
48279,9.102380
48299,9.102380
48319,9.102380
48339,9.102380
48359,9.102380
48379,9.102380
48399,9.102380
48419,9.102380
48439,9.102380
48459,9.102380
48479,9.102380
48499,9.102380
48519,9.102380
48539,8.766891
48559,9.102380
48579,9.102380
48599,9.102380
48619,9.102380
48639,9.102380
48659,9.102380
48679,9.102380
48699,9.102380
48719,9.102380
48739,9.102380
48759,9.102380
48779,9.102380
48799,9.102380
48819,9.102380
48839,9.102380
48859,9.102380
48879,9.102380
48899,9.102380
48919,9.102380
48939,9.102380
48959,9.102380
48979,9.102380
48999,9.102380
49019,9.102380
49039,9.102380
49059,9.102380
49079,9.102380
49099,9.102380
49119,9.102380
49139,9.102380
49159,9.102380
49179,9.102380
49199,9.102380
49219,9.102380
49239,9.102380
49259,9.102380
49279,9.102380
49299,9.102380
49319,9.102380
49339,9.102380
49359,9.102380
49379,9.102380
49399,9.102380
49419,9.102380
49439,9.102380
49459,9.102380
49479,9.102380
49499,9.102380
49519,9.102380
49539,9.102380
49559,9.102380
49579,9.102380
49599,9.102380
49619,9.102380
49639,9.102380
49659,9.102380
49679,9.102380
49699,9.102380
49719,9.102380
49739,9.102380
49759,9.102380
49779,9.102380
49799,9.102380
49819,9.102380
49839,9.102380
49859,9.102380
49879,9.102380
49899,9.102380
49919,9.102380
49939,9.102380
49959,9.102380
49979,9.102380
49999,9.102380
50019,9.102380
50039,9.102380
50059,9.102380
50079,9.102380
50099,9.102380
50119,9.102380
50139,9.102380
50159,9.102380
50179,9.102380
50199,9.102380
50219,9.102380
50239,9.102380
50259,9.102380
50279,9.102380
50299,9.102380
50319,9.102380
50339,9.102380
50359,9.102380
50379,9.102380
50399,9.102380
50419,9.102380
50439,9.102380
50459,9.102380
50479,9.102380
50499,9.102380
50519,9.102380
50539,9.102380
50559,9.102380
50579,9.102380
50599,9.102380
50619,9.102380
50639,9.102380
50659,9.102380
50679,9.102380
50699,9.102380
50719,9.102380
50739,9.102380
50759,9.102380
50779,9.102380
50799,9.102380
50819,9.102380
50839,9.102380
50859,9.102380
50879,9.102380
50899,9.102380
50919,9.102380
50939,9.102380
50959,9.102380
50979,9.102380
50999,9.102380
51019,9.102380
51039,9.102380
51059,9.102380
51079,9.102380
51099,9.102380
51119,9.102380
51139,9.102380
51159,9.102380
51179,9.102380
51199,9.102380
51219,9.102380
51239,9.102380
51259,9.102380
51279,9.102380
51299,9.102380
51319,9.102380
51339,9.102380
51359,9.102380
51379,9.102380
51399,9.102380
51419,9.102380
51439,9.102380
51459,9.102380
51479,9.102380
51499,9.102380
51519,9.102380
51539,9.102380
51559,9.102380
51579,9.102380
51599,9.102380
51619,9.102380
51639,9.102380
51659,9.102380
51679,9.102380
51699,9.102380
51719,9.102380
51739,9.102380
51759,9.102380
51779,9.102380
51799,9.102380
51819,9.102380
51839,9.102380
51859,9.102380
51879,9.102380
51899,9.102380
51919,9.102380
51939,9.102380
51959,9.102380
51979,9.102380
51999,9.102380
52019,9.102380
52039,9.102380
52059,9.102380
52079,9.102380
52099,9.102380
52119,9.102380
52139,9.102380
52159,9.102380
52179,9.102380
52199,9.102380
52219,9.102380
52239,9.102380
52259,9.102380
52279,9.102380
52299,9.102380
52319,9.102380
52339,9.102380
52359,9.102380
52379,9.102380
52399,9.102380
52419,9.102380
52439,9.102380
52459,9.102380
52479,9.102380
52499,9.102380
52519,9.102380
52539,9.102380
52559,9.102380
52579,9.102380
52599,9.102380
52619,9.102380
52639,9.102380
52659,9.102380
52679,9.102380
52699,9.102380
52719,9.102380
52739,9.102380
52759,9.102380
52779,9.102380
52799,9.102380
52819,9.102380
52839,9.102380
52859,9.102380
52879,9.102380
52899,9.102380
52919,9.102380
52939,9.102380
52959,9.102380
52979,9.102380
52999,9.102380
53019,9.102380
53039,9.102380
53059,9.102380
53079,9.102380
53099,9.102380
53119,9.102380
53139,9.102380
53159,9.102380
53179,9.102380
53199,9.102380
53219,9.102380
53239,9.102380
53259,9.102380
53279,9.102380
53299,9.102380
53319,9.102380
53339,9.102380
53359,9.102380
53379,9.102380
53399,9.102380
53419,9.102380
53439,9.102380
53459,9.102380
53479,9.102380
53499,9.102380
53519,9.102380
53539,9.102380
53559,9.102380
53579,9.102380
53599,9.102380
53619,9.102380
53639,9.102380
53659,9.102380
53679,9.102380
53699,9.102380
53719,9.102380
53739,9.102380
53759,9.102380
53779,9.102380
53799,9.102380
53819,9.102380
53839,9.102380
53859,9.102380
53879,9.102380
53899,9.102380
53919,9.102380
53939,9.102380
53959,9.102380
53979,9.102380
53999,9.102380
54019,9.102380
54039,9.102380
54059,9.102380
54079,9.102380
54099,9.102380
54119,9.102380
54139,9.102380
54159,9.102380
54179,9.102380
54199,9.102380
54219,9.102380
54239,9.102380
54259,9.102380
54279,9.102380
54299,8.766891
54319,9.102380
54339,9.102380
54359,9.102380
54379,9.102380
54399,9.102380
54419,9.102380
54439,9.102380
54459,9.102380
54479,9.102380
54499,9.102380
54519,9.102380
54539,9.102380
54559,9.102380
54579,9.102380
54599,9.102380
54619,9.102380
54639,9.102380
54659,9.102380
54679,9.102380
54699,9.102380
54719,9.102380
54739,9.102380
54759,9.102380
54779,9.102380
54799,9.102380
54819,9.102380
54839,9.102380
54859,9.102380
54879,9.102380
54899,9.102380
54919,9.102380
54939,9.102380
54959,9.102380
54979,9.102380
54999,9.102380
55019,9.102380
55039,9.102380
55059,9.102380
55079,9.102380
55099,9.102380
55119,9.102380
55139,9.102380
55159,9.102380
55179,9.102380
55199,9.102380
55219,9.102380
55239,9.102380
55259,9.102380
55279,9.102380
55299,9.102380
55319,9.102380
55339,9.102380
55359,9.102380
55379,9.102380
55399,9.102380
55419,9.102380
55439,9.102380
55459,9.102380
55479,9.102380
55499,9.102380
55519,9.102380
55539,9.102380
55559,9.102380
55579,9.102380
55599,9.102380
55619,9.102380
55639,9.102380
55659,9.102380
55679,9.102380
55699,9.102380
55719,9.102380
55739,9.102380
55759,9.102380
55779,9.102380
55799,9.102380
55819,9.102380
55839,9.102380
55859,9.102380
55879,9.102380
55899,9.102380
55919,9.102380
55939,9.102380
55959,9.102380
55979,9.102380
55999,9.102380
56019,9.102380
56039,9.102380
56059,9.102380
56079,9.102380
56099,9.102380
56119,9.102380
56139,9.102380
56159,9.102380
56179,9.102380
56199,9.102380
56219,9.102380
56239,9.102380
56259,9.102380
56279,9.102380
56299,9.102380
56319,9.102380
56339,9.102380
56359,9.102380
56379,9.102380
56399,9.102380
56419,9.102380
56439,9.102380
56459,9.102380
56479,9.102380
56499,9.102380
56519,9.102380
56539,9.102380
56559,9.102380
56579,9.102380
56599,9.102380
56619,9.102380
56639,9.102380
56659,9.102380
56679,9.102380
56699,9.102380
56719,9.102380
56739,9.102380
56759,9.102380
56779,9.102380
56799,9.102380
56819,9.102380
56839,9.102380
56859,9.102380
56879,9.102380
56899,9.102380
56919,9.102380
56939,9.102380
56959,9.102380
56979,9.102380
56999,9.102380
57019,9.102380
57039,9.102380
57059,9.102380
57079,9.102380
57099,9.102380
57119,9.102380
57139,9.102380
57159,9.102380
57179,9.102380
57199,9.102380
57219,9.102380
57239,9.102380
57259,9.102380
57279,9.102380
57299,9.102380
57319,9.102380
57339,9.102380
57359,9.102380
57379,9.102380
57399,9.102380
57419,9.102380
57439,9.102380
57459,9.102380
57479,9.102380
57499,9.102380
57519,9.102380
57539,9.102380
57559,9.102380
57579,9.102380
57599,9.102380
57619,9.102380
57639,9.102380
57659,9.102380
57679,9.102380
57699,9.102380
57719,9.102380
57739,9.102380
57759,9.102380
57779,9.102380
57799,9.102380
57819,9.102380
57839,9.102380
57859,9.102380
57879,9.102380
57899,9.102380
57919,9.102380
57939,9.102380
57959,9.102380
57979,9.102380
57999,9.102380
58019,9.102380
58039,9.102380
58059,9.102380
58079,9.102380
58099,9.102380
58119,9.102380
58139,9.102380
58159,9.102380
58179,9.102380
58199,9.102380
58219,9.102380
58239,9.102380
58259,9.102380
58279,9.102380
58299,9.102380
58319,9.102380
58339,9.102380
58359,9.102380
58379,9.102380
58399,9.102380
58419,9.102380
58439,9.102380
58459,9.102380
58479,9.102380
58499,9.102380
58519,9.102380
58539,9.102380
58559,9.102380
58579,9.102380
58599,9.102380
58619,9.102380
58639,9.102380
58659,9.102380
58679,9.102380
58699,9.102380
58719,9.102380
58739,9.102380
58759,9.102380
58779,9.102380
58799,9.102380
58819,9.102380
58839,9.102380
58859,9.102380
58879,9.102380
58899,9.102380
58919,9.102380
58939,9.102380
58959,9.102380
58979,9.102380
58999,9.102380
59019,9.102380
59039,9.102380
59059,9.102380
59079,9.102380
59099,9.102380
59119,9.102380
59139,9.102380
59159,9.102380
59179,9.102380
59199,9.102380
59219,9.102380
59239,9.102380
59259,9.102380
59279,9.102380
59299,9.102380
59319,9.102380
59339,9.102380
59359,9.102380
59379,9.102380
59399,9.102380
59419,9.102380
59439,9.102380
59459,9.102380
59479,9.102380
59499,9.102380
59519,9.102380
59539,9.102380
59559,9.102380
59579,9.102380
59599,9.102380
59619,9.102380
59639,9.102380
59659,9.102380
59679,9.102380
59699,9.102380
59719,9.102380
59739,9.102380
59759,9.102380
59779,9.102380
59799,9.102380
59819,9.102380
59839,9.102380
59859,9.102380
59879,9.102380
59899,9.102380
59919,9.102380
59939,9.102380
59959,9.102380
59979,9.102380
59999,9.102380
60019,9.102380
60039,9.102380
60059,9.102380
60079,9.102380
60099,9.102380
60119,9.102380
60139,9.102380
60159,9.102380
60179,9.102380
60199,9.102380
60219,9.102380
60239,9.102380
60259,9.102380
60279,9.102380
60299,9.102380
60319,9.102380
60339,9.102380
60359,9.102380
60379,9.102380
60399,9.102380
60419,9.102380
60439,9.102380
60459,9.102380
60479,9.102380
60499,9.102380
60519,9.102380
60539,9.102380
60559,9.102380
60579,9.102380
60599,9.102380
60619,9.102380
60639,9.102380
60659,9.102380
60679,9.102380
60699,9.102380
60719,9.102380
60739,9.102380
60759,9.102380
60779,9.102380
60799,9.102380
60819,9.102380
60839,9.102380
60859,9.102380
60879,9.102380
60899,9.102380
60919,9.102380
60939,9.102380
60959,9.102380
60979,9.102380
60999,9.102380
61019,9.102380
61039,9.102380
61059,9.102380
61079,9.102380
61099,9.102380
61119,9.102380
61139,9.102380
61159,9.102380
61179,9.102380
61199,9.102380
61219,9.102380
61239,9.102380
61259,9.102380
61279,9.102380
61299,9.102380
61319,9.102380
61339,9.102380
61359,9.102380
61379,9.102380
61399,9.102380
61419,9.102380
61439,9.102380
61459,9.102380
61479,9.102380
61499,9.102380
61519,9.102380
61539,9.102380
61559,9.102380
61579,9.102380
61599,9.102380
61619,9.102380
61639,9.102380
61659,9.102380
61679,9.102380
61699,9.102380
61719,9.102380
61739,9.102380
61759,9.102380
61779,9.102380
61799,9.102380
61819,9.102380
61839,9.102380
61859,9.102380
61879,9.102380
61899,9.102380
61919,9.102380
61939,9.102380
61959,9.102380
61979,9.102380
61999,9.102380
62019,9.102380
62039,9.102380
62059,9.102380
62079,9.102380
62099,9.102380
62119,9.102380
62139,9.102380
62159,9.102380
62179,9.102380
62199,9.102380
62219,9.102380
62239,9.102380
62259,9.102380
62279,9.102380
62299,9.102380
62319,9.102380
62339,9.102380
62359,9.102380
62379,9.102380
62399,9.102380
62419,9.102380
62439,9.102380
62459,9.102380
62479,9.102380
62499,9.102380
62519,9.102380
62539,9.102380
62559,9.102380
62579,9.102380
62599,9.102380
62619,9.102380
62639,9.102380
62659,9.102380
62679,9.102380
62699,9.102380
62719,9.102380
62739,9.102380
62759,9.102380
62779,9.102380
62799,9.102380
62819,9.102380
62839,9.102380
62859,9.102380
62879,9.102380
62899,9.102380
62919,9.102380
62939,9.102380
62959,9.102380
62979,9.102380
62999,9.102380
63019,9.102380
63039,9.102380
63059,9.102380
63079,9.102380
63099,9.102380
63119,9.102380
63139,9.102380
63159,9.102380
63179,9.102380
63199,9.102380
63219,9.102380
63239,9.102380
63259,9.102380
63279,9.102380
63299,9.102380
63319,9.102380
63339,9.102380
63359,9.102380
63379,9.102380
63399,9.102380
63419,9.102380
63439,9.102380
63459,9.102380
63479,9.102380
63499,9.102380
63519,9.102380
63539,9.102380
63559,9.102380
63579,9.102380
63599,9.102380
63619,9.102380
63639,9.102380
63659,9.102380
63679,9.102380
63699,9.102380
63719,9.102380
63739,9.102380
63759,9.102380
63779,9.102380
63799,9.102380
63819,9.102380
63839,9.102380
63859,9.102380
63879,9.102380
63899,9.102380
63919,9.102380
63939,9.102380
63959,9.102380
63979,9.102380
63999,9.102380
64019,9.102380
64039,9.102380
64059,9.102380
64079,9.102380
64099,9.102380
64119,9.102380
64139,9.102380
64159,9.102380
64179,9.102380
64199,9.102380
64219,9.102380
64239,9.102380
64259,9.102380
64279,9.102380
64299,8.766891
64319,9.102380
64339,9.102380
64359,0.487300
64379,9.102380
64399,8.766891
64419,9.102380
64439,8.766891
64459,9.102380
64479,9.102380
64499,9.102380
64519,9.102380
64539,9.102380
64559,9.102380
64579,9.102380
64599,9.102380
64619,9.102380
64639,9.102380
64659,9.102380
64679,9.102380
64699,9.102380
64719,9.102380
64739,9.102380
64759,9.102380
64779,9.102380
64799,9.102380
64819,9.102380
64839,9.102380
64859,9.102380
64879,9.102380
64899,9.102380
64919,9.102380
64939,9.102380
64959,9.102380
64979,9.102380
64999,9.102380
65019,9.102380
65039,9.102380
65059,7.385949
65079,9.102380
65099,9.102380
65119,9.102380
65139,9.102380
65159,9.102380
65179,9.102380
65199,9.102380
65219,9.102380
65239,9.102380
65259,9.102380
65279,9.102380
65299,9.102380
65319,9.102380
65339,9.102380
65359,9.102380
65379,9.102380
65399,9.102380
65419,9.102380
65439,9.102380
65459,9.102380
65479,9.102380
65499,9.102380
65519,9.102380
65539,9.102380
65559,9.102380
65579,9.102380
65599,9.102380
65619,9.102380
65639,9.102380
65659,9.102380
65679,9.102380
65699,9.102380
65719,9.102380
65739,9.102380
65759,9.102380
65779,9.102380
65799,9.102380
65819,9.102380
65839,9.102380
65859,9.102380
65879,9.102380
65899,9.102380
65919,9.102380
65939,9.102380
65959,9.102380
65979,9.102380
65999,9.102380
66019,9.102380
66039,9.102380
66059,9.102380
66079,9.102380
66099,9.102380
66119,9.102380
66139,9.102380
66159,9.102380
66179,9.102380
66199,9.102380
66219,9.102380
66239,9.102380
66259,9.102380
66279,9.102380
66299,9.102380
66319,9.102380
66339,9.102380
66359,9.102380
66379,9.102380
66399,9.102380
66419,9.102380
66439,9.102380
66459,9.102380
66479,9.102380
66499,9.102380
66519,9.102380
66539,9.102380
66559,9.102380
66579,9.102380
66599,9.102380
66619,9.102380
66639,9.102380
66659,9.102380
66679,9.102380
66699,9.102380
66719,9.102380
66739,9.102380
66759,9.102380
66779,9.102380
66799,9.102380
66819,9.102380
66839,9.102380
66859,9.102380
66879,9.102380
66899,9.102380
66919,9.102380
66939,9.102380
66959,9.102380
66979,9.102380
66999,9.102380
67019,9.102380
67039,9.102380
67059,9.102380
67079,9.102380
67099,9.102380
67119,9.102380
67139,9.102380
67159,9.102380
67179,9.102380
67199,9.102380
67219,9.102380
67239,9.102380
67259,9.102380
67279,9.102380
67299,9.102380
67319,9.102380
67339,9.102380
67359,9.102380
67379,9.102380
67399,9.102380
67419,9.102380
67439,9.102380
67459,9.102380
67479,9.102380
67499,9.102380
67519,9.102380
67539,9.102380
67559,9.102380
67579,9.102380
67599,9.102380
67619,9.102380
67639,9.102380
67659,9.102380
67679,9.102380
67699,9.102380
67719,9.102380
67739,9.102380
67759,9.102380
67779,9.102380
67799,9.102380
67819,9.102380
67839,9.102380
67859,9.102380
67879,9.102380
67899,9.102380
67919,9.102380
67939,9.102380
67959,9.102380
67979,9.102380
67999,9.102380
68019,9.102380
68039,9.102380
68059,9.102380
68079,9.102380
68099,9.102380
68119,9.102380
68139,9.102380
68159,9.102380
68179,9.102380
68199,9.102380
68219,9.102380
68239,9.102380
68259,9.102380
68279,9.102380
68299,9.102380
68319,9.102380
68339,9.102380
68359,9.102380
68379,9.102380
68399,9.102380
68419,9.102380
68439,9.102380
68459,9.102380
68479,9.102380
68499,9.102380
68519,9.102380
68539,9.102380
68559,9.102380
68579,9.102380
68599,9.102380
68619,9.102380
68639,9.102380
68659,9.102380
68679,9.102380
68699,9.102380
68719,9.102380
68739,9.102380
68759,9.102380
68779,9.102380
68799,9.102380
68819,9.102380
68839,9.102380
68859,9.102380
68879,9.102380
68899,9.102380
68919,9.102380
68939,9.102380
68959,9.102380
68979,9.102380
68999,9.102380
69019,9.102380
69039,9.102380
69059,9.102380
69079,9.102380
69099,9.102380
69119,9.102380
69139,9.102380
69159,9.102380
69179,9.102380
69199,9.102380
69219,9.102380
69239,9.102380
69259,9.102380
69279,9.102380
69299,9.102380
69319,9.102380
69339,9.102380
69359,9.102380
69379,9.102380
69399,9.102380
69419,9.102380
69439,9.102380
69459,9.102380
69479,9.102380
69499,9.102380
69519,9.102380
69539,9.102380
69559,9.102380
69579,9.102380
69599,9.102380
69619,9.102380
69639,9.102380
69659,9.102380
69679,9.102380
69699,9.102380
69719,9.102380
69739,9.102380
69759,9.102380
69779,9.102380
69799,9.102380
69819,9.102380
69839,9.102380
69859,9.102380
69879,9.102380
69899,9.102380
69919,9.102380
69939,9.102380
69959,9.102380
69979,9.102380
69999,9.102380
70019,9.102380
70039,9.102380
70059,9.102380
70079,9.102380
70099,9.102380
70119,9.102380
70139,9.102380
70159,4.422323
70179,9.102380
70199,9.102380
70219,9.102380
70239,9.102380
70259,9.102380
70279,9.102380
70299,9.102380
70319,9.102380
70339,9.102380
70359,9.102380
70379,8.766891
70399,9.102380
70419,8.766891
70439,8.766891
70459,9.102380
70479,9.102380
70499,9.102380
70519,9.102380
70539,9.102380
70559,9.102380
70579,9.102380
70599,9.102380
70619,9.102380
70639,9.102380
70659,9.102380
70679,9.102380
70699,9.102380
70719,9.102380
70739,9.102380
70759,9.102380
70779,9.102380
70799,9.102380
70819,9.102380
70839,9.102380
70859,9.102380
70879,9.102380
70899,9.102380
70919,9.102380
70939,9.102380
70959,9.102380
70979,9.102380
70999,9.102380
71019,9.102380
71039,9.102380
71059,9.102380
71079,9.102380
71099,9.102380
71119,9.102380
71139,9.102380
71159,9.102380
71179,9.102380
71199,9.102380
71219,9.102380
71239,9.102380
71259,9.102380
71279,9.102380
71299,9.102380
71319,9.102380
71339,9.102380
71359,9.102380
71379,9.102380
71399,9.102380
71419,9.102380
71439,9.102380
71459,9.102380
71479,9.102380
71499,9.102380
71519,9.102380
71539,9.102380
71559,9.102380
71579,9.102380
71599,9.102380
71619,9.102380
71639,9.102380
71659,9.102380
71679,9.102380
71699,9.102380
71719,9.102380
71739,9.102380
71759,9.102380
71779,9.102380
71799,9.102380
71819,9.102380
71839,9.102380
71859,9.102380
71879,9.102380
71899,9.102380
71919,9.102380
71939,9.102380
71959,9.102380
71979,9.102380
71999,9.102380
72019,9.102380
72039,9.102380
72059,9.102380
72079,9.102380
72099,9.102380
72119,9.102380
72139,9.102380
72159,9.102380
72179,9.102380
72199,9.102380
72219,9.102380
72239,9.102380
72259,9.102380
72279,9.102380
72299,9.102380
72319,9.102380
72339,9.102380
72359,9.102380
72379,9.102380
72399,9.102380
72419,9.102380
72439,9.102380
72459,8.766891
72479,9.102380
72499,9.102380
72519,9.102380
72539,9.102380
72559,9.102380
72579,9.102380
72599,9.102380
72619,9.102380
72639,9.102380
72659,9.102380
72679,9.102380
72699,9.102380
72719,9.102380
72739,9.102380
72759,9.102380
72779,9.102380
72799,9.102380
72819,9.102380
72839,9.102380
72859,9.102380
72879,9.102380
72899,9.102380
72919,9.102380
72939,9.102380
72959,9.102380
72979,9.102380
72999,9.102380
73019,9.102380
73039,9.102380
73059,9.102380
73079,9.102380
73099,9.102380
73119,9.102380
73139,9.102380
73159,9.102380
73179,9.102380
73199,9.102380
73219,9.102380
73239,9.102380
73259,9.102380
73279,9.102380
73299,9.102380
73319,9.102380
73339,9.102380
73359,9.102380
73379,9.102380
73399,9.102380
73419,9.102380
73439,9.102380
73459,9.102380
73479,9.102380
73499,9.102380
73519,9.102380
73539,9.102380
73559,9.102380
73579,9.102380
73599,9.102380
73619,9.102380
73639,9.102380
73659,9.102380
73679,9.102380
73699,9.102380
73719,9.102380
73739,9.102380
73759,9.102380
73779,9.102380
73799,9.102380
73819,9.102380
73839,9.102380
73859,9.102380
73879,9.102380
73899,9.102380
73919,9.102380
73939,9.102380
73959,9.102380
73979,9.102380
73999,9.102380
74019,9.102380
74039,9.102380
74059,9.102380
74079,9.102380
74099,9.102380
74119,9.102380
74139,9.102380
74159,9.102380
74179,9.102380
74199,9.102380
74219,9.102380
74239,9.102380
74259,9.102380
74279,9.102380
74299,9.102380
74319,9.102380
74339,9.102380
74359,9.102380
74379,9.102380
74399,9.102380
74419,9.102380
74439,9.102380
74459,9.102380
74479,9.102380
74499,9.102380
74519,9.102380
74539,9.102380
74559,9.102380
74579,9.102380
74599,9.102380
74619,9.102380
74639,9.102380
74659,9.102380
74679,9.102380
74699,9.102380
74719,9.102380
74739,9.102380
74759,9.102380
74779,9.102380
74799,9.102380
74819,9.102380
74839,9.102380
74859,9.102380
74879,9.102380
74899,9.102380
74919,9.102380
74939,9.102380
74959,9.102380
74979,9.102380
74999,9.102380
75019,9.102380
75039,9.102380
75059,9.102380
75079,9.102380
75099,9.102380
75119,9.102380
75139,9.102380
75159,9.102380
75179,9.102380
75199,9.102380
75219,9.102380
75239,9.102380
75259,9.102380
75279,9.102380
75299,9.102380
75319,9.102380
75339,9.102380
75359,9.102380
75379,9.102380
75399,9.102380
75419,9.102380
75439,9.102380
75459,9.102380
75479,9.102380
75499,9.102380
75519,9.102380
75539,9.102380
75559,9.102380
75579,9.102380
75599,9.102380
75619,9.102380
75639,9.102380
75659,9.102380
75679,9.102380
75699,8.766891
75719,9.102380
75739,9.102380
75759,9.102380
75779,9.102380
75799,9.102380
75819,9.102380
75839,9.102380
75859,9.102380
75879,9.102380
75899,9.102380
75919,9.102380
75939,9.102380
75959,9.102380
75979,9.102380
75999,9.102380
76019,9.102380
76039,9.102380
76059,9.102380
76079,9.102380
76099,9.102380
76119,9.102380
76139,9.102380
76159,9.102380
76179,9.102380
76199,9.102380
76219,9.102380
76239,9.102380
76259,9.102380
76279,9.102380
76299,9.102380
76319,9.102380
76339,9.102380
76359,9.102380
76379,9.102380
76399,9.102380
76419,9.102380
76439,9.102380
76459,9.102380
76479,9.102380
76499,9.102380
76519,9.102380
76539,9.102380
76559,9.102380
76579,9.102380
76599,9.102380
76619,9.102380
76639,9.102380
76659,9.102380
76679,9.102380
76699,9.102380
76719,9.102380
76739,9.102380
76759,9.102380
76779,9.102380
76799,9.102380
76819,9.102380
76839,9.102380
76859,9.102380
76879,9.102380
76899,9.102380
76919,9.102380
76939,9.102380
76959,9.102380
76979,9.102380
76999,9.102380
77019,9.102380
77039,9.102380
77059,9.102380
77079,9.102380
77099,9.102380
77119,9.102380
77139,9.102380
77159,9.102380
77179,9.102380
77199,9.102380
77219,9.102380
77239,9.102380
77259,9.102380
77279,9.102380
77299,9.102380
77319,9.102380
77339,9.102380
77359,9.102380
77379,9.102380
77399,9.102380
77419,9.102380
77439,9.102380
77459,9.102380
77479,9.102380
77499,9.102380
77519,9.102380
77539,9.102380
77559,9.102380
77579,9.102380
77599,9.102380
77619,9.102380
77639,9.102380
77659,9.102380
77679,9.102380
77699,9.102380
77719,9.102380
77739,9.102380
77759,9.102380
77779,9.102380
77799,9.102380
77819,9.102380
77839,9.102380
77859,9.102380
77879,9.102380
77899,9.102380
77919,9.102380
77939,9.102380
77959,9.102380
77979,9.102380
77999,9.102380
78019,9.102380
78039,9.102380
78059,9.102380
78079,9.102380
78099,9.102380
78119,9.102380
78139,9.102380
78159,9.102380
78179,9.102380
78199,9.102380
78219,9.102380
78239,9.102380
78259,9.102380
78279,9.102380
78299,9.102380
78319,9.102380
78339,9.102380
78359,9.102380
78379,9.102380
78399,9.102380
78419,9.102380
78439,9.102380
78459,9.102380
78479,9.102380
78499,9.102380
78519,9.102380
78539,9.102380
78559,9.102380
78579,9.102380
78599,9.102380
78619,9.102380
78639,9.102380
78659,9.102380
78679,9.102380
78699,9.102380
78719,9.102380
78739,9.102380
78759,9.102380
78779,9.102380
78799,9.102380
78819,9.102380
78839,9.102380
78859,9.102380
78879,9.102380
78899,9.102380
78919,9.102380
78939,9.102380
78959,9.102380
78979,9.102380
78999,9.102380
79019,9.102380
79039,9.102380
79059,9.102380
79079,9.102380
79099,9.102380
79119,9.102380
79139,9.102380
79159,9.102380
79179,9.102380
79199,9.102380
79219,9.102380
79239,9.102380
79259,9.102380
79279,9.102380
79299,9.102380
79319,9.102380
79339,9.102380
79359,9.102380
79379,9.102380
79399,9.102380
79419,9.102380
79439,9.102380
79459,9.102380
79479,9.102380
79499,9.102380
79519,9.102380
79539,9.102380
79559,9.102380
79579,9.102380
79599,9.102380
79619,9.102380
79639,9.102380
79659,9.102380
79679,9.102380
79699,9.102380
79719,9.102380
79739,9.102380
79759,9.102380
79779,9.102380
79799,9.102380
79819,9.102380
79839,9.102380
79859,9.102380
79879,9.102380
79899,9.102380
79919,9.102380
79939,9.102380
79959,9.102380
79979,9.102380
79999,9.102380
80019,9.102380
80039,9.102380
80059,9.102380
80079,9.102380
80099,9.102380
80119,9.102380
80139,9.102380
80159,9.102380
80179,9.102380
80199,9.102380
80219,9.102380
80239,9.102380
80259,9.102380
80279,9.102380
80299,9.102380
80319,9.102380
80339,9.102380
80359,9.102380
80379,9.102380
80399,9.102380
80419,9.102380
80439,9.102380
80459,9.102380
80479,9.102380
80499,9.102380
80519,9.102380
80539,9.102380
80559,9.102380
80579,9.102380
80599,9.102380
80619,9.102380
80639,9.102380
80659,9.102380
80679,9.102380
80699,9.102380
80719,9.102380
80739,9.102380
80759,9.102380
80779,9.102380
80799,9.102380
80819,9.102380
80839,9.102380
80859,9.102380
80879,9.102380
80899,9.102380
80919,9.102380
80939,9.102380
80959,9.102380
80979,9.102380
80999,9.102380
81019,9.102380
81039,9.102380
81059,9.102380
81079,9.102380
81099,9.102380
81119,9.102380
81139,9.102380
81159,9.102380
81179,9.102380
81199,9.102380
81219,9.102380
81239,9.102380
81259,9.102380
81279,9.102380
81299,8.606511
81319,9.102380
81339,9.102380
81359,9.102380
81379,9.102380
81399,9.102380
81419,9.102380
81439,9.102380
81459,9.102380
81479,9.102380
81499,9.102380
81519,9.102380
81539,9.102380
81559,9.102380
81579,9.102380
81599,9.102380
81619,9.102380
81639,9.102380
81659,9.102380
81679,9.102380
81699,9.102380
81719,9.102380
81739,9.102380
81759,9.102380
81779,9.102380
81799,9.102380
81819,9.102380
81839,9.102380
81859,9.102380
81879,9.102380
81899,9.102380
81919,9.102380
81939,9.102380
81959,9.102380
81979,9.102380
81999,9.102380
82019,9.102380
82039,9.102380
82059,9.102380
82079,9.102380
82099,9.102380
82119,9.102380
82139,4.305859
82159,9.102380
82179,9.102380
82199,9.102380
82219,9.102380
82239,9.102380
82259,9.102380
82279,9.102380
82299,9.102380
82319,9.102380
82339,9.102380
82359,9.102380
82379,9.102380
82399,9.102380
82419,9.102380
82439,9.102380
82459,9.102380
82479,9.102380
82499,9.102380
82519,9.102380
82539,9.102380
82559,9.102380
82579,9.102380
82599,9.102380
82619,9.102380
82639,9.102380
82659,9.102380
82679,9.102380
82699,9.102380
82719,9.102380
82739,9.102380
82759,9.102380
82779,9.102380
82799,9.102380
82819,9.102380
82839,9.102380
82859,9.102380
82879,9.102380
82899,9.102380
82919,9.102380
82939,9.102380
82959,9.102380
82979,9.102380
82999,9.102380
83019,9.102380
83039,9.102380
83059,9.102380
83079,9.102380
83099,9.102380
83119,9.102380
83139,9.102380
83159,9.102380
83179,9.102380
83199,9.102380
83219,9.102380
83239,9.102380
83259,9.102380
83279,9.102380
83299,9.102380
83319,9.102380
83339,9.102380
83359,9.102380
83379,9.102380
83399,9.102380
83419,9.102380
83439,9.102380
83459,9.102380
83479,9.102380
83499,9.102380
83519,9.102380
83539,9.102380
83559,9.102380
83579,9.102380
83599,9.102380
83619,9.102380
83639,9.102380
83659,9.102380
83679,9.102380
83699,9.102380
83719,9.102380
83739,9.102380
83759,9.102380
83779,9.102380
83799,9.102380
83819,9.102380
83839,9.102380
83859,9.102380
83879,9.102380
83899,9.102380
83919,9.102380
83939,9.102380
83959,9.102380
83979,9.102380
83999,9.102380
84019,9.102380
84039,9.102380
84059,9.102380
84079,9.102380
84099,9.102380
84119,9.102380
84139,9.102380
84159,9.102380
84179,9.102380
84199,9.102380
84219,9.102380
84239,9.102380
84259,9.102380
84279,9.102380
84299,9.102380
84319,9.102380
84339,9.102380
84359,9.102380
84379,9.102380
84399,9.102380
84419,9.102380
84439,9.102380
84459,9.102380
84479,9.102380
84499,9.102380
84519,9.102380
84539,9.102380
84559,9.102380
84579,9.102380
84599,9.102380
84619,9.102380
84639,9.102380
84659,9.102380
84679,9.102380
84699,9.102380
84719,9.102380
84739,9.102380
84759,9.102380
84779,9.102380
84799,9.102380
84819,9.102380
84839,9.102380
84859,9.102380
84879,9.102380
84899,9.102380
84919,9.102380
84939,9.102380
84959,9.102380
84979,9.102380
84999,9.102380
85019,9.102380
85039,9.102380
85059,9.102380
85079,9.102380
85099,9.102380
85119,9.102380
85139,9.102380
85159,9.102380
85179,9.102380
85199,9.102380
85219,9.102380
85239,9.102380
85259,9.102380
85279,9.102380
85299,9.102380
85319,9.102380
85339,9.102380
85359,9.102380
85379,9.102380
85399,9.102380
85419,9.102380
85439,9.102380
85459,9.102380
85479,9.102380
85499,9.102380
85519,9.102380
85539,9.102380
85559,9.102380
85579,9.102380
85599,9.102380
85619,9.102380
85639,9.102380
85659,9.102380
85679,9.102380
85699,9.102380
85719,9.102380
85739,9.102380
85759,9.102380
85779,9.102380
85799,9.102380
85819,9.102380
85839,9.102380
85859,9.102380
85879,9.102380
85899,8.766891
85919,9.102380
85939,9.102380
85959,9.102380
85979,9.102380
85999,9.102380
86019,9.102380
86039,9.102380
86059,9.102380
86079,9.102380
86099,9.102380
86119,9.102380
86139,9.102380
86159,9.102380
86179,9.102380
86199,9.102380
86219,9.102380
86239,9.102380
86259,9.102380
86279,9.102380
86299,9.102380
86319,9.102380
86339,9.102380
86359,9.102380
86379,9.102380
86399,9.102380
86419,9.102380
86439,9.102380
86459,9.102380
86479,9.102380
86499,9.102380
86519,9.102380
86539,9.102380
86559,9.102380
86579,9.102380
86599,9.102380
86619,9.102380
86639,9.102380
86659,9.102380
86679,9.102380
86699,9.102380
86719,9.102380
86739,9.102380
86759,9.102380
86779,9.102380
86799,9.102380
86819,9.102380
86839,9.102380
86859,9.102380
86879,9.102380
86899,9.102380
86919,9.102380
86939,9.102380
86959,9.102380
86979,9.102380
86999,9.102380
87019,9.102380
87039,9.102380
87059,9.102380
87079,9.102380
87099,9.102380
87119,9.102380
87139,9.102380
87159,9.102380
87179,9.102380
87199,9.102380
87219,9.102380
87239,9.102380
87259,9.102380
87279,8.750707
87299,9.102380
87319,9.102380
87339,9.102380
87359,9.102380
87379,9.102380
87399,9.102380
87419,9.102380
87439,9.102380
87459,9.102380
87479,9.102380
87499,9.102380
87519,9.102380
87539,9.102380
87559,9.102380
87579,9.102380
87599,9.102380
87619,9.102380
87639,9.102380
87659,9.102380
87679,9.102380
87699,9.102380
87719,9.102380
87739,9.102380
87759,9.102380
87779,9.102380
87799,9.102380
87819,9.102380
87839,9.102380
87859,9.102380
87879,9.102380
87899,9.102380
87919,9.102380
87939,9.102380
87959,9.102380
87979,9.102380
87999,9.102380
88019,9.102380
88039,9.102380
88059,9.102380
88079,9.102380
88099,9.102380
88119,9.102380
88139,9.102380
88159,9.102380
88179,9.102380
88199,9.102380
88219,9.102380
88239,9.102380
88259,9.102380
88279,9.102380
88299,9.102380
88319,9.102380
88339,9.102380
88359,9.102380
88379,9.102380
88399,9.102380
88419,8.606511
88439,9.102380
88459,9.102380
88479,9.102380
88499,9.102380
88519,9.102380
88539,9.102380
88559,9.102380
88579,9.102380
88599,9.102380
88619,9.102380
88639,9.102380
88659,9.102380
88679,9.102380
88699,9.102380
88719,9.102380
88739,9.102380
88759,9.102380
88779,9.102380
88799,9.102380
88819,9.102380
88839,9.102380
88859,9.102380
88879,9.102380
88899,9.102380
88919,9.102380
88939,9.102380
88959,9.102380
88979,9.102380
88999,9.102380
89019,9.102380
89039,9.102380
89059,9.102380
89079,9.102380
89099,9.102380
89119,9.102380
89139,9.102380
89159,9.102380
89179,9.102380
89199,9.102380
89219,9.102380
89239,9.102380
89259,9.102380
89279,9.102380
89299,9.102380
89319,9.102380
89339,9.102380
89359,9.102380
89379,9.102380
89399,9.102380
89419,9.102380
89439,9.102380
89459,8.606511
89479,9.102380
89499,9.102380
89519,9.102380
89539,9.102380
89559,9.102380
89579,9.102380
89599,9.102380
89619,9.102380
89639,9.102380
89659,9.102380
89679,9.102380
89699,9.102380
89719,9.102380
89739,9.102380
89759,9.102380
89779,9.102380
89799,9.102380
89819,9.102380
89839,9.102380
89859,9.102380
89879,9.102380
89899,9.102380
89919,9.102380
89939,9.102380
89959,9.102380
89979,9.102380
89999,9.102380
90019,9.102380
90039,9.102380
90059,9.102380
90079,9.102380
90099,9.102380
90119,9.102380
90139,9.102380
90159,9.102380
90179,9.102380
90199,9.102380
90219,9.102380
90239,9.102380
90259,9.102380
90279,9.102380
90299,9.102380
90319,9.102380
90339,9.102380
90359,9.102380
90379,9.102380
90399,9.102380
90419,9.102380
90439,9.102380
90459,9.102380
90479,4.503643
90499,9.102380
90519,9.102380
90539,9.102380
90559,9.102380
90579,9.102380
90599,9.102380
90619,9.102380
90639,9.102380
90659,9.102380
90679,9.102380
90699,9.102380
90719,9.102380
90739,9.102380
90759,9.102380
90779,9.102380
90799,9.102380
90819,9.102380
90839,9.102380
90859,9.102380
90879,9.102380
90899,9.102380
90919,9.102380
90939,9.102380
90959,9.102380
90979,9.102380
90999,9.102380
91019,9.102380
91039,9.102380
91059,9.102380
91079,9.102380
91099,9.102380
91119,9.102380
91139,9.102380
91159,9.102380
91179,9.102380
91199,9.102380
91219,9.102380
91239,9.102380
91259,9.102380
91279,9.102380
91299,9.102380
91319,9.102380
91339,9.102380
91359,9.102380
91379,9.102380
91399,9.102380
91419,9.102380
91439,9.102380
91459,9.102380
91479,9.102380
91499,9.102380
91519,9.102380
91539,9.102380
91559,9.102380
91579,9.102380
91599,9.102380
91619,9.102380
91639,9.102380
91659,9.102380
91679,9.102380
91699,9.102380
91719,9.102380
91739,9.102380
91759,9.102380
91779,9.102380
91799,9.102380
91819,9.102380
91839,9.102380
91859,9.102380
91879,9.102380
91899,9.102380
91919,9.102380
91939,9.102380
91959,9.102380
91979,9.102380
91999,9.102380
92019,9.102380
92039,9.102380
92059,9.102380
92079,9.102380
92099,9.102380
92119,9.102380
92139,9.102380
92159,9.102380
92179,9.102380
92199,9.102380
92219,9.102380
92239,9.102380
92259,9.102380
92279,9.102380
92299,9.102380
92319,9.102380
92339,9.102380
92359,9.102380
92379,9.102380
92399,9.102380
92419,9.102380
92439,9.102380
92459,9.102380
92479,9.102380
92499,9.102380
92519,9.102380
92539,9.102380
92559,9.102380
92579,9.102380
92599,9.102380
92619,9.102380
92639,9.102380
92659,9.102380
92679,9.102380
92699,9.102380
92719,9.102380
92739,9.102380
92759,9.102380
92779,9.102380
92799,9.102380
92819,9.102380
92839,9.102380
92859,9.102380
92879,9.102380
92899,9.102380
92919,9.102380
92939,9.102380
92959,9.102380
92979,9.102380
92999,9.102380
93019,9.102380
93039,9.102380
93059,9.102380
93079,9.102380
93099,9.102380
93119,9.102380
93139,9.102380
93159,9.102380
93179,9.102380
93199,9.102380
93219,9.102380
93239,9.102380
93259,9.102380
93279,9.102380
93299,9.102380
93319,9.102380
93339,9.102380
93359,9.102380
93379,9.102380
93399,9.102380
93419,9.102380
93439,9.102380
93459,9.102380
93479,9.102380
93499,9.102380
93519,9.102380
93539,9.102380
93559,9.102380
93579,9.102380
93599,9.102380
93619,9.102380
93639,9.102380
93659,9.102380
93679,9.102380
93699,9.102380
93719,9.102380
93739,9.102380
93759,9.102380
93779,9.102380
93799,9.102380
93819,9.102380
93839,9.102380
93859,9.102380
93879,9.102380
93899,9.102380
93919,9.102380
93939,9.102380
93959,9.102380
93979,9.102380
93999,9.102380
94019,9.102380
94039,9.102380
94059,9.102380
94079,9.102380
94099,9.102380
94119,9.102380
94139,9.102380
94159,9.102380
94179,9.102380
94199,9.102380
94219,9.102380
94239,9.102380
94259,9.102380
94279,9.102380
94299,9.102380
94319,9.102380
94339,9.102380
94359,9.102380
94379,9.102380
94399,9.102380
94419,9.102380
94439,9.102380
94459,9.102380
94479,9.102380
94499,9.102380
94519,9.102380
94539,9.102380
94559,9.102380
94579,9.102380
94599,9.102380
94619,9.102380
94639,9.102380
94659,9.102380
94679,9.102380
94699,9.102380
94719,9.102380
94739,9.102380
94759,9.102380
94779,9.102380
94799,9.102380
94819,9.102380
94839,9.102380
94859,9.102380
94879,9.102380
94899,9.102380
94919,9.102380
94939,9.102380
94959,9.102380
94979,9.102380
94999,9.102380
95019,9.102380
95039,9.102380
95059,9.102380
95079,9.102380
95099,9.102380
95119,9.102380
95139,9.102380
95159,9.102380
95179,9.102380
95199,9.102380
95219,9.102380
95239,9.102380
95259,9.102380
95279,9.102380
95299,9.102380
95319,9.102380
95339,9.102380
95359,9.102380
95379,9.102380
95399,9.102380
95419,9.102380
95439,9.102380
95459,9.102380
95479,9.102380
95499,9.102380
95519,9.102380
95539,9.102380
95559,9.102380
95579,9.102380
95599,9.102380
95619,9.102380
95639,9.102380
95659,9.102380
95679,9.102380
95699,9.102380
95719,9.102380
95739,9.102380
95759,9.102380
95779,9.102380
95799,9.102380
95819,9.102380
95839,9.102380
95859,9.102380
95879,9.102380
95899,9.102380
95919,9.102380
95939,9.102380
95959,9.102380
95979,9.102380
95999,9.102380
96019,9.102380
96039,9.102380
96059,9.102380
96079,9.102380
96099,9.102380
96119,9.102380
96139,9.102380
96159,9.102380
96179,9.102380
96199,9.102380
96219,9.102380
96239,9.102380
96259,9.102380
96279,9.102380
96299,9.102380
96319,9.102380
96339,9.102380
96359,9.102380
96379,9.102380
96399,9.102380
96419,9.102380
96439,9.102380
96459,9.102380
96479,9.102380
96499,9.102380
96519,9.102380
96539,9.102380
96559,9.102380
96579,9.102380
96599,9.102380
96619,9.102380
96639,9.102380
96659,9.102380
96679,9.102380
96699,9.102380
96719,9.102380
96739,9.102380
96759,9.102380
96779,9.102380
96799,9.102380
96819,9.102380
96839,9.102380
96859,9.102380
96879,9.102380
96899,9.102380
96919,9.102380
96939,9.102380
96959,9.102380
96979,9.102380
96999,9.102380
97019,9.102380
97039,9.102380
97059,9.102380
97079,9.102380
97099,9.102380
97119,9.102380
97139,9.102380
97159,9.102380
97179,9.102380
97199,9.102380
97219,9.102380
97239,9.102380
97259,9.102380
97279,9.102380
97299,9.102380
97319,9.102380
97339,9.102380
97359,9.102380
97379,9.102380
97399,9.102380
97419,9.102380
97439,9.102380
97459,9.102380
97479,9.102380
97499,9.102380
97519,9.102380
97539,9.102380
97559,9.102380
97579,9.102380
97599,9.102380
97619,9.102380
97639,9.102380
97659,9.102380
97679,9.102380
97699,9.102380
97719,9.102380
97739,9.102380
97759,9.102380
97779,9.102380
97799,9.102380
97819,9.102380
97839,9.102380
97859,9.102380
97879,9.102380
97899,9.102380
97919,9.102380
97939,9.102380
97959,9.102380
97979,9.102380
97999,9.102380
98019,9.102380
98039,9.102380
98059,9.102380
98079,9.102380
98099,9.102380
98119,9.102380
98139,9.102380
98159,9.102380
98179,9.102380
98199,9.102380
98219,9.102380
98239,9.102380
98259,9.102380
98279,9.102380
98299,9.102380
98319,8.766891
98339,-1.100055
98359,9.102380
98379,9.102380
98399,9.102380
98419,9.102380
98439,9.102380
98459,9.102380
98479,9.102380
98499,9.102380
98519,9.102380
98539,9.102380
98559,9.102380
98579,9.102380
98599,9.102380
98619,9.102380
98639,9.102380
98659,9.102380
98679,9.102380
98699,9.102380
98719,9.102380
98739,9.102380
98759,9.102380
98779,9.102380
98799,9.102380
98819,9.102380
98839,9.102380
98859,9.102380
98879,9.102380
98899,9.102380
98919,9.102380
98939,9.102380
98959,9.102380
98979,9.102380
98999,9.102380
99019,9.102380
99039,9.102380
99059,9.102380
99079,9.102380
99099,9.102380
99119,9.102380
99139,9.102380
99159,9.102380
99179,9.102380
99199,9.102380
99219,9.102380
99239,9.102380
99259,9.102380
99279,9.102380
99299,9.102380
99319,9.102380
99339,9.102380
99359,9.102380
99379,9.102380
99399,9.102380
99419,9.102380
99439,9.102380
99459,9.102380
99479,9.102380
99499,9.102380
99519,9.102380
99539,9.102380
99559,9.102380
99579,9.102380
99599,9.102380
99619,9.102380
99639,9.102380
99659,9.102380
99679,9.102380
99699,9.102380
99719,9.102380
99739,9.102380
99759,9.102380
99779,9.102380
99799,9.102380
99819,9.102380
99839,9.102380
99859,9.102380
99879,9.102380
99899,9.102380
99919,9.102380
99939,9.102380
99959,9.102380
99979,9.102380
99999,9.102380
