19,4.506037
39,-31.469979
59,-30.729239
79,-23.306714
99,-7.324193
119,4.506037
139,0.424171
159,2.890048
179,0.280552
199,-8.648403
219,1.609605
239,-7.010621
259,3.437618
279,-31.469979
299,-5.571776
319,-11.241842
339,3.679884
359,0.650817
379,-31.469979
399,7.231319
419,-27.869619
439,3.506388
459,2.256599
479,2.546414
499,-31.469979
519,-31.469979
539,7.302867
559,3.271165
579,7.516375
599,4.382864
619,3.760373
639,6.474685
659,-0.094720
679,1.653710
699,6.816847
719,3.330292
739,3.587106
759,5.921904
779,-31.469979
799,6.836210
819,5.351213
839,1.611695
859,-25.949053
879,6.841709
899,7.702613
919,2.451323
939,8.247244
959,6.797635
979,5.532673
999,2.627056
1019,6.285796
1039,6.668946
1059,6.836210
1079,7.214740
1099,2.702927
1119,8.070837
1139,7.920110
1159,-0.075445
1179,7.214740
1199,7.859486
1219,8.376764
1239,7.722729
1259,7.214740
1279,3.049833
1299,3.049833
1319,3.049833
1339,3.996687
1359,8.400988
1379,8.169660
1399,7.748262
1419,7.092112
1439,6.780673
1459,7.694512
1479,7.163398
1499,4.244306
1519,7.227339
1539,7.092112
1559,8.400988
1579,7.335991
1599,7.548109
1619,7.623872
1639,7.440527
1659,7.623872
1679,7.163398
1699,7.773828
1719,7.755827
1739,7.773828
1759,7.840806
1779,7.227339
1799,7.163398
1819,7.776285
1839,7.776285
1859,7.776285
1879,7.031992
1899,7.227339
1919,7.163398
1939,7.776285
1959,7.840806
1979,7.840806
1999,7.163398
2019,7.462312
2039,7.776285
2059,2.735252
2079,7.750800
2099,7.878555
2119,7.011696
2139,7.516375
2159,7.256466
2179,7.418910
2199,6.062488
2219,6.675024
2239,7.378942
2259,6.896839
2279,6.531336
2299,6.260891
2319,7.959333
2339,7.041770
2359,7.277575
2379,5.956153
2399,7.959333
2419,7.959333
2439,5.455119
2459,6.531336
2479,7.277575
2499,7.857317
2519,6.936291
2539,6.936291
2559,5.299555
2579,5.299555
2599,6.662316
2619,6.283123
2639,4.712923
2659,5.997384
2679,6.095466
2699,7.526160
2719,6.265870
2739,7.799427
2759,7.526160
2779,7.799427
2799,7.526160
2819,6.662316
2839,6.742456
2859,6.855724
2879,6.742456
2899,7.620930
2919,7.620930
2939,6.966503
2959,7.595563
2979,7.256466
2999,7.595563
3019,6.951754
3039,6.951754
3059,5.972943
3079,5.110538
3099,7.878555
3119,7.878555
3139,7.526160
3159,7.878555
3179,5.110538
3199,6.951754
3219,5.110538
3239,7.799427
3259,4.845461
3279,7.878555
3299,7.469219
3319,7.526160
3339,7.469219
3359,7.671763
3379,7.799427
3399,-0.722250
3419,7.526160
3439,2.735252
3459,3.996687
3479,7.878555
3499,7.878555
3519,4.182771
3539,7.041770
3559,7.671763
3579,7.878555
3599,6.258480
3619,7.147111
3639,7.671763
3659,6.258480
3679,6.662316
3699,3.934162
3719,3.996687
3739,3.996687
3759,4.641132
3779,5.423225
3799,6.886185
3819,6.290437
3839,5.121830
3859,6.886185
3879,6.470047
3899,6.911222
3919,7.748262
3939,7.748262
3959,6.925813
3979,7.214231
3999,7.361190
4019,7.361190
4039,6.911222
4059,7.046611
4079,7.878555
4099,6.971579
4119,7.046611
4139,5.358330
4159,7.526160
4179,7.878555
4199,7.878555
4219,7.214740
4239,7.671763
4259,7.526160
4279,7.526160
4299,6.836210
4319,6.836210
4339,6.836210
4359,6.005366
4379,9.755292
4399,7.620930
4419,7.526160
4439,7.799427
4459,8.943190
4479,8.943190
4499,8.943190
4519,9.755292
4539,7.214740
4559,9.755292
4579,9.755292
4599,9.755292
4619,9.755292
4639,8.943190
4659,8.943190
4679,9.575272
4699,9.575272
4719,9.575272
4739,8.943190
4759,9.755292
4779,9.247050
4799,9.098496
4819,8.943190
4839,9.098496
4859,6.668946
4879,6.668946
4899,7.393804
4919,9.299251
4939,9.299251
4959,9.299251
4979,9.299251
4999,9.299251
5019,9.299251
5039,9.575272
5059,9.299251
5079,9.299251
5099,9.299251
5119,9.299251
5139,9.299251
5159,9.299251
5179,9.299251
5199,9.299251
5219,9.299251
5239,9.299251
5259,9.299251
5279,9.299251
5299,9.503132
5319,9.299251
5339,9.299251
5359,9.299251
5379,7.393804
5399,9.503132
5419,9.503132
5439,9.503132
5459,9.503132
5479,9.503132
5499,9.503132
5519,9.503132
5539,9.503132
5559,9.503132
5579,9.503132
5599,9.503132
5619,9.503132
5639,9.503132
5659,9.072306
5679,9.503132
5699,9.072306
5719,9.503132
5739,9.072306
5759,9.503132
5779,9.072306
5799,9.503132
5819,9.098496
5839,9.098496
5859,9.098496
5879,9.098496
5899,9.098496
5919,9.098496
5939,9.098496
5959,9.098496
5979,9.098496
5999,9.072306
6019,9.072306
6039,9.503132
6059,9.072306
6079,9.503132
6099,9.503132
6119,9.503132
6139,9.503132
6159,9.503132
6179,9.503132
6199,9.503132
6219,9.503132
6239,9.503132
6259,9.503132
6279,9.503132
6299,9.503132
6319,9.503132
6339,9.503132
6359,9.503132
6379,9.503132
6399,9.503132
6419,9.503132
6439,9.503132
6459,9.503132
6479,9.503132
6499,9.503132
6519,9.503132
6539,9.503132
6559,9.503132
6579,9.503132
6599,9.503132
6619,9.503132
6639,9.503132
6659,9.503132
6679,9.503132
6699,9.503132
6719,9.503132
6739,9.503132
6759,9.503132
6779,9.503132
6799,9.503132
6819,9.503132
6839,9.503132
6859,9.503132
6879,9.503132
6899,9.503132
6919,9.503132
6939,9.503132
6959,9.503132
6979,9.503132
6999,9.503132
7019,9.503132
7039,9.503132
7059,9.503132
7079,9.503132
7099,9.503132
7119,9.503132
7139,9.503132
7159,9.503132
7179,9.503132
7199,9.503132
7219,9.503132
7239,9.503132
7259,9.503132
7279,9.503132
7299,9.503132
7319,9.503132
7339,9.503132
7359,9.503132
7379,9.503132
7399,4.498400
7419,9.503132
7439,9.503132
7459,9.503132
7479,9.503132
7499,9.503132
7519,9.503132
7539,9.503132
7559,9.503132
7579,9.503132
7599,9.503132
7619,9.503132
7639,9.503132
7659,9.503132
7679,9.503132
7699,9.503132
7719,9.503132
7739,9.503132
7759,9.503132
7779,9.503132
7799,9.503132
7819,9.503132
7839,9.503132
7859,9.503132
7879,9.503132
7899,9.503132
7919,9.503132
7939,9.503132
7959,9.503132
7979,9.503132
7999,9.503132
8019,9.503132
8039,9.503132
8059,9.503132
8079,9.503132
8099,9.503132
8119,9.503132
8139,9.503132
8159,9.503132
8179,9.503132
8199,9.503132
8219,9.503132
8239,9.503132
8259,9.503132
8279,9.503132
8299,9.503132
8319,9.503132
8339,9.503132
8359,9.503132
8379,9.503132
8399,9.503132
8419,9.503132
8439,9.503132
8459,9.503132
8479,9.503132
8499,9.503132
8519,9.503132
8539,9.503132
8559,9.503132
8579,9.503132
8599,9.503132
8619,9.503132
8639,9.503132
8659,9.503132
8679,9.503132
8699,9.503132
8719,9.503132
8739,9.503132
8759,9.503132
8779,9.503132
8799,9.503132
8819,9.503132
8839,9.503132
8859,9.503132
8879,9.503132
8899,9.503132
8919,9.503132
8939,9.503132
8959,9.503132
8979,9.503132
8999,9.503132
9019,9.503132
9039,9.503132
9059,9.503132
9079,9.503132
9099,9.503132
9119,9.503132
9139,9.503132
9159,9.503132
9179,9.503132
9199,9.503132
9219,9.503132
9239,9.503132
9259,9.503132
9279,9.503132
9299,9.503132
9319,9.503132
9339,9.503132
9359,9.503132
9379,9.503132
9399,9.503132
9419,9.503132
9439,9.503132
9459,9.503132
9479,9.503132
9499,9.503132
9519,9.503132
9539,9.503132
9559,9.503132
9579,9.503132
9599,9.503132
9619,9.503132
9639,9.503132
9659,9.503132
9679,9.503132
9699,9.503132
9719,9.503132
9739,9.503132
9759,9.503132
9779,9.503132
9799,9.503132
9819,9.503132
9839,9.503132
9859,9.503132
9879,9.503132
9899,9.503132
9919,9.503132
9939,9.503132
9959,9.503132
9979,9.503132
9999,9.503132
10019,9.503132
10039,9.503132
10059,9.503132
10079,9.503132
10099,9.503132
10119,9.503132
10139,9.503132
10159,9.503132
10179,9.503132
10199,9.503132
10219,9.503132
10239,9.503132
10259,9.503132
10279,9.503132
10299,9.503132
10319,9.503132
10339,9.503132
10359,9.503132
10379,9.503132
10399,9.503132
10419,9.503132
10439,9.503132
10459,9.503132
10479,9.503132
10499,9.503132
10519,9.503132
10539,9.503132
10559,9.503132
10579,9.503132
10599,9.503132
10619,9.503132
10639,9.503132
10659,9.503132
10679,9.503132
10699,9.503132
10719,9.503132
10739,9.503132
10759,9.503132
10779,9.503132
10799,9.503132
10819,9.503132
10839,9.503132
10859,9.503132
10879,9.503132
10899,9.503132
10919,9.503132
10939,9.503132
10959,9.503132
10979,9.503132
10999,8.555927
11019,9.503132
11039,8.013892
11059,9.503132
11079,7.440527
11099,9.604877
11119,10.010557
11139,9.503132
11159,9.503132
11179,9.785626
11199,9.913749
11219,9.503132
11239,9.503132
11259,9.503132
11279,10.085151
11299,9.503132
11319,9.503132
11339,9.604877
11359,9.604877
11379,9.503132
11399,9.503132
11419,9.785626
11439,6.891529
11459,9.503132
11479,9.503132
11499,4.522110
11519,9.785626
11539,9.785626
11559,9.503132
11579,9.503132
11599,9.503132
11619,9.785626
11639,9.503132
11659,9.785626
11679,9.785626
11699,9.993435
11719,9.503132
11739,9.785626
11759,10.111653
11779,9.785626
11799,9.503132
11819,9.503132
11839,9.785626
11859,9.785626
11879,9.785626
11899,9.503132
11919,9.785626
11939,9.785626
11959,9.785626
11979,9.785626
11999,9.503132
12019,9.785626
12039,9.785626
12059,9.785626
12079,9.785626
12099,9.785626
12119,9.785626
12139,9.503132
12159,9.785626
12179,9.785626
12199,9.785626
12219,9.503132
12239,9.503132
12259,9.503132
12279,9.503132
12299,9.503132
12319,9.503132
12339,9.503132
12359,9.503132
12379,9.503132
12399,9.503132
12419,9.503132
12439,9.503132
12459,9.503132
12479,9.503132
12499,9.503132
12519,9.503132
12539,9.503132
12559,9.503132
12579,9.503132
12599,9.503132
12619,9.503132
12639,9.503132
12659,9.503132
12679,9.503132
12699,9.503132
12719,9.503132
12739,9.503132
12759,9.503132
12779,9.503132
12799,9.503132
12819,9.503132
12839,9.503132
12859,9.503132
12879,9.503132
12899,9.503132
12919,9.503132
12939,9.503132
12959,9.503132
12979,9.503132
12999,9.503132
13019,9.503132
13039,9.503132
13059,9.503132
13079,9.503132
13099,9.503132
13119,9.503132
13139,9.503132
13159,9.503132
13179,9.503132
13199,9.503132
13219,9.503132
13239,9.503132
13259,9.503132
13279,9.503132
13299,9.503132
13319,9.503132
13339,9.503132
13359,9.503132
13379,9.503132
13399,9.503132
13419,9.503132
13439,9.503132
13459,9.503132
13479,9.503132
13499,9.503132
13519,9.503132
13539,9.503132
13559,9.503132
13579,9.503132
13599,9.503132
13619,9.503132
13639,9.503132
13659,9.503132
13679,9.503132
13699,9.503132
13719,9.503132
13739,9.503132
13759,9.503132
13779,9.503132
13799,9.503132
13819,9.503132
13839,9.503132
13859,9.503132
13879,9.503132
13899,9.503132
13919,9.503132
13939,9.503132
13959,9.503132
13979,9.503132
13999,9.503132
14019,9.503132
14039,9.503132
14059,9.503132
14079,9.503132
14099,9.503132
14119,9.503132
14139,9.503132
14159,9.503132
14179,9.503132
14199,9.604877
14219,9.604877
14239,9.503132
14259,9.503132
14279,9.503132
14299,9.503132
14319,9.503132
14339,9.503132
14359,9.503132
14379,9.503132
14399,9.503132
14419,9.503132
14439,9.503132
14459,9.503132
14479,9.503132
14499,9.503132
14519,9.503132
14539,9.503132
14559,9.503132
14579,9.503132
14599,9.503132
14619,9.503132
14639,9.503132
14659,9.503132
14679,9.503132
14699,9.503132
14719,9.503132
14739,9.503132
14759,9.503132
14779,9.503132
14799,9.503132
14819,9.503132
14839,9.503132
14859,9.503132
14879,9.503132
14899,9.503132
14919,9.503132
14939,9.503132
14959,9.503132
14979,9.503132
14999,9.503132
15019,9.503132
15039,9.503132
15059,9.503132
15079,9.503132
15099,9.503132
15119,9.503132
15139,9.503132
15159,9.503132
15179,9.503132
15199,9.503132
15219,9.503132
15239,9.503132
15259,9.503132
15279,9.503132
15299,9.503132
15319,9.503132
15339,9.503132
15359,9.503132
15379,9.503132
15399,9.503132
15419,9.503132
15439,9.503132
15459,9.503132
15479,9.503132
15499,9.503132
15519,9.503132
15539,9.653903
15559,9.503132
15579,9.503132
15599,9.503132
15619,9.503132
15639,9.503132
15659,9.503132
15679,9.503132
15699,9.503132
15719,9.503132
15739,9.503132
15759,9.503132
15779,9.503132
15799,9.604877
15819,9.503132
15839,9.503132
15859,9.503132
15879,9.503132
15899,9.503132
15919,9.503132
15939,10.440849
15959,9.503132
15979,9.503132
15999,9.503132
16019,9.503132
16039,9.503132
16059,9.503132
16079,10.440849
16099,6.668946
16119,9.503132
16139,7.469219
16159,9.503132
16179,7.551270
16199,7.551270
16219,9.575272
16239,9.503132
16259,7.447546
16279,10.186072
16299,6.668946
16319,9.503132
16339,6.668946
16359,9.781617
16379,9.503132
16399,9.503132
16419,9.503132
16439,9.503132
16459,9.503132
16479,9.424589
16499,9.781617
16519,9.781617
16539,9.781617
16559,9.781617
16579,8.839100
16599,9.781617
16619,9.781617
16639,10.186072
16659,9.781617
16679,9.781617
16699,9.781617
16719,7.497763
16739,9.781617
16759,9.860795
16779,9.781617
16799,9.781617
16819,9.781617
16839,9.957682
16859,9.781617
16879,9.781617
16899,9.781617
16919,9.781617
16939,9.781617
16959,9.781617
16979,9.781617
16999,9.781617
17019,9.781617
17039,9.781617
17059,9.781617
17079,9.781617
17099,9.781617
17119,9.781617
17139,9.781617
17159,9.781617
17179,9.781617
17199,9.781617
17219,9.781617
17239,9.781617
17259,9.781617
17279,9.781617
17299,9.781617
17319,9.781617
17339,9.781617
17359,9.781617
17379,9.781617
17399,9.781617
17419,9.781617
17439,9.503132
17459,9.781617
17479,7.497763
17499,9.781617
17519,9.781617
17539,9.781617
17559,9.781617
17579,9.781617
17599,9.781617
17619,9.781617
17639,9.781617
17659,9.781617
17679,9.781617
17699,9.781617
17719,9.781617
17739,9.781617
17759,9.781617
17779,9.781617
17799,9.781617
17819,9.781617
17839,9.781617
17859,9.781617
17879,9.781617
17899,9.781617
17919,9.781617
17939,9.781617
17959,9.781617
17979,9.781617
17999,9.781617
18019,9.781617
18039,9.781617
18059,9.781617
18079,9.781617
18099,9.781617
18119,9.781617
18139,9.781617
18159,9.781617
18179,9.781617
18199,9.781617
18219,9.781617
18239,9.781617
18259,9.781617
18279,9.781617
18299,9.781617
18319,9.781617
18339,9.781617
18359,9.781617
18379,9.781617
18399,9.781617
18419,9.781617
18439,9.781617
18459,9.781617
18479,9.503132
18499,9.781617
18519,9.781617
18539,9.781617
18559,9.781617
18579,9.781617
18599,9.781617
18619,9.781617
18639,9.781617
18659,9.781617
18679,9.781617
18699,9.781617
18719,9.781617
18739,9.781617
18759,9.781617
18779,9.781617
18799,9.781617
18819,9.781617
18839,9.781617
18859,9.781617
18879,9.781617
18899,9.781617
18919,9.781617
18939,9.781617
18959,9.781617
18979,9.781617
18999,9.781617
19019,9.781617
19039,9.781617
19059,9.781617
19079,9.781617
19099,9.781617
19119,9.781617
19139,9.781617
19159,9.781617
19179,9.781617
19199,9.781617
19219,9.781617
19239,9.781617
19259,9.781617
19279,9.781617
19299,9.781617
19319,9.781617
19339,9.781617
19359,9.781617
19379,9.781617
19399,9.781617
19419,9.781617
19439,9.781617
19459,9.781617
19479,9.781617
19499,9.781617
19519,9.781617
19539,9.781617
19559,9.781617
19579,9.781617
19599,9.781617
19619,9.781617
19639,9.781617
19659,9.781617
19679,9.781617
19699,9.781617
19719,9.781617
19739,9.781617
19759,9.781617
19779,9.781617
19799,9.781617
19819,9.781617
19839,9.781617
19859,9.781617
19879,9.781617
19899,9.781617
19919,9.781617
19939,9.781617
19959,9.781617
19979,9.781617
19999,9.781617
20019,9.781617
20039,9.781617
20059,9.781617
20079,9.781617
20099,9.781617
20119,9.781617
20139,9.781617
20159,9.781617
20179,9.781617
20199,9.781617
20219,9.781617
20239,9.781617
20259,9.781617
20279,9.781617
20299,9.781617
20319,9.781617
20339,9.781617
20359,9.781617
20379,9.781617
20399,9.781617
20419,9.781617
20439,9.781617
20459,9.781617
20479,9.781617
20499,9.781617
20519,9.781617
20539,9.781617
20559,9.781617
20579,9.781617
20599,9.781617
20619,9.781617
20639,9.781617
20659,9.781617
20679,9.781617
20699,9.781617
20719,9.781617
20739,9.781617
20759,9.781617
20779,9.781617
20799,9.781617
20819,9.781617
20839,9.781617
20859,9.781617
20879,9.781617
20899,9.781617
20919,9.781617
20939,9.781617
20959,9.781617
20979,9.781617
20999,9.781617
21019,9.781617
21039,9.781617
21059,9.781617
21079,9.781617
21099,9.781617
21119,9.781617
21139,9.781617
21159,9.781617
21179,9.781617
21199,9.781617
21219,9.781617
21239,9.781617
21259,9.781617
21279,9.781617
21299,9.781617
21319,9.781617
21339,9.781617
21359,9.781617
21379,9.781617
21399,9.781617
21419,9.781617
21439,9.781617
21459,9.781617
21479,9.781617
21499,9.781617
21519,9.781617
21539,9.781617
21559,9.781617
21579,9.781617
21599,9.781617
21619,9.781617
21639,9.781617
21659,9.781617
21679,9.781617
21699,9.781617
21719,9.781617
21739,9.781617
21759,9.781617
21779,9.781617
21799,9.781617
21819,9.781617
21839,9.781617
21859,9.781617
21879,9.781617
21899,9.781617
21919,9.781617
21939,9.781617
21959,8.839100
21979,9.781617
21999,9.781617
22019,9.781617
22039,9.781617
22059,9.781617
22079,9.781617
22099,9.781617
22119,9.781617
22139,9.781617
22159,9.781617
22179,9.781617
22199,9.781617
22219,9.781617
22239,9.781617
22259,9.781617
22279,9.781617
22299,9.781617
22319,9.781617
22339,9.781617
22359,9.781617
22379,9.781617
22399,9.781617
22419,9.781617
22439,9.781617
22459,9.781617
22479,9.781617
22499,9.781617
22519,9.781617
22539,9.781617
22559,9.781617
22579,9.781617
22599,9.781617
22619,9.781617
22639,9.781617
22659,9.781617
22679,9.781617
22699,9.781617
22719,9.781617
22739,9.781617
22759,9.781617
22779,9.781617
22799,9.781617
22819,9.781617
22839,9.781617
22859,9.781617
22879,9.781617
22899,9.781617
22919,9.781617
22939,9.781617
22959,-2.654002
22979,9.781617
22999,9.781617
23019,9.781617
23039,9.781617
23059,9.781617
23079,9.781617
23099,9.781617
23119,9.781617
23139,9.781617
23159,9.781617
23179,9.781617
23199,9.781617
23219,9.781617
23239,9.781617
23259,9.781617
23279,9.781617
23299,9.781617
23319,9.781617
23339,9.781617
23359,9.781617
23379,1.088160
23399,9.781617
23419,9.781617
23439,9.781617
23459,9.781617
23479,9.781617
23499,9.781617
23519,9.781617
23539,9.781617
23559,9.781617
23579,9.781617
23599,9.781617
23619,9.781617
23639,9.781617
23659,9.781617
23679,9.781617
23699,9.781617
23719,9.781617
23739,9.781617
23759,9.781617
23779,9.781617
23799,9.781617
23819,9.781617
23839,9.781617
23859,9.781617
23879,9.781617
23899,9.781617
23919,9.781617
23939,9.781617
23959,9.781617
23979,9.781617
23999,9.781617
24019,9.781617
24039,9.781617
24059,9.781617
24079,9.781617
24099,9.781617
24119,9.781617
24139,9.781617
24159,9.781617
24179,9.781617
24199,9.781617
24219,9.781617
24239,9.781617
24259,9.781617
24279,9.781617
24299,9.781617
24319,9.781617
24339,9.781617
24359,9.781617
24379,9.781617
24399,9.781617
24419,9.781617
24439,9.781617
24459,9.781617
24479,9.781617
24499,9.781617
24519,7.214740
24539,9.781617
24559,7.214740
24579,9.781617
24599,9.781617
24619,9.781617
24639,9.781617
24659,9.781617
24679,9.781617
24699,9.781617
24719,9.781617
24739,9.781617
24759,9.781617
24779,9.781617
24799,9.781617
24819,9.781617
24839,9.781617
24859,9.781617
24879,9.781617
24899,9.781617
24919,9.781617
24939,9.781617
24959,9.781617
24979,9.781617
24999,9.781617
25019,9.781617
25039,9.781617
25059,9.781617
25079,9.781617
25099,9.781617
25119,9.781617
25139,9.781617
25159,9.781617
25179,9.781617
25199,9.781617
25219,9.781617
25239,9.781617
25259,9.781617
25279,9.781617
25299,9.781617
25319,9.781617
25339,9.781617
25359,9.781617
25379,9.781617
25399,9.781617
25419,9.781617
25439,9.781617
25459,9.781617
25479,9.781617
25499,9.781617
25519,9.781617
25539,9.781617
25559,9.781617
25579,9.781617
25599,9.781617
25619,9.781617
25639,9.781617
25659,9.781617
25679,9.781617
25699,9.781617
25719,9.781617
25739,9.781617
25759,9.781617
25779,9.781617
25799,9.781617
25819,9.781617
25839,9.781617
25859,9.781617
25879,9.781617
25899,9.781617
25919,9.781617
25939,9.781617
25959,9.781617
25979,9.781617
25999,9.781617
26019,9.781617
26039,9.781617
26059,9.781617
26079,9.781617
26099,9.781617
26119,9.781617
26139,9.781617
26159,9.781617
26179,9.781617
26199,9.273134
26219,9.781617
26239,9.781617
26259,9.781617
26279,9.781617
26299,9.781617
26319,9.781617
26339,9.781617
26359,9.781617
26379,9.781617
26399,9.781617
26419,9.781617
26439,9.781617
26459,9.781617
26479,9.781617
26499,9.781617
26519,9.781617
26539,9.781617
26559,9.781617
26579,9.781617
26599,9.781617
26619,9.781617
26639,9.781617
26659,9.781617
26679,9.781617
26699,9.781617
26719,9.781617
26739,9.781617
26759,9.781617
26779,9.781617
26799,9.781617
26819,9.781617
26839,9.781617
26859,9.781617
26879,9.781617
26899,9.781617
26919,9.781617
26939,9.781617
26959,9.781617
26979,9.781617
26999,9.781617
27019,9.781617
27039,9.781617
27059,9.781617
27079,9.781617
27099,9.781617
27119,9.781617
27139,9.781617
27159,9.781617
27179,9.781617
27199,9.781617
27219,9.781617
27239,9.781617
27259,9.781617
27279,9.781617
27299,9.781617
27319,9.781617
27339,9.781617
27359,9.781617
27379,9.781617
27399,9.781617
27419,9.781617
27439,9.781617
27459,9.781617
27479,9.781617
27499,9.781617
27519,9.781617
27539,9.781617
27559,9.781617
27579,9.781617
27599,9.781617
27619,9.781617
27639,9.781617
27659,9.781617
27679,9.781617
27699,9.781617
27719,9.781617
27739,9.781617
27759,9.781617
27779,9.781617
27799,9.781617
27819,9.781617
27839,9.781617
27859,9.781617
27879,9.781617
27899,9.781617
27919,9.781617
27939,9.781617
27959,9.781617
27979,9.781617
27999,9.781617
28019,9.781617
28039,9.781617
28059,9.781617
28079,9.781617
28099,9.781617
28119,9.781617
28139,9.781617
28159,9.781617
28179,9.781617
28199,9.781617
28219,9.781617
28239,9.781617
28259,9.781617
28279,9.781617
28299,9.781617
28319,9.781617
28339,9.781617
28359,9.781617
28379,9.781617
28399,9.781617
28419,9.781617
28439,9.781617
28459,9.781617
28479,9.781617
28499,9.781617
28519,9.781617
28539,9.781617
28559,9.781617
28579,9.781617
28599,9.781617
28619,9.781617
28639,9.781617
28659,9.781617
28679,9.781617
28699,9.781617
28719,9.781617
28739,9.781617
28759,9.781617
28779,9.781617
28799,9.781617
28819,9.781617
28839,9.781617
28859,9.781617
28879,9.781617
28899,9.781617
28919,9.781617
28939,9.781617
28959,9.781617
28979,9.781617
28999,9.781617
29019,9.781617
29039,9.781617
29059,9.781617
29079,9.781617
29099,9.781617
29119,9.781617
29139,9.781617
29159,9.781617
29179,9.781617
29199,9.781617
29219,9.887255
29239,9.781617
29259,9.887255
29279,9.887255
29299,9.887255
29319,10.218000
29339,9.887255
29359,9.887255
29379,-2.654002
29399,9.781617
29419,9.781617
29439,9.781617
29459,9.887255
29479,9.887255
29499,9.887255
29519,9.887255
29539,9.887255
29559,9.887255
29579,9.887255
29599,9.887255
29619,9.887255
29639,9.887255
29659,9.887255
29679,9.887255
29699,9.887255
29719,9.887255
29739,9.887255
29759,9.887255
29779,9.887255
29799,9.887255
29819,9.887255
29839,9.887255
29859,9.887255
29879,9.887255
29899,9.887255
29919,9.887255
29939,-2.654002
29959,9.887255
29979,9.887255
29999,9.887255
30019,9.887255
30039,9.887255
30059,9.887255
30079,9.887255
30099,9.887255
30119,9.887255
30139,9.887255
30159,9.887255
30179,9.887255
30199,9.887255
30219,9.887255
30239,9.887255
30259,9.887255
30279,9.887255
30299,9.887255
30319,9.887255
30339,9.887255
30359,9.887255
30379,9.887255
30399,9.887255
30419,9.887255
30439,9.887255
30459,9.887255
30479,9.887255
30499,9.887255
30519,9.887255
30539,9.887255
30559,9.887255
30579,9.887255
30599,9.887255
30619,9.887255
30639,9.887255
30659,9.887255
30679,9.887255
30699,9.887255
30719,9.887255
30739,9.887255
30759,9.887255
30779,9.887255
30799,9.887255
30819,9.887255
30839,9.887255
30859,9.887255
30879,9.887255
30899,9.887255
30919,9.887255
30939,8.941861
30959,9.887255
30979,9.887255
30999,9.887255
31019,9.887255
31039,9.887255
31059,9.887255
31079,9.887255
31099,9.887255
31119,9.887255
31139,9.608326
31159,9.887255
31179,9.887255
31199,9.887255
31219,9.887255
31239,9.887255
31259,9.887255
31279,9.887255
31299,9.887255
31319,9.887255
31339,9.887255
31359,9.887255
31379,9.887255
31399,9.887255
31419,9.887255
31439,9.887255
31459,9.887255
31479,9.887255
31499,9.887255
31519,9.887255
31539,9.887255
31559,9.887255
31579,9.887255
31599,9.887255
31619,9.887255
31639,9.887255
31659,9.887255
31679,9.887255
31699,9.887255
31719,9.887255
31739,9.887255
31759,9.887255
31779,9.887255
31799,9.887255
31819,9.887255
31839,9.887255
31859,9.887255
31879,9.887255
31899,9.887255
31919,9.887255
31939,9.887255
31959,9.887255
31979,9.887255
31999,9.887255
32019,9.887255
32039,9.887255
32059,9.887255
32079,9.887255
32099,9.887255
32119,9.887255
32139,9.887255
32159,9.887255
32179,9.887255
32199,9.887255
32219,9.887255
32239,9.887255
32259,9.887255
32279,9.887255
32299,9.887255
32319,9.887255
32339,9.887255
32359,9.887255
32379,9.887255
32399,9.887255
32419,9.887255
32439,9.887255
32459,9.887255
32479,9.887255
32499,9.887255
32519,9.887255
32539,9.887255
32559,9.887255
32579,9.887255
32599,9.887255
32619,9.887255
32639,9.887255
32659,9.887255
32679,9.887255
32699,9.887255
32719,9.887255
32739,9.887255
32759,9.887255
32779,9.887255
32799,9.887255
32819,9.887255
32839,9.887255
32859,9.887255
32879,9.887255
32899,9.887255
32919,9.887255
32939,9.887255
32959,9.887255
32979,9.887255
32999,9.887255
33019,9.887255
33039,9.887255
33059,9.887255
33079,9.887255
33099,9.887255
33119,9.887255
33139,9.887255
33159,9.887255
33179,9.887255
33199,9.887255
33219,9.887255
33239,9.887255
33259,9.887255
33279,9.887255
33299,9.887255
33319,9.887255
33339,9.887255
33359,9.887255
33379,9.887255
33399,9.887255
33419,9.887255
33439,9.887255
33459,9.887255
33479,9.887255
33499,9.887255
33519,9.887255
33539,9.887255
33559,9.887255
33579,9.887255
33599,9.887255
33619,9.887255
33639,9.887255
33659,9.887255
33679,9.887255
33699,9.887255
33719,9.887255
33739,9.887255
33759,9.887255
33779,9.887255
33799,9.887255
33819,9.887255
33839,9.887255
33859,9.887255
33879,9.887255
33899,9.887255
33919,9.887255
33939,9.887255
33959,9.887255
33979,9.887255
33999,9.887255
34019,9.887255
34039,9.887255
34059,9.887255
34079,9.887255
34099,9.887255
34119,9.887255
34139,9.887255
34159,9.887255
34179,9.887255
34199,9.887255
34219,9.887255
34239,9.887255
34259,9.887255
34279,9.887255
34299,9.887255
34319,9.887255
34339,9.887255
34359,9.887255
34379,9.887255
34399,9.887255
34419,9.887255
34439,9.887255
34459,9.887255
34479,9.887255
34499,9.887255
34519,9.887255
34539,9.887255
34559,9.887255
34579,9.887255
34599,9.887255
34619,9.887255
34639,9.887255
34659,9.887255
34679,9.887255
34699,9.887255
34719,9.887255
34739,9.887255
34759,9.887255
34779,9.887255
34799,9.887255
34819,9.887255
34839,9.887255
34859,9.887255
34879,9.887255
34899,9.887255
34919,9.887255
34939,9.887255
34959,9.887255
34979,9.887255
34999,9.887255
35019,9.887255
35039,9.887255
35059,9.887255
35079,9.887255
35099,9.887255
35119,9.887255
35139,9.887255
35159,9.887255
35179,9.887255
35199,9.887255
35219,9.887255
35239,9.887255
35259,9.887255
35279,9.887255
35299,9.887255
35319,9.887255
35339,9.887255
35359,9.887255
35379,9.887255
35399,9.887255
35419,9.887255
35439,9.887255
35459,9.887255
35479,9.887255
35499,9.887255
35519,9.887255
35539,9.887255
35559,9.887255
35579,9.887255
35599,9.887255
35619,9.887255
35639,9.887255
35659,9.887255
35679,9.887255
35699,9.887255
35719,9.887255
35739,9.887255
35759,9.887255
35779,9.887255
35799,9.887255
35819,9.887255
35839,9.887255
35859,9.887255
35879,9.887255
35899,9.887255
35919,9.887255
35939,9.887255
35959,9.887255
35979,9.887255
35999,9.887255
36019,9.887255
36039,9.887255
36059,9.887255
36079,9.887255
36099,9.887255
36119,9.887255
36139,9.887255
36159,9.887255
36179,9.887255
36199,9.887255
36219,9.887255
36239,9.887255
36259,9.887255
36279,9.887255
36299,9.887255
36319,9.887255
36339,9.887255
36359,9.887255
36379,9.887255
36399,9.887255
36419,9.887255
36439,9.887255
36459,9.887255
36479,9.887255
36499,9.887255
36519,9.887255
36539,9.887255
36559,9.887255
36579,9.887255
36599,9.887255
36619,9.887255
36639,9.887255
36659,9.887255
36679,9.887255
36699,9.887255
36719,9.887255
36739,9.887255
36759,9.887255
36779,9.887255
36799,9.887255
36819,9.887255
36839,9.887255
36859,9.887255
36879,9.887255
36899,9.887255
36919,9.887255
36939,9.887255
36959,9.887255
36979,9.887255
36999,9.887255
37019,9.887255
37039,9.887255
37059,9.887255
37079,9.887255
37099,9.887255
37119,9.887255
37139,9.887255
37159,9.887255
37179,9.887255
37199,9.887255
37219,9.887255
37239,9.887255
37259,9.887255
37279,9.887255
37299,9.887255
37319,9.887255
37339,9.887255
37359,9.887255
37379,9.887255
37399,9.887255
37419,9.887255
37439,9.887255
37459,9.887255
37479,9.887255
37499,9.887255
37519,9.887255
37539,9.887255
37559,9.887255
37579,9.887255
37599,9.887255
37619,9.887255
37639,9.887255
37659,9.887255
37679,9.887255
37699,9.887255
37719,9.887255
37739,9.887255
37759,9.887255
37779,9.887255
37799,9.887255
37819,9.887255
37839,9.887255
37859,9.887255
37879,9.887255
37899,9.887255
37919,9.887255
37939,9.887255
37959,9.887255
37979,9.887255
37999,9.887255
38019,9.887255
38039,9.887255
38059,9.887255
38079,9.887255
38099,9.887255
38119,9.887255
38139,9.887255
38159,9.887255
38179,9.887255
38199,9.887255
38219,9.887255
38239,9.887255
38259,9.887255
38279,9.887255
38299,9.887255
38319,9.887255
38339,9.887255
38359,9.887255
38379,9.887255
38399,9.887255
38419,9.887255
38439,9.887255
38459,9.887255
38479,9.887255
38499,9.887255
38519,9.887255
38539,9.887255
38559,9.887255
38579,9.887255
38599,9.887255
38619,9.887255
38639,9.887255
38659,9.887255
38679,9.887255
38699,9.887255
38719,9.887255
38739,9.887255
38759,9.887255
38779,9.887255
38799,9.887255
38819,9.887255
38839,9.887255
38859,9.887255
38879,9.887255
38899,9.887255
38919,9.887255
38939,9.887255
38959,9.887255
38979,9.887255
38999,9.887255
39019,9.887255
39039,9.887255
39059,9.887255
39079,9.887255
39099,9.887255
39119,9.887255
39139,9.887255
39159,9.887255
39179,9.887255
39199,9.887255
39219,9.887255
39239,9.887255
39259,9.887255
39279,9.887255
39299,9.887255
39319,9.887255
39339,9.887255
39359,9.887255
39379,9.887255
39399,9.887255
39419,9.887255
39439,9.887255
39459,9.887255
39479,9.887255
39499,9.887255
39519,9.887255
39539,9.887255
39559,9.887255
39579,9.887255
39599,9.887255
39619,9.887255
39639,9.887255
39659,9.887255
39679,9.887255
39699,9.887255
39719,9.887255
39739,9.887255
39759,9.887255
39779,9.887255
39799,9.887255
39819,9.887255
39839,9.887255
39859,9.887255
39879,9.887255
39899,9.887255
39919,9.887255
39939,9.887255
39959,9.887255
39979,9.887255
39999,9.887255
40019,9.887255
40039,9.887255
40059,9.887255
40079,9.887255
40099,9.887255
40119,9.887255
40139,9.887255
40159,9.887255
40179,9.887255
40199,9.887255
40219,9.887255
40239,9.887255
40259,9.887255
40279,9.887255
40299,9.887255
40319,9.887255
40339,9.887255
40359,9.887255
40379,9.887255
40399,9.887255
40419,9.887255
40439,9.887255
40459,9.887255
40479,9.887255
40499,9.887255
40519,9.887255
40539,9.887255
40559,9.887255
40579,9.887255
40599,9.887255
40619,9.887255
40639,9.887255
40659,9.887255
40679,9.887255
40699,9.887255
40719,9.887255
40739,9.887255
40759,9.887255
40779,9.887255
40799,9.887255
40819,9.887255
40839,9.887255
40859,9.887255
40879,9.887255
40899,9.887255
40919,9.887255
40939,9.887255
40959,9.887255
40979,9.887255
40999,9.887255
41019,9.887255
41039,9.887255
41059,9.887255
41079,9.887255
41099,9.887255
41119,9.887255
41139,9.887255
41159,9.887255
41179,9.887255
41199,9.887255
41219,9.887255
41239,9.887255
41259,9.887255
41279,9.887255
41299,9.887255
41319,9.887255
41339,9.887255
41359,9.887255
41379,9.887255
41399,9.887255
41419,9.887255
41439,9.887255
41459,9.887255
41479,9.887255
41499,9.887255
41519,9.887255
41539,9.887255
41559,9.887255
41579,9.887255
41599,9.887255
41619,9.887255
41639,9.887255
41659,9.887255
41679,9.887255
41699,9.887255
41719,9.887255
41739,9.887255
41759,9.887255
41779,9.887255
41799,9.887255
41819,9.887255
41839,9.887255
41859,9.887255
41879,9.887255
41899,9.887255
41919,9.887255
41939,9.887255
41959,9.887255
41979,9.887255
41999,9.887255
42019,9.887255
42039,9.887255
42059,9.887255
42079,9.887255
42099,9.887255
42119,9.887255
42139,9.887255
42159,9.887255
42179,9.887255
42199,9.887255
42219,9.887255
42239,9.887255
42259,9.887255
42279,9.887255
42299,9.887255
42319,9.887255
42339,9.887255
42359,9.887255
42379,9.887255
42399,9.887255
42419,9.887255
42439,9.887255
42459,9.887255
42479,9.887255
42499,9.887255
42519,9.887255
42539,9.887255
42559,9.887255
42579,9.887255
42599,9.887255
42619,9.887255
42639,9.887255
42659,9.887255
42679,9.887255
42699,9.887255
42719,9.887255
42739,9.887255
42759,9.887255
42779,9.887255
42799,9.887255
42819,9.887255
42839,9.887255
42859,9.887255
42879,9.887255
42899,9.887255
42919,9.887255
42939,9.887255
42959,9.887255
42979,9.887255
42999,9.887255
43019,9.887255
43039,9.887255
43059,9.887255
43079,9.887255
43099,9.887255
43119,9.887255
43139,9.887255
43159,9.887255
43179,9.887255
43199,9.887255
43219,9.887255
43239,9.887255
43259,9.887255
43279,9.887255
43299,9.887255
43319,9.887255
43339,9.887255
43359,9.887255
43379,9.887255
43399,9.887255
43419,9.887255
43439,9.887255
43459,9.887255
43479,9.887255
43499,9.887255
43519,9.887255
43539,9.887255
43559,9.887255
43579,9.887255
43599,9.887255
43619,9.887255
43639,9.887255
43659,9.887255
43679,9.887255
43699,9.887255
43719,9.887255
43739,9.887255
43759,9.887255
43779,9.887255
43799,9.887255
43819,9.887255
43839,9.887255
43859,9.887255
43879,9.887255
43899,9.887255
43919,9.887255
43939,9.887255
43959,9.887255
43979,9.887255
43999,9.887255
44019,9.887255
44039,9.887255
44059,9.887255
44079,9.887255
44099,9.887255
44119,9.887255
44139,9.887255
44159,9.887255
44179,9.887255
44199,9.887255
44219,9.887255
44239,9.887255
44259,9.887255
44279,9.887255
44299,9.887255
44319,9.887255
44339,9.887255
44359,9.887255
44379,9.887255
44399,9.887255
44419,9.887255
44439,9.887255
44459,9.887255
44479,9.887255
44499,9.887255
44519,9.887255
44539,9.887255
44559,9.887255
44579,9.887255
44599,9.887255
44619,9.887255
44639,9.887255
44659,9.887255
44679,9.887255
44699,9.887255
44719,9.887255
44739,9.887255
44759,9.887255
44779,9.887255
44799,9.887255
44819,9.887255
44839,9.887255
44859,9.887255
44879,9.887255
44899,9.887255
44919,9.887255
44939,9.887255
44959,9.887255
44979,9.887255
44999,9.887255
45019,9.887255
45039,9.887255
45059,9.887255
45079,9.887255
45099,9.887255
45119,9.887255
45139,9.887255
45159,9.887255
45179,9.887255
45199,9.887255
45219,9.887255
45239,9.887255
45259,9.887255
45279,9.887255
45299,9.887255
45319,9.887255
45339,9.887255
45359,9.887255
45379,9.887255
45399,9.887255
45419,9.887255
45439,9.887255
45459,9.887255
45479,9.887255
45499,9.887255
45519,9.887255
45539,9.887255
45559,9.887255
45579,9.887255
45599,9.887255
45619,9.887255
45639,9.887255
45659,9.887255
45679,9.887255
45699,9.887255
45719,9.887255
45739,9.887255
45759,9.887255
45779,9.887255
45799,9.887255
45819,9.887255
45839,9.887255
45859,9.887255
45879,9.887255
45899,9.887255
45919,9.887255
45939,9.887255
45959,9.887255
45979,9.887255
45999,9.887255
46019,9.887255
46039,9.887255
46059,9.887255
46079,9.887255
46099,9.887255
46119,9.887255
46139,9.887255
46159,9.887255
46179,9.887255
46199,9.887255
46219,9.887255
46239,9.887255
46259,9.887255
46279,9.887255
46299,9.887255
46319,9.887255
46339,9.887255
46359,9.887255
46379,9.887255
46399,9.887255
46419,9.887255
46439,9.887255
46459,9.887255
46479,9.887255
46499,9.887255
46519,9.887255
46539,9.887255
46559,9.887255
46579,9.887255
46599,9.887255
46619,9.887255
46639,9.887255
46659,9.887255
46679,9.887255
46699,9.887255
46719,9.887255
46739,9.887255
46759,9.887255
46779,9.887255
46799,9.887255
46819,9.887255
46839,9.887255
46859,9.887255
46879,9.887255
46899,9.887255
46919,9.887255
46939,9.887255
46959,9.887255
46979,9.887255
46999,9.887255
47019,9.887255
47039,9.887255
47059,9.887255
47079,9.887255
47099,9.887255
47119,9.887255
47139,9.887255
47159,9.887255
47179,9.887255
47199,9.887255
47219,9.887255
47239,9.887255
47259,9.887255
47279,9.887255
47299,9.887255
47319,9.887255
47339,9.887255
47359,9.887255
47379,9.887255
47399,9.887255
47419,9.887255
47439,9.887255
47459,9.887255
47479,9.887255
47499,9.887255
47519,9.887255
47539,9.887255
47559,9.887255
47579,9.887255
47599,9.887255
47619,9.887255
47639,9.887255
47659,9.887255
47679,9.887255
47699,9.887255
47719,9.887255
47739,9.887255
47759,9.887255
47779,9.887255
47799,9.887255
47819,9.887255
47839,9.887255
47859,9.887255
47879,9.887255
47899,9.887255
47919,9.887255
47939,9.887255
47959,9.887255
47979,9.887255
47999,9.887255
48019,9.887255
48039,9.887255
48059,9.887255
48079,9.887255
48099,9.887255
48119,9.887255
48139,9.887255
48159,9.887255
48179,9.887255
48199,9.887255
48219,9.887255
48239,9.887255
48259,9.887255
48279,9.887255
48299,9.887255
48319,9.887255
48339,9.887255
48359,9.887255
48379,9.887255
48399,9.887255
48419,9.887255
48439,9.887255
48459,9.887255
48479,9.887255
48499,9.887255
48519,9.887255
48539,9.887255
48559,9.887255
48579,9.887255
48599,9.887255
48619,9.887255
48639,9.887255
48659,9.887255
48679,9.887255
48699,9.887255
48719,9.887255
48739,9.887255
48759,9.887255
48779,9.887255
48799,9.887255
48819,9.887255
48839,9.887255
48859,9.887255
48879,9.887255
48899,9.887255
48919,9.887255
48939,9.887255
48959,9.887255
48979,9.887255
48999,9.887255
49019,9.887255
49039,9.887255
49059,9.887255
49079,9.887255
49099,9.887255
49119,9.887255
49139,9.887255
49159,9.887255
49179,9.887255
49199,9.887255
49219,9.887255
49239,9.887255
49259,9.887255
49279,9.887255
49299,9.887255
49319,9.887255
49339,9.887255
49359,9.887255
49379,9.887255
49399,9.887255
49419,9.887255
49439,9.887255
49459,9.887255
49479,9.887255
49499,-1.175651
49519,9.887255
49539,9.887255
49559,9.887255
49579,9.887255
49599,9.887255
49619,9.887255
49639,9.887255
49659,9.887255
49679,9.887255
49699,9.887255
49719,9.887255
49739,9.887255
49759,9.887255
49779,9.887255
49799,-2.654002
49819,9.887255
49839,9.887255
49859,9.887255
49879,9.887255
49899,9.887255
49919,9.887255
49939,9.887255
49959,9.887255
49979,9.887255
49999,9.887255
50019,9.887255
50039,9.887255
50059,9.887255
50079,9.887255
50099,9.887255
50119,9.887255
50139,9.887255
50159,9.887255
50179,9.887255
50199,9.887255
50219,9.887255
50239,9.887255
50259,9.887255
50279,9.887255
50299,9.887255
50319,9.887255
50339,9.887255
50359,9.887255
50379,9.887255
50399,9.887255
50419,9.887255
50439,9.887255
50459,9.887255
50479,9.887255
50499,9.887255
50519,9.887255
50539,9.887255
50559,9.887255
50579,9.887255
50599,9.887255
50619,9.887255
50639,9.887255
50659,9.887255
50679,9.887255
50699,9.887255
50719,9.887255
50739,9.887255
50759,9.887255
50779,9.887255
50799,9.887255
50819,9.887255
50839,9.887255
50859,9.887255
50879,9.887255
50899,9.887255
50919,9.887255
50939,9.887255
50959,9.887255
50979,9.887255
50999,9.887255
51019,9.887255
51039,9.887255
51059,9.887255
51079,9.887255
51099,9.887255
51119,9.887255
51139,9.887255
51159,9.887255
51179,9.887255
51199,9.887255
51219,9.887255
51239,9.887255
51259,9.887255
51279,9.887255
51299,9.887255
51319,9.887255
51339,9.887255
51359,9.887255
51379,9.887255
51399,9.887255
51419,9.887255
51439,9.887255
51459,9.887255
51479,9.887255
51499,9.887255
51519,9.887255
51539,9.887255
51559,9.887255
51579,9.887255
51599,9.887255
51619,9.887255
51639,9.887255
51659,9.887255
51679,9.887255
51699,9.887255
51719,9.887255
51739,9.887255
51759,9.887255
51779,9.887255
51799,9.887255
51819,9.887255
51839,9.887255
51859,9.887255
51879,9.887255
51899,9.887255
51919,9.887255
51939,9.887255
51959,9.887255
51979,9.887255
51999,9.887255
52019,9.887255
52039,9.887255
52059,9.887255
52079,9.887255
52099,9.887255
52119,9.887255
52139,9.887255
52159,9.887255
52179,9.887255
52199,9.887255
52219,9.887255
52239,9.887255
52259,9.887255
52279,9.887255
52299,9.887255
52319,9.887255
52339,9.887255
52359,9.887255
52379,9.887255
52399,9.887255
52419,9.887255
52439,9.887255
52459,9.887255
52479,9.887255
52499,9.887255
52519,9.887255
52539,9.887255
52559,9.887255
52579,9.887255
52599,9.887255
52619,9.887255
52639,9.887255
52659,9.887255
52679,9.887255
52699,9.887255
52719,9.887255
52739,9.887255
52759,9.887255
52779,9.887255
52799,9.887255
52819,9.887255
52839,9.887255
52859,9.887255
52879,9.887255
52899,9.887255
52919,9.887255
52939,9.887255
52959,9.887255
52979,9.887255
52999,9.887255
53019,9.887255
53039,9.887255
53059,9.887255
53079,9.887255
53099,9.887255
53119,9.887255
53139,9.887255
53159,9.887255
53179,9.887255
53199,9.887255
53219,9.887255
53239,9.887255
53259,9.887255
53279,9.887255
53299,9.887255
53319,9.887255
53339,9.887255
53359,9.887255
53379,9.887255
53399,9.887255
53419,9.887255
53439,9.887255
53459,9.887255
53479,9.887255
53499,9.887255
53519,9.887255
53539,9.887255
53559,9.887255
53579,9.887255
53599,9.887255
53619,9.887255
53639,9.887255
53659,9.887255
53679,9.887255
53699,9.887255
53719,9.887255
53739,9.887255
53759,9.887255
53779,9.887255
53799,9.887255
53819,9.887255
53839,9.887255
53859,9.887255
53879,9.887255
53899,9.887255
53919,9.887255
53939,9.887255
53959,9.887255
53979,9.887255
53999,9.887255
54019,9.887255
54039,9.887255
54059,9.887255
54079,9.887255
54099,9.887255
54119,9.887255
54139,9.887255
54159,9.887255
54179,9.887255
54199,9.887255
54219,9.887255
54239,9.887255
54259,9.887255
54279,9.887255
54299,9.887255
54319,9.887255
54339,9.887255
54359,9.887255
54379,9.887255
54399,9.887255
54419,9.887255
54439,9.887255
54459,9.887255
54479,9.887255
54499,9.887255
54519,9.887255
54539,9.887255
54559,9.887255
54579,9.887255
54599,9.887255
54619,9.887255
54639,9.887255
54659,9.887255
54679,9.887255
54699,9.887255
54719,9.887255
54739,9.887255
54759,9.887255
54779,9.887255
54799,9.887255
54819,9.887255
54839,9.887255
54859,9.887255
54879,9.887255
54899,9.887255
54919,9.887255
54939,9.887255
54959,9.887255
54979,9.887255
54999,9.887255
55019,9.887255
55039,9.887255
55059,9.887255
55079,9.887255
55099,9.887255
55119,9.887255
55139,9.887255
55159,9.887255
55179,9.887255
55199,9.887255
55219,9.887255
55239,9.887255
55259,9.887255
55279,9.887255
55299,9.887255
55319,9.887255
55339,9.887255
55359,9.887255
55379,9.887255
55399,9.887255
55419,9.887255
55439,9.887255
55459,9.887255
55479,9.887255
55499,9.887255
55519,9.887255
55539,9.887255
55559,9.887255
55579,9.887255
55599,9.887255
55619,9.887255
55639,9.887255
55659,9.887255
55679,9.887255
55699,9.887255
55719,9.887255
55739,9.887255
55759,9.887255
55779,9.887255
55799,9.887255
55819,9.887255
55839,9.887255
55859,9.887255
55879,9.887255
55899,9.887255
55919,9.887255
55939,9.887255
55959,9.887255
55979,9.887255
55999,9.887255
56019,9.887255
56039,9.887255
56059,9.887255
56079,9.887255
56099,9.887255
56119,9.887255
56139,9.887255
56159,9.887255
56179,9.887255
56199,9.887255
56219,9.887255
56239,9.887255
56259,9.887255
56279,9.887255
56299,9.887255
56319,9.887255
56339,9.887255
56359,9.887255
56379,9.887255
56399,9.887255
56419,9.887255
56439,9.887255
56459,9.887255
56479,9.887255
56499,9.887255
56519,9.887255
56539,9.887255
56559,9.887255
56579,9.887255
56599,9.887255
56619,9.887255
56639,9.887255
56659,9.887255
56679,9.887255
56699,9.887255
56719,9.887255
56739,9.887255
56759,9.887255
56779,9.887255
56799,9.887255
56819,9.887255
56839,9.887255
56859,9.887255
56879,9.887255
56899,9.887255
56919,9.322860
56939,9.887255
56959,9.887255
56979,9.887255
56999,9.887255
57019,9.887255
57039,9.887255
57059,9.887255
57079,9.887255
57099,9.887255
57119,9.887255
57139,9.887255
57159,9.887255
57179,9.887255
57199,9.887255
57219,9.887255
57239,9.887255
57259,9.887255
57279,9.887255
57299,9.887255
57319,9.887255
57339,9.887255
57359,9.887255
57379,9.887255
57399,9.887255
57419,9.887255
57439,9.887255
57459,9.887255
57479,9.887255
57499,9.887255
57519,9.887255
57539,9.887255
57559,9.887255
57579,9.887255
57599,9.887255
57619,9.887255
57639,9.887255
57659,9.887255
57679,9.887255
57699,9.887255
57719,9.887255
57739,9.887255
57759,9.887255
57779,9.887255
57799,9.887255
57819,9.887255
57839,9.887255
57859,9.887255
57879,9.887255
57899,9.887255
57919,9.887255
57939,9.887255
57959,9.887255
57979,9.887255
57999,9.887255
58019,9.887255
58039,9.887255
58059,9.887255
58079,9.887255
58099,9.887255
58119,9.887255
58139,9.887255
58159,9.887255
58179,9.887255
58199,9.887255
58219,9.887255
58239,9.887255
58259,9.887255
58279,9.887255
58299,9.887255
58319,9.887255
58339,9.887255
58359,9.887255
58379,9.887255
58399,9.887255
58419,9.887255
58439,9.887255
58459,9.887255
58479,9.887255
58499,9.887255
58519,9.887255
58539,9.887255
58559,9.887255
58579,9.887255
58599,9.887255
58619,9.887255
58639,9.887255
58659,9.887255
58679,9.887255
58699,9.887255
58719,9.887255
58739,9.887255
58759,9.887255
58779,9.887255
58799,9.887255
58819,9.887255
58839,9.887255
58859,9.887255
58879,9.887255
58899,9.887255
58919,9.887255
58939,9.887255
58959,9.887255
58979,9.887255
58999,9.887255
59019,9.887255
59039,9.887255
59059,9.887255
59079,9.887255
59099,9.887255
59119,9.887255
59139,9.887255
59159,9.887255
59179,9.887255
59199,9.887255
59219,9.887255
59239,9.887255
59259,9.887255
59279,9.887255
59299,9.887255
59319,9.887255
59339,9.887255
59359,9.887255
59379,9.887255
59399,9.887255
59419,9.887255
59439,9.887255
59459,9.887255
59479,9.887255
59499,9.887255
59519,9.887255
59539,9.887255
59559,9.887255
59579,9.887255
59599,9.887255
59619,9.887255
59639,9.887255
59659,9.887255
59679,9.887255
59699,9.887255
59719,9.887255
59739,9.887255
59759,9.887255
59779,9.887255
59799,9.887255
59819,9.887255
59839,9.887255
59859,9.887255
59879,9.887255
59899,9.887255
59919,9.887255
59939,9.887255
59959,9.887255
59979,9.887255
59999,9.887255
60019,9.887255
60039,9.887255
60059,9.887255
60079,9.887255
60099,9.887255
60119,9.887255
60139,9.887255
60159,9.887255
60179,9.887255
60199,9.887255
60219,9.887255
60239,9.887255
60259,9.887255
60279,9.887255
60299,9.887255
60319,9.887255
60339,9.887255
60359,9.887255
60379,9.887255
60399,9.887255
60419,9.887255
60439,9.887255
60459,9.887255
60479,9.887255
60499,9.887255
60519,9.887255
60539,9.887255
60559,9.887255
60579,9.887255
60599,9.887255
60619,9.887255
60639,9.887255
60659,9.887255
60679,9.887255
60699,9.887255
60719,9.887255
60739,9.887255
60759,9.887255
60779,9.887255
60799,9.887255
60819,9.887255
60839,9.887255
60859,9.887255
60879,9.887255
60899,9.887255
60919,9.887255
60939,9.887255
60959,9.887255
60979,9.887255
60999,9.887255
61019,9.887255
61039,9.887255
61059,9.887255
61079,9.887255
61099,9.887255
61119,9.887255
61139,9.887255
61159,9.887255
61179,9.887255
61199,9.887255
61219,9.887255
61239,9.887255
61259,9.887255
61279,9.887255
61299,9.887255
61319,9.887255
61339,9.887255
61359,9.887255
61379,9.887255
61399,9.887255
61419,9.887255
61439,9.887255
61459,9.887255
61479,9.887255
61499,9.887255
61519,9.887255
61539,9.887255
61559,9.887255
61579,9.887255
61599,9.887255
61619,9.887255
61639,9.887255
61659,9.887255
61679,9.887255
61699,9.887255
61719,9.887255
61739,9.887255
61759,9.887255
61779,9.887255
61799,9.887255
61819,9.887255
61839,9.887255
61859,9.887255
61879,9.887255
61899,9.887255
61919,9.887255
61939,9.887255
61959,9.887255
61979,9.887255
61999,9.887255
62019,9.887255
62039,9.887255
62059,9.887255
62079,9.887255
62099,9.887255
62119,9.887255
62139,9.887255
62159,9.887255
62179,9.887255
62199,9.887255
62219,9.887255
62239,9.887255
62259,9.887255
62279,9.887255
62299,9.887255
62319,9.887255
62339,9.887255
62359,9.887255
62379,9.887255
62399,9.887255
62419,9.887255
62439,9.887255
62459,9.887255
62479,9.887255
62499,9.887255
62519,9.887255
62539,9.887255
62559,9.887255
62579,9.887255
62599,9.887255
62619,9.887255
62639,9.887255
62659,9.887255
62679,9.887255
62699,9.887255
62719,9.887255
62739,9.887255
62759,9.887255
62779,9.887255
62799,9.887255
62819,9.887255
62839,9.887255
62859,9.887255
62879,9.887255
62899,9.887255
62919,9.887255
62939,9.887255
62959,9.887255
62979,9.887255
62999,9.887255
63019,9.887255
63039,9.887255
63059,9.887255
63079,9.887255
63099,9.887255
63119,9.887255
63139,9.887255
63159,9.887255
63179,9.887255
63199,9.887255
63219,9.887255
63239,9.887255
63259,9.887255
63279,9.887255
63299,9.887255
63319,9.887255
63339,9.887255
63359,9.887255
63379,9.887255
63399,9.887255
63419,9.887255
63439,9.887255
63459,9.887255
63479,9.887255
63499,9.887255
63519,9.887255
63539,9.887255
63559,9.887255
63579,9.887255
63599,9.887255
63619,9.887255
63639,9.887255
63659,9.887255
63679,9.887255
63699,9.887255
63719,9.887255
63739,9.887255
63759,9.887255
63779,9.887255
63799,9.887255
63819,9.887255
63839,9.887255
63859,9.887255
63879,9.887255
63899,9.887255
63919,9.887255
63939,9.887255
63959,9.887255
63979,9.887255
63999,9.887255
64019,9.887255
64039,9.887255
64059,9.887255
64079,9.887255
64099,9.887255
64119,9.887255
64139,9.887255
64159,9.887255
64179,9.887255
64199,9.887255
64219,9.887255
64239,9.887255
64259,9.887255
64279,9.887255
64299,9.887255
64319,9.887255
64339,9.887255
64359,9.887255
64379,9.887255
64399,9.887255
64419,9.887255
64439,9.887255
64459,9.887255
64479,9.887255
64499,-31.469979
64519,9.887255
64539,9.887255
64559,9.887255
64579,9.887255
64599,9.887255
64619,9.887255
64639,9.887255
64659,9.887255
64679,9.887255
64699,9.887255
64719,9.887255
64739,9.887255
64759,9.887255
64779,9.887255
64799,9.887255
64819,9.887255
64839,9.887255
64859,9.887255
64879,9.887255
64899,9.887255
64919,9.887255
64939,9.887255
64959,9.887255
64979,9.887255
64999,9.887255
65019,9.887255
65039,9.887255
65059,9.887255
65079,2.873455
65099,9.887255
65119,9.887255
65139,9.887255
65159,9.887255
65179,9.887255
65199,9.887255
65219,9.887255
65239,9.887255
65259,9.887255
65279,9.887255
65299,9.887255
65319,9.887255
65339,9.887255
65359,9.887255
65379,9.887255
65399,9.887255
65419,9.887255
65439,9.887255
65459,9.887255
65479,9.887255
65499,9.887255
65519,9.887255
65539,9.887255
65559,9.887255
65579,9.887255
65599,9.887255
65619,9.887255
65639,9.887255
65659,9.887255
65679,9.887255
65699,9.887255
65719,9.887255
65739,9.887255
65759,9.887255
65779,9.887255
65799,9.887255
65819,9.887255
65839,9.887255
65859,9.887255
65879,9.887255
65899,9.887255
65919,9.887255
65939,9.887255
65959,9.887255
65979,9.887255
65999,9.887255
66019,9.887255
66039,9.887255
66059,9.887255
66079,9.887255
66099,9.887255
66119,9.887255
66139,9.887255
66159,9.887255
66179,9.887255
66199,9.887255
66219,9.887255
66239,9.887255
66259,9.887255
66279,9.887255
66299,9.887255
66319,9.887255
66339,9.887255
66359,9.887255
66379,9.887255
66399,9.887255
66419,-1.175651
66439,9.887255
66459,9.887255
66479,9.887255
66499,9.887255
66519,9.887255
66539,9.887255
66559,9.887255
66579,9.887255
66599,9.887255
66619,9.887255
66639,9.887255
66659,9.887255
66679,-1.175651
66699,9.887255
66719,9.887255
66739,9.887255
66759,9.887255
66779,9.887255
66799,9.887255
66819,9.887255
66839,9.887255
66859,9.887255
66879,9.887255
66899,9.887255
66919,9.887255
66939,9.887255
66959,9.887255
66979,9.887255
66999,9.887255
67019,9.887255
67039,9.887255
67059,9.887255
67079,9.887255
67099,9.887255
67119,9.887255
67139,9.887255
67159,9.887255
67179,9.887255
67199,9.887255
67219,9.887255
67239,10.010557
67259,9.887255
67279,9.887255
67299,9.887255
67319,9.887255
67339,9.887255
67359,9.887255
67379,9.887255
67399,9.887255
67419,9.887255
67439,9.887255
67459,9.887255
67479,9.887255
67499,9.887255
67519,9.887255
67539,9.887255
67559,9.887255
67579,9.887255
67599,9.887255
67619,9.887255
67639,9.887255
67659,9.887255
67679,9.887255
67699,9.887255
67719,9.887255
67739,9.887255
67759,9.887255
67779,9.887255
67799,9.887255
67819,9.887255
67839,9.887255
67859,9.887255
67879,9.887255
67899,9.887255
67919,9.887255
67939,9.887255
67959,9.887255
67979,9.887255
67999,9.887255
68019,9.887255
68039,9.887255
68059,9.887255
68079,9.887255
68099,9.887255
68119,9.887255
68139,9.887255
68159,9.887255
68179,9.887255
68199,9.887255
68219,9.887255
68239,9.887255
68259,9.887255
68279,9.887255
68299,9.887255
68319,9.887255
68339,9.887255
68359,9.887255
68379,9.887255
68399,9.887255
68419,9.887255
68439,9.887255
68459,9.887255
68479,9.887255
68499,9.887255
68519,9.887255
68539,9.887255
68559,9.887255
68579,9.887255
68599,9.887255
68619,9.887255
68639,9.887255
68659,9.887255
68679,9.887255
68699,9.887255
68719,9.887255
68739,9.887255
68759,9.887255
68779,9.887255
68799,9.887255
68819,9.887255
68839,9.887255
68859,9.887255
68879,9.887255
68899,9.887255
68919,9.887255
68939,9.887255
68959,9.887255
68979,9.887255
68999,9.887255
69019,9.887255
69039,9.887255
69059,9.887255
69079,9.887255
69099,9.887255
69119,9.887255
69139,9.887255
69159,9.887255
69179,9.887255
69199,9.887255
69219,9.887255
69239,9.887255
69259,9.887255
69279,9.887255
69299,9.887255
69319,9.887255
69339,9.887255
69359,9.887255
69379,9.887255
69399,9.887255
69419,9.887255
69439,9.887255
69459,9.887255
69479,9.887255
69499,9.887255
69519,9.887255
69539,9.887255
69559,9.887255
69579,9.887255
69599,9.887255
69619,9.887255
69639,9.887255
69659,9.887255
69679,9.887255
69699,9.887255
69719,9.887255
69739,9.887255
69759,9.887255
69779,9.887255
69799,9.887255
69819,9.887255
69839,9.887255
69859,9.887255
69879,9.887255
69899,9.887255
69919,9.887255
69939,9.887255
69959,9.887255
69979,9.887255
69999,9.887255
70019,9.887255
70039,9.887255
70059,9.887255
70079,9.887255
70099,9.887255
70119,9.887255
70139,9.887255
70159,9.887255
70179,9.887255
70199,9.887255
70219,9.887255
70239,9.887255
70259,9.887255
70279,9.887255
70299,9.887255
70319,9.887255
70339,9.887255
70359,9.887255
70379,9.887255
70399,9.887255
70419,9.887255
70439,9.887255
70459,9.887255
70479,9.887255
70499,9.887255
70519,9.887255
70539,9.887255
70559,9.887255
70579,9.887255
70599,9.887255
70619,9.887255
70639,9.887255
70659,9.887255
70679,9.887255
70699,9.887255
70719,9.887255
70739,9.887255
70759,9.887255
70779,9.887255
70799,9.887255
70819,9.887255
70839,9.887255
70859,9.887255
70879,9.887255
70899,9.887255
70919,9.887255
70939,9.887255
70959,9.887255
70979,9.887255
70999,9.887255
71019,9.887255
71039,9.887255
71059,9.887255
71079,9.887255
71099,9.887255
71119,9.887255
71139,9.887255
71159,9.887255
71179,9.887255
71199,9.887255
71219,9.887255
71239,9.887255
71259,9.887255
71279,9.887255
71299,9.887255
71319,9.887255
71339,9.887255
71359,9.887255
71379,9.887255
71399,9.887255
71419,9.887255
71439,9.887255
71459,9.887255
71479,9.887255
71499,9.887255
71519,9.887255
71539,9.887255
71559,9.887255
71579,9.887255
71599,9.887255
71619,9.887255
71639,9.887255
71659,9.887255
71679,9.887255
71699,9.887255
71719,9.887255
71739,9.887255
71759,9.887255
71779,9.887255
71799,9.887255
71819,9.887255
71839,9.887255
71859,9.887255
71879,9.887255
71899,9.887255
71919,9.887255
71939,9.887255
71959,9.887255
71979,9.887255
71999,9.887255
72019,9.887255
72039,9.887255
72059,9.887255
72079,9.887255
72099,9.887255
72119,9.887255
72139,9.887255
72159,9.887255
72179,9.887255
72199,9.887255
72219,9.887255
72239,9.887255
72259,9.887255
72279,9.887255
72299,9.887255
72319,9.887255
72339,9.887255
72359,9.887255
72379,9.887255
72399,9.887255
72419,9.887255
72439,9.887255
72459,9.887255
72479,9.887255
72499,9.887255
72519,9.887255
72539,9.887255
72559,9.887255
72579,9.887255
72599,9.887255
72619,9.887255
72639,9.887255
72659,9.887255
72679,9.887255
72699,9.887255
72719,9.887255
72739,9.887255
72759,9.887255
72779,9.887255
72799,9.887255
72819,9.887255
72839,9.887255
72859,9.887255
72879,9.887255
72899,9.887255
72919,9.887255
72939,9.887255
72959,9.887255
72979,9.887255
72999,9.887255
73019,9.887255
73039,9.887255
73059,9.887255
73079,9.887255
73099,9.887255
73119,9.887255
73139,9.887255
73159,9.887255
73179,9.887255
73199,9.887255
73219,9.887255
73239,9.887255
73259,9.887255
73279,9.887255
73299,9.887255
73319,9.887255
73339,9.887255
73359,9.887255
73379,9.887255
73399,9.887255
73419,9.887255
73439,9.887255
73459,9.887255
73479,9.887255
73499,9.887255
73519,9.887255
73539,9.887255
73559,9.887255
73579,9.887255
73599,9.887255
73619,9.887255
73639,9.887255
73659,9.887255
73679,9.887255
73699,9.887255
73719,9.887255
73739,9.887255
73759,9.887255
73779,9.887255
73799,9.887255
73819,9.887255
73839,9.887255
73859,9.887255
73879,9.887255
73899,9.887255
73919,9.887255
73939,9.887255
73959,9.887255
73979,9.887255
73999,9.887255
74019,9.887255
74039,9.887255
74059,9.887255
74079,9.887255
74099,9.887255
74119,9.887255
74139,9.887255
74159,9.887255
74179,9.887255
74199,9.887255
74219,9.887255
74239,9.887255
74259,9.887255
74279,9.887255
74299,9.887255
74319,9.887255
74339,9.887255
74359,9.887255
74379,9.887255
74399,9.887255
74419,9.887255
74439,9.887255
74459,9.887255
74479,9.887255
74499,9.887255
74519,9.887255
74539,9.887255
74559,9.887255
74579,9.887255
74599,9.887255
74619,9.887255
74639,9.887255
74659,9.887255
74679,9.887255
74699,9.887255
74719,9.887255
74739,9.887255
74759,9.887255
74779,9.887255
74799,9.887255
74819,9.887255
74839,9.887255
74859,9.887255
74879,9.887255
74899,9.887255
74919,9.887255
74939,9.887255
74959,9.887255
74979,9.887255
74999,9.887255
75019,9.887255
75039,9.887255
75059,9.887255
75079,9.887255
75099,9.887255
75119,9.887255
75139,9.887255
75159,9.887255
75179,9.887255
75199,9.887255
75219,9.887255
75239,9.887255
75259,9.887255
75279,9.887255
75299,9.887255
75319,9.887255
75339,9.887255
75359,9.887255
75379,9.887255
75399,9.887255
75419,9.887255
75439,9.887255
75459,9.887255
75479,9.887255
75499,9.887255
75519,9.887255
75539,9.887255
75559,9.887255
75579,9.887255
75599,9.887255
75619,9.887255
75639,9.887255
75659,9.887255
75679,9.887255
75699,9.887255
75719,9.887255
75739,9.887255
75759,9.887255
75779,9.887255
75799,9.887255
75819,9.887255
75839,9.887255
75859,9.887255
75879,9.887255
75899,9.887255
75919,9.887255
75939,9.887255
75959,9.887255
75979,9.887255
75999,9.887255
76019,9.887255
76039,9.887255
76059,9.887255
76079,9.887255
76099,9.887255
76119,9.887255
76139,9.887255
76159,9.887255
76179,9.887255
76199,9.887255
76219,9.887255
76239,9.887255
76259,9.887255
76279,9.887255
76299,9.887255
76319,9.887255
76339,9.887255
76359,9.887255
76379,9.887255
76399,9.887255
76419,9.887255
76439,9.887255
76459,9.887255
76479,9.887255
76499,9.887255
76519,9.887255
76539,9.887255
76559,9.887255
76579,9.887255
76599,9.887255
76619,9.887255
76639,9.887255
76659,9.887255
76679,9.887255
76699,9.887255
76719,9.887255
76739,9.887255
76759,9.887255
76779,9.887255
76799,9.887255
76819,9.887255
76839,9.887255
76859,9.887255
76879,9.887255
76899,9.887255
76919,9.887255
76939,9.887255
76959,9.887255
76979,9.887255
76999,9.887255
77019,9.887255
77039,9.887255
77059,9.887255
77079,9.887255
77099,9.887255
77119,9.887255
77139,9.887255
77159,9.887255
77179,9.887255
77199,9.887255
77219,9.887255
77239,9.887255
77259,9.887255
77279,9.887255
77299,9.887255
77319,9.887255
77339,9.887255
77359,9.887255
77379,9.887255
77399,9.887255
77419,9.887255
77439,9.887255
77459,9.887255
77479,9.887255
77499,9.887255
77519,9.887255
77539,9.887255
77559,9.887255
77579,9.887255
77599,9.887255
77619,9.887255
77639,9.887255
77659,9.887255
77679,9.887255
77699,9.887255
77719,9.887255
77739,9.887255
77759,9.887255
77779,9.887255
77799,9.887255
77819,9.887255
77839,9.887255
77859,9.887255
77879,9.887255
77899,9.887255
77919,9.887255
77939,9.887255
77959,9.887255
77979,9.887255
77999,9.887255
78019,9.887255
78039,9.887255
78059,9.887255
78079,9.887255
78099,9.887255
78119,9.887255
78139,9.887255
78159,9.887255
78179,9.887255
78199,9.887255
78219,9.887255
78239,9.887255
78259,9.887255
78279,9.887255
78299,9.887255
78319,9.887255
78339,9.887255
78359,9.887255
78379,9.887255
78399,9.887255
78419,9.887255
78439,9.887255
78459,9.887255
78479,9.887255
78499,9.887255
78519,9.887255
78539,9.887255
78559,9.887255
78579,9.887255
78599,9.887255
78619,9.887255
78639,9.887255
78659,9.887255
78679,9.887255
78699,9.887255
78719,9.887255
78739,9.887255
78759,9.887255
78779,9.887255
78799,9.887255
78819,9.887255
78839,9.887255
78859,9.887255
78879,9.887255
78899,9.887255
78919,9.887255
78939,9.887255
78959,9.887255
78979,9.887255
78999,9.887255
79019,9.887255
79039,9.887255
79059,9.067105
79079,9.887255
79099,9.887255
79119,9.887255
79139,9.887255
79159,9.887255
79179,9.887255
79199,9.887255
79219,9.887255
79239,9.887255
79259,9.887255
79279,9.887255
79299,9.887255
79319,9.887255
79339,9.887255
79359,9.887255
79379,9.887255
79399,9.887255
79419,9.887255
79439,9.887255
79459,9.887255
79479,9.887255
79499,9.887255
79519,9.887255
79539,9.887255
79559,9.887255
79579,9.887255
79599,9.887255
79619,9.887255
79639,9.887255
79659,9.887255
79679,9.887255
79699,9.887255
79719,9.887255
79739,9.887255
79759,9.887255
79779,9.887255
79799,9.887255
79819,9.887255
79839,9.887255
79859,9.887255
79879,9.887255
79899,9.887255
79919,9.887255
79939,9.887255
79959,9.887255
79979,9.887255
79999,9.887255
80019,9.887255
80039,9.887255
80059,9.887255
80079,9.887255
80099,9.887255
80119,9.887255
80139,9.887255
80159,9.887255
80179,9.887255
80199,9.887255
80219,9.887255
80239,9.887255
80259,9.887255
80279,9.887255
80299,9.887255
80319,9.887255
80339,9.887255
80359,9.887255
80379,9.887255
80399,9.887255
80419,9.887255
80439,9.887255
80459,9.887255
80479,9.887255
80499,9.887255
80519,9.887255
80539,9.887255
80559,9.887255
80579,9.887255
80599,9.887255
80619,9.887255
80639,9.887255
80659,9.887255
80679,9.887255
80699,9.887255
80719,9.887255
80739,9.887255
80759,9.887255
80779,9.887255
80799,9.887255
80819,9.887255
80839,9.887255
80859,9.887255
80879,9.887255
80899,9.887255
80919,9.887255
80939,9.887255
80959,9.887255
80979,9.887255
80999,9.887255
81019,9.887255
81039,9.887255
81059,9.887255
81079,9.887255
81099,9.887255
81119,9.887255
81139,9.887255
81159,9.887255
81179,9.887255
81199,9.887255
81219,9.887255
81239,9.887255
81259,9.887255
81279,9.887255
81299,9.887255
81319,9.887255
81339,9.887255
81359,9.887255
81379,9.887255
81399,9.887255
81419,9.887255
81439,9.887255
81459,9.887255
81479,9.887255
81499,9.887255
81519,9.887255
81539,9.887255
81559,9.887255
81579,9.887255
81599,9.887255
81619,9.887255
81639,9.887255
81659,9.887255
81679,9.887255
81699,9.887255
81719,9.887255
81739,9.887255
81759,9.887255
81779,9.887255
81799,9.887255
81819,9.887255
81839,9.887255
81859,9.887255
81879,9.887255
81899,9.887255
81919,9.887255
81939,9.887255
81959,9.887255
81979,9.887255
81999,9.887255
82019,9.887255
82039,9.887255
82059,9.887255
82079,9.887255
82099,9.887255
82119,9.887255
82139,9.887255
82159,9.887255
82179,9.887255
82199,9.887255
82219,9.887255
82239,9.887255
82259,9.887255
82279,9.887255
82299,9.887255
82319,9.887255
82339,9.887255
82359,9.887255
82379,9.887255
82399,9.887255
82419,9.785626
82439,9.887255
82459,9.887255
82479,9.887255
82499,9.887255
82519,9.887255
82539,9.887255
82559,9.887255
82579,9.887255
82599,9.887255
82619,9.887255
82639,9.887255
82659,9.887255
82679,9.887255
82699,9.887255
82719,9.887255
82739,9.887255
82759,9.887255
82779,9.887255
82799,9.887255
82819,9.887255
82839,9.887255
82859,9.887255
82879,9.887255
82899,9.887255
82919,9.887255
82939,9.887255
82959,9.887255
82979,9.887255
82999,9.887255
83019,9.887255
83039,9.887255
83059,9.887255
83079,9.887255
83099,9.887255
83119,9.887255
83139,9.887255
83159,9.887255
83179,9.887255
83199,9.887255
83219,9.887255
83239,9.887255
83259,9.887255
83279,9.887255
83299,9.887255
83319,9.887255
83339,9.887255
83359,9.887255
83379,9.887255
83399,9.887255
83419,9.887255
83439,9.887255
83459,9.887255
83479,9.887255
83499,9.887255
83519,9.887255
83539,9.887255
83559,9.887255
83579,9.887255
83599,9.887255
83619,9.887255
83639,9.887255
83659,9.887255
83679,9.887255
83699,9.887255
83719,9.887255
83739,9.887255
83759,9.887255
83779,9.887255
83799,9.887255
83819,9.887255
83839,9.887255
83859,9.887255
83879,9.887255
83899,9.887255
83919,9.887255
83939,9.887255
83959,9.887255
83979,9.887255
83999,9.887255
84019,9.887255
84039,9.887255
84059,9.887255
84079,9.887255
84099,9.887255
84119,9.887255
84139,9.887255
84159,9.887255
84179,9.887255
84199,9.887255
84219,9.887255
84239,9.887255
84259,9.887255
84279,9.887255
84299,9.887255
84319,9.887255
84339,9.887255
84359,9.887255
84379,9.887255
84399,9.887255
84419,9.887255
84439,9.887255
84459,9.887255
84479,9.887255
84499,9.887255
84519,9.887255
84539,9.887255
84559,9.887255
84579,9.887255
84599,9.887255
84619,9.887255
84639,9.887255
84659,9.887255
84679,9.887255
84699,9.887255
84719,9.887255
84739,9.887255
84759,9.887255
84779,9.887255
84799,9.887255
84819,9.887255
84839,9.887255
84859,9.887255
84879,9.887255
84899,9.887255
84919,9.887255
84939,9.887255
84959,9.887255
84979,9.887255
84999,9.887255
85019,9.887255
85039,9.887255
85059,9.887255
85079,9.887255
85099,9.887255
85119,9.887255
85139,9.887255
85159,9.887255
85179,9.887255
85199,9.887255
85219,9.887255
85239,9.887255
85259,9.887255
85279,9.887255
85299,9.887255
85319,9.887255
85339,9.887255
85359,9.887255
85379,9.887255
85399,9.887255
85419,9.887255
85439,9.887255
85459,9.887255
85479,9.887255
85499,9.887255
85519,9.887255
85539,9.887255
85559,9.887255
85579,9.887255
85599,9.887255
85619,9.887255
85639,9.887255
85659,9.887255
85679,9.887255
85699,9.887255
85719,9.887255
85739,9.887255
85759,9.887255
85779,9.887255
85799,9.887255
85819,9.887255
85839,9.887255
85859,9.887255
85879,9.887255
85899,9.887255
85919,9.887255
85939,9.887255
85959,9.887255
85979,9.887255
85999,9.887255
86019,9.887255
86039,9.887255
86059,9.887255
86079,9.887255
86099,9.887255
86119,9.887255
86139,9.887255
86159,9.887255
86179,9.887255
86199,9.887255
86219,9.887255
86239,9.887255
86259,10.239204
86279,9.887255
86299,9.887255
86319,9.887255
86339,9.887255
86359,9.887255
86379,9.887255
86399,9.887255
86419,9.887255
86439,9.887255
86459,9.887255
86479,9.887255
86499,9.887255
86519,9.887255
86539,9.887255
86559,9.887255
86579,9.887255
86599,9.887255
86619,9.887255
86639,9.887255
86659,9.887255
86679,9.887255
86699,9.887255
86719,9.887255
86739,9.887255
86759,9.887255
86779,9.887255
86799,9.887255
86819,9.887255
86839,9.887255
86859,9.887255
86879,9.887255
86899,9.887255
86919,9.887255
86939,9.887255
86959,9.887255
86979,9.887255
86999,9.887255
87019,9.887255
87039,9.887255
87059,9.887255
87079,9.887255
87099,9.887255
87119,9.887255
87139,9.887255
87159,9.887255
87179,9.887255
87199,9.887255
87219,9.887255
87239,9.887255
87259,9.887255
87279,9.887255
87299,9.887255
87319,9.887255
87339,9.887255
87359,9.887255
87379,9.887255
87399,9.887255
87419,9.887255
87439,9.887255
87459,9.887255
87479,9.887255
87499,9.887255
87519,9.887255
87539,9.887255
87559,9.887255
87579,9.887255
87599,9.887255
87619,9.887255
87639,9.887255
87659,9.887255
87679,9.887255
87699,9.887255
87719,9.887255
87739,9.887255
87759,9.887255
87779,9.887255
87799,9.887255
87819,9.887255
87839,9.887255
87859,9.887255
87879,9.887255
87899,9.887255
87919,9.887255
87939,9.887255
87959,9.887255
87979,9.887255
87999,9.887255
88019,9.887255
88039,9.887255
88059,9.887255
88079,9.887255
88099,9.887255
88119,9.887255
88139,9.887255
88159,9.887255
88179,9.887255
88199,9.887255
88219,9.887255
88239,9.887255
88259,9.887255
88279,9.887255
88299,9.887255
88319,9.887255
88339,9.887255
88359,9.887255
88379,9.887255
88399,9.887255
88419,9.887255
88439,9.887255
88459,9.887255
88479,9.887255
88499,9.887255
88519,9.887255
88539,9.887255
88559,9.887255
88579,9.887255
88599,9.887255
88619,9.887255
88639,9.887255
88659,9.887255
88679,9.887255
88699,9.887255
88719,9.887255
88739,9.887255
88759,9.887255
88779,9.887255
88799,9.887255
88819,8.865072
88839,9.631173
88859,9.887255
88879,9.887255
88899,9.887255
88919,9.887255
88939,9.887255
88959,9.887255
88979,9.887255
88999,9.887255
89019,9.887255
89039,9.887255
89059,9.887255
89079,9.887255
89099,9.887255
89119,9.887255
89139,9.887255
89159,9.887255
89179,9.887255
89199,9.887255
89219,9.887255
89239,9.887255
89259,9.887255
89279,9.887255
89299,9.887255
89319,9.887255
89339,9.887255
89359,9.887255
89379,9.887255
89399,9.887255
89419,9.887255
89439,9.887255
89459,9.887255
89479,9.887255
89499,9.887255
89519,9.887255
89539,9.887255
89559,9.887255
89579,9.887255
89599,9.887255
89619,9.887255
89639,9.887255
89659,9.887255
89679,9.887255
89699,9.887255
89719,9.887255
89739,9.887255
89759,9.887255
89779,9.887255
89799,9.887255
89819,9.887255
89839,9.887255
89859,9.887255
89879,9.887255
89899,9.887255
89919,9.887255
89939,9.887255
89959,9.887255
89979,9.887255
89999,9.887255
90019,9.887255
90039,9.887255
90059,9.887255
90079,9.887255
90099,9.887255
90119,9.887255
90139,9.887255
90159,9.887255
90179,9.887255
90199,9.887255
90219,9.887255
90239,9.887255
90259,9.887255
90279,9.887255
90299,9.887255
90319,9.887255
90339,9.887255
90359,9.887255
90379,9.887255
90399,9.887255
90419,9.887255
90439,9.887255
90459,9.887255
90479,9.887255
90499,9.887255
90519,9.887255
90539,9.887255
90559,9.887255
90579,9.887255
90599,9.887255
90619,9.887255
90639,9.887255
90659,9.887255
90679,9.887255
90699,9.887255
90719,9.887255
90739,9.887255
90759,9.887255
90779,9.834369
90799,9.887255
90819,9.887255
90839,9.887255
90859,9.887255
90879,9.887255
90899,9.887255
90919,9.887255
90939,9.887255
90959,9.887255
90979,9.887255
90999,9.887255
91019,9.887255
91039,9.887255
91059,9.887255
91079,9.887255
91099,9.887255
91119,9.887255
91139,9.887255
91159,9.887255
91179,9.887255
91199,9.887255
91219,9.887255
91239,8.166148
91259,9.887255
91279,9.887255
91299,9.887255
91319,9.887255
91339,9.887255
91359,9.887255
91379,9.887255
91399,9.887255
91419,9.887255
91439,9.887255
91459,9.887255
91479,9.887255
91499,9.887255
91519,9.887255
91539,9.887255
91559,9.887255
91579,9.887255
91599,9.887255
91619,9.887255
91639,9.887255
91659,9.887255
91679,9.887255
91699,9.887255
91719,9.887255
91739,9.887255
91759,9.887255
91779,9.887255
91799,9.887255
91819,9.887255
91839,9.887255
91859,9.887255
91879,9.887255
91899,9.887255
91919,9.887255
91939,9.887255
91959,9.887255
91979,9.887255
91999,9.887255
92019,9.887255
92039,9.887255
92059,9.887255
92079,9.887255
92099,9.887255
92119,9.887255
92139,9.887255
92159,9.887255
92179,9.887255
92199,9.887255
92219,9.887255
92239,9.887255
92259,9.887255
92279,9.887255
92299,9.887255
92319,9.887255
92339,9.887255
92359,9.887255
92379,9.887255
92399,9.887255
92419,9.887255
92439,9.887255
92459,9.887255
92479,9.887255
92499,9.887255
92519,9.887255
92539,9.887255
92559,9.887255
92579,9.887255
92599,9.887255
92619,9.887255
92639,9.887255
92659,9.887255
92679,9.887255
92699,9.887255
92719,9.887255
92739,9.887255
92759,9.887255
92779,9.887255
92799,9.887255
92819,9.887255
92839,9.887255
92859,9.887255
92879,9.887255
92899,9.887255
92919,9.887255
92939,9.887255
92959,9.887255
92979,9.887255
92999,9.887255
93019,9.887255
93039,9.887255
93059,9.887255
93079,9.887255
93099,9.887255
93119,9.887255
93139,9.887255
93159,9.887255
93179,9.887255
93199,9.887255
93219,9.887255
93239,9.887255
93259,9.887255
93279,9.887255
93299,9.887255
93319,9.887255
93339,9.887255
93359,9.887255
93379,9.887255
93399,9.887255
93419,9.887255
93439,9.887255
93459,9.887255
93479,9.887255
93499,9.887255
93519,9.887255
93539,9.887255
93559,9.887255
93579,9.887255
93599,9.887255
93619,9.887255
93639,9.887255
93659,9.887255
93679,9.887255
93699,9.887255
93719,9.887255
93739,9.887255
93759,9.887255
93779,9.887255
93799,9.887255
93819,9.887255
93839,9.887255
93859,9.887255
93879,9.887255
93899,9.887255
93919,9.887255
93939,9.887255
93959,9.887255
93979,9.887255
93999,9.887255
94019,9.887255
94039,9.887255
94059,9.887255
94079,9.887255
94099,9.887255
94119,9.887255
94139,9.887255
94159,9.887255
94179,9.887255
94199,10.218000
94219,9.887255
94239,9.887255
94259,9.887255
94279,9.887255
94299,9.887255
94319,9.887255
94339,9.887255
94359,9.887255
94379,9.887255
94399,9.887255
94419,9.887255
94439,9.887255
94459,9.887255
94479,9.887255
94499,9.887255
94519,9.887255
94539,9.887255
94559,9.887255
94579,9.887255
94599,9.887255
94619,9.887255
94639,9.887255
94659,9.887255
94679,9.887255
94699,9.887255
94719,9.887255
94739,9.887255
94759,9.887255
94779,9.887255
94799,9.887255
94819,9.887255
94839,9.887255
94859,9.887255
94879,9.887255
94899,9.887255
94919,9.887255
94939,9.887255
94959,9.887255
94979,9.887255
94999,9.887255
95019,9.887255
95039,9.887255
95059,9.887255
95079,9.887255
95099,9.887255
95119,9.887255
95139,9.887255
95159,9.887255
95179,9.887255
95199,9.887255
95219,9.887255
95239,9.887255
95259,9.887255
95279,9.887255
95299,9.887255
95319,9.887255
95339,9.887255
95359,9.887255
95379,9.887255
95399,9.887255
95419,9.887255
95439,9.887255
95459,9.887255
95479,9.887255
95499,9.887255
95519,9.887255
95539,9.887255
95559,9.887255
95579,9.887255
95599,9.887255
95619,9.887255
95639,9.887255
95659,9.887255
95679,9.887255
95699,9.887255
95719,9.887255
95739,9.887255
95759,9.887255
95779,9.887255
95799,9.887255
95819,9.887255
95839,9.887255
95859,9.887255
95879,9.887255
95899,9.887255
95919,9.887255
95939,9.887255
95959,9.887255
95979,9.887255
95999,9.887255
96019,9.887255
96039,9.887255
96059,9.887255
96079,9.887255
96099,9.887255
96119,9.887255
96139,9.887255
96159,9.887255
96179,9.887255
96199,9.887255
96219,9.887255
96239,9.887255
96259,9.887255
96279,9.887255
96299,9.887255
96319,9.887255
96339,9.887255
96359,9.887255
96379,9.887255
96399,9.887255
96419,9.887255
96439,9.887255
96459,9.887255
96479,9.887255
96499,9.887255
96519,9.887255
96539,9.887255
96559,9.887255
96579,9.887255
96599,9.887255
96619,9.887255
96639,9.887255
96659,9.887255
96679,9.887255
96699,9.887255
96719,9.887255
96739,9.887255
96759,9.887255
96779,9.887255
96799,9.887255
96819,9.887255
96839,9.887255
96859,9.887255
96879,9.887255
96899,9.887255
96919,9.887255
96939,9.887255
96959,9.887255
96979,9.887255
96999,9.887255
97019,9.887255
97039,9.887255
97059,9.887255
97079,9.887255
97099,9.887255
97119,9.887255
97139,9.887255
97159,9.887255
97179,9.887255
97199,9.887255
97219,9.887255
97239,9.887255
97259,9.887255
97279,9.887255
97299,9.887255
97319,9.887255
97339,9.887255
97359,9.887255
97379,9.887255
97399,9.887255
97419,9.887255
97439,9.887255
97459,9.887255
97479,9.887255
97499,9.887255
97519,9.887255
97539,9.887255
97559,9.887255
97579,9.887255
97599,9.887255
97619,9.887255
97639,9.887255
97659,9.887255
97679,9.887255
97699,9.887255
97719,9.887255
97739,9.887255
97759,9.887255
97779,9.887255
97799,9.887255
97819,9.887255
97839,9.887255
97859,9.887255
97879,9.887255
97899,9.887255
97919,9.887255
97939,9.887255
97959,9.887255
97979,9.887255
97999,9.887255
98019,9.887255
98039,9.887255
98059,9.887255
98079,9.887255
98099,9.887255
98119,9.887255
98139,9.887255
98159,9.887255
98179,9.887255
98199,9.887255
98219,9.887255
98239,9.887255
98259,9.887255
98279,9.887255
98299,9.887255
98319,9.887255
98339,9.887255
98359,9.887255
98379,9.887255
98399,9.887255
98419,9.887255
98439,9.887255
98459,9.887255
98479,9.887255
98499,9.887255
98519,9.887255
98539,9.887255
98559,9.887255
98579,9.887255
98599,9.887255
98619,9.887255
98639,9.887255
98659,9.887255
98679,9.887255
98699,9.887255
98719,9.575272
98739,9.887255
98759,9.887255
98779,9.887255
98799,9.887255
98819,9.887255
98839,9.887255
98859,9.887255
98879,9.887255
98899,9.887255
98919,9.887255
98939,9.887255
98959,9.887255
98979,9.887255
98999,9.887255
99019,9.887255
99039,9.887255
99059,9.887255
99079,9.887255
99099,9.887255
99119,9.887255
99139,9.887255
99159,9.887255
99179,9.887255
99199,9.887255
99219,9.887255
99239,9.887255
99259,9.887255
99279,9.887255
99299,9.887255
99319,9.887255
99339,9.887255
99359,9.887255
99379,9.887255
99399,9.887255
99419,9.887255
99439,9.887255
99459,9.887255
99479,9.887255
99499,9.887255
99519,9.887255
99539,9.887255
99559,9.887255
99579,9.887255
99599,9.887255
99619,9.887255
99639,9.887255
99659,9.887255
99679,9.887255
99699,9.887255
99719,9.887255
99739,9.887255
99759,9.887255
99779,9.887255
99799,9.887255
99819,9.887255
99839,10.218000
99859,9.887255
99879,9.887255
99899,9.887255
99919,9.887255
99939,9.887255
99959,9.887255
99979,9.887255
99999,9.887255
