19,-11.610354
39,-3.612154
59,-14.416476
79,0.843640
99,-14.150164
119,-9.422718
139,1.781499
159,-11.464446
179,-5.780112
199,8.281597
219,-2.020767
239,-14.416476
259,-14.416476
279,-11.959474
299,-5.627877
319,0.717401
339,-6.406767
359,0.339483
379,-14.416476
399,-0.582947
419,3.356302
439,-3.055529
459,-7.486966
479,-0.457666
499,2.287813
519,-9.465981
539,-14.416476
559,-0.896662
579,5.805746
599,8.390542
619,0.133178
639,3.330964
659,5.978261
679,0.808438
699,1.251727
719,-11.311689
739,4.810043
759,5.187048
779,-8.519670
799,0.808438
819,4.737199
839,3.230583
859,-0.833338
879,-8.702190
899,-12.174882
919,-14.416476
939,1.812095
959,9.214029
979,10.768709
999,10.503652
1019,11.088306
1039,11.088306
1059,6.220187
1079,8.668745
1099,9.125412
1119,-0.615306
1139,11.844028
1159,9.669546
1179,9.225697
1199,11.451032
1219,11.061231
1239,10.953503
1259,10.182455
1279,10.953503
1299,8.286227
1319,11.451032
1339,11.061231
1359,11.137906
1379,11.061231
1399,11.423860
1419,11.137906
1439,11.061231
1459,10.663226
1479,11.451032
1499,11.423860
1519,11.478261
1539,11.321921
1559,11.321921
1579,11.451032
1599,11.478261
1619,11.403630
1639,9.703054
1659,11.110950
1679,11.899314
1699,9.087798
1719,11.587752
1739,11.587752
1759,11.688787
1779,11.688787
1799,11.110950
1819,13.169731
1839,13.169731
1859,11.688787
1879,11.899314
1899,13.169731
1919,13.169731
1939,12.627549
1959,11.403630
1979,13.169731
1999,11.899314
2019,13.169731
2039,10.211974
2059,11.403630
2079,11.688787
2099,11.403630
2119,11.927044
2139,11.771486
2159,11.688787
2179,13.169731
2199,12.236200
2219,13.169731
2239,11.688787
2259,11.927044
2279,11.688787
2299,12.109840
2319,11.927044
2339,13.169731
2359,12.081947
2379,13.169731
2399,13.169731
2419,11.927044
2439,13.169731
2459,13.169731
2479,13.169731
2499,13.169731
2519,11.688787
2539,13.169731
2559,12.081947
2579,11.688787
2599,13.169731
2619,13.169731
2639,11.899314
2659,13.169731
2679,13.169731
2699,13.169731
2719,13.169731
2739,13.169731
2759,13.169731
2779,13.169731
2799,13.169731
2819,13.169731
2839,13.169731
2859,13.169731
2879,13.169731
2899,13.169731
2919,13.169731
2939,13.169731
2959,13.169731
2979,13.169731
2999,13.169731
3019,13.169731
3039,13.169731
3059,13.169731
3079,13.169731
3099,13.169731
3119,13.169731
3139,13.169731
3159,13.169731
3179,13.169731
3199,13.169731
3219,13.169731
3239,13.169731
3259,13.169731
3279,13.169731
3299,13.169731
3319,13.169731
3339,13.169731
3359,13.169731
3379,13.169731
3399,13.169731
3419,13.169731
3439,13.169731
3459,13.169731
3479,13.169731
3499,13.169731
3519,13.169731
3539,13.169731
3559,13.169731
3579,13.169731
3599,13.169731
3619,13.169731
3639,13.169731
3659,13.169731
3679,13.169731
3699,13.169731
3719,13.169731
3739,13.169731
3759,13.169731
3779,13.169731
3799,13.169731
3819,13.169731
3839,13.169731
3859,13.169731
3879,13.169731
3899,13.169731
3919,13.169731
3939,13.169731
3959,13.169731
3979,13.169731
3999,13.169731
4019,13.169731
4039,13.169731
4059,13.169731
4079,13.169731
4099,13.169731
4119,13.169731
4139,13.169731
4159,13.169731
4179,13.169731
4199,13.169731
4219,13.169731
4239,13.169731
4259,13.169731
4279,13.169731
4299,13.169731
4319,13.169731
4339,13.169731
4359,13.169731
4379,13.169731
4399,13.169731
4419,13.169731
4439,13.169731
4459,13.169731
4479,13.169731
4499,13.169731
4519,13.169731
4539,13.169731
4559,13.169731
4579,13.169731
4599,13.169731
4619,13.169731
4639,13.169731
4659,13.169731
4679,13.169731
4699,13.169731
4719,13.169731
4739,13.169731
4759,13.169731
4779,13.169731
4799,13.169731
4819,13.169731
4839,13.169731
4859,13.169731
4879,13.169731
4899,13.169731
4919,13.169731
4939,13.169731
4959,13.169731
4979,13.169731
4999,13.169731
5019,13.169731
5039,13.169731
5059,13.169731
5079,13.169731
5099,13.169731
5119,13.169731
5139,13.169731
5159,13.169731
5179,13.169731
5199,13.169731
5219,13.169731
5239,13.169731
5259,13.169731
5279,13.169731
5299,13.169731
5319,13.169731
5339,13.169731
5359,13.169731
5379,12.081947
5399,13.169731
5419,13.169731
5439,13.169731
5459,13.169731
5479,13.169731
5499,13.169731
5519,13.169731
5539,13.169731
5559,13.169731
5579,13.169731
5599,13.169731
5619,13.169731
5639,13.169731
5659,13.169731
5679,13.169731
5699,13.169731
5719,13.169731
5739,13.169731
5759,13.169731
5779,13.169731
5799,13.169731
5819,13.169731
5839,13.169731
5859,13.169731
5879,13.169731
5899,13.169731
5919,13.169731
5939,13.169731
5959,13.169731
5979,13.169731
5999,13.169731
6019,13.169731
6039,13.169731
6059,13.169731
6079,13.169731
6099,13.169731
6119,13.169731
6139,13.169731
6159,13.169731
6179,13.169731
6199,13.169731
6219,13.169731
6239,13.169731
6259,13.169731
6279,13.169731
6299,13.169731
6319,13.169731
6339,13.169731
6359,13.169731
6379,13.169731
6399,13.169731
6419,13.169731
6439,13.169731
6459,13.169731
6479,13.169731
6499,13.169731
6519,13.169731
6539,13.169731
6559,13.169731
6579,13.169731
6599,13.169731
6619,13.169731
6639,13.169731
6659,13.169731
6679,13.169731
6699,13.169731
6719,13.169731
6739,13.169731
6759,13.169731
6779,13.169731
6799,13.169731
6819,13.169731
6839,13.169731
6859,13.169731
6879,13.169731
6899,13.169731
6919,13.169731
6939,13.169731
6959,13.169731
6979,13.169731
6999,13.169731
7019,13.169731
7039,13.169731
7059,13.169731
7079,13.169731
7099,13.169731
7119,13.169731
7139,13.169731
7159,13.169731
7179,13.169731
7199,13.169731
7219,13.169731
7239,13.169731
7259,13.169731
7279,13.169731
7299,13.169731
7319,13.169731
7339,13.169731
7359,13.169731
7379,13.169731
7399,13.169731
7419,13.169731
7439,13.169731
7459,13.169731
7479,13.169731
7499,13.169731
7519,13.169731
7539,13.169731
7559,13.169731
7579,13.169731
7599,13.169731
7619,13.169731
7639,13.169731
7659,13.169731
7679,13.169731
7699,13.169731
7719,13.169731
7739,13.169731
7759,13.169731
7779,13.169731
7799,13.169731
7819,13.169731
7839,13.169731
7859,13.169731
7879,13.169731
7899,13.169731
7919,13.169731
7939,13.169731
7959,13.169731
7979,13.169731
7999,13.169731
8019,13.169731
8039,13.169731
8059,13.169731
8079,13.169731
8099,13.169731
8119,13.169731
8139,13.169731
8159,13.169731
8179,13.169731
8199,13.169731
8219,13.169731
8239,13.169731
8259,13.169731
8279,13.169731
8299,13.169731
8319,13.169731
8339,13.169731
8359,13.169731
8379,13.169731
8399,13.169731
8419,13.169731
8439,13.169731
8459,13.169731
8479,13.169731
8499,13.169731
8519,13.169731
8539,13.169731
8559,13.169731
8579,13.169731
8599,13.169731
8619,13.169731
8639,13.169731
8659,13.169731
8679,13.169731
8699,13.169731
8719,13.169731
8739,13.169731
8759,13.169731
8779,13.169731
8799,13.169731
8819,13.169731
8839,13.169731
8859,13.169731
8879,13.169731
8899,13.169731
8919,13.169731
8939,13.169731
8959,13.169731
8979,13.169731
8999,13.169731
9019,13.169731
9039,13.169731
9059,13.169731
9079,13.169731
9099,13.169731
9119,13.169731
9139,13.169731
9159,13.169731
9179,13.169731
9199,13.169731
9219,13.169731
9239,13.169731
9259,13.169731
9279,13.169731
9299,13.169731
9319,13.169731
9339,13.169731
9359,13.169731
9379,13.169731
9399,13.169731
9419,13.169731
9439,13.169731
9459,13.169731
9479,13.169731
9499,13.169731
9519,13.169731
9539,13.169731
9559,13.169731
9579,13.169731
9599,13.169731
9619,13.169731
9639,13.169731
9659,13.169731
9679,13.169731
9699,13.169731
9719,13.169731
9739,13.169731
9759,13.169731
9779,13.169731
9799,13.169731
9819,13.169731
9839,13.169731
9859,13.169731
9879,13.169731
9899,13.169731
9919,13.169731
9939,13.169731
9959,13.169731
9979,13.169731
9999,13.169731
10019,13.169731
10039,13.169731
10059,13.169731
10079,13.169731
10099,13.169731
10119,13.169731
10139,13.169731
10159,13.169731
10179,13.169731
10199,13.799292
10219,13.169731
10239,13.169731
10259,13.169731
10279,13.169731
10299,13.169731
10319,13.169731
10339,13.799292
10359,13.799292
10379,13.799292
10399,13.169731
10419,13.799292
10439,13.169731
10459,13.169731
10479,13.169731
10499,13.799292
10519,13.169731
10539,13.169731
10559,13.169731
10579,13.799292
10599,13.169731
10619,13.799292
10639,13.799292
10659,13.799292
10679,13.799292
10699,13.169731
10719,13.169731
10739,13.169731
10759,13.169731
10779,13.169731
10799,13.169731
10819,13.169731
10839,13.169731
10859,13.169731
10879,13.169731
10899,13.169731
10919,13.169731
10939,13.169731
10959,13.169731
10979,13.169731
10999,13.799292
11019,13.169731
11039,13.169731
11059,13.169731
11079,13.169731
11099,13.169731
11119,13.169731
11139,13.169731
11159,13.169731
11179,13.169731
11199,13.169731
11219,13.169731
11239,13.169731
11259,13.169731
11279,13.169731
11299,13.169731
11319,13.169731
11339,13.169731
11359,13.169731
11379,13.169731
11399,13.169731
11419,13.169731
11439,13.169731
11459,13.169731
11479,13.169731
11499,13.169731
11519,13.169731
11539,13.169731
11559,13.169731
11579,13.169731
11599,13.169731
11619,13.169731
11639,13.169731
11659,13.169731
11679,13.169731
11699,13.169731
11719,13.169731
11739,13.169731
11759,13.169731
11779,13.169731
11799,13.169731
11819,13.169731
11839,13.169731
11859,13.169731
11879,13.169731
11899,13.169731
11919,13.169731
11939,13.169731
11959,13.169731
11979,13.169731
11999,13.169731
12019,13.169731
12039,13.169731
12059,13.169731
12079,13.169731
12099,13.169731
12119,13.169731
12139,13.169731
12159,13.169731
12179,13.169731
12199,13.169731
12219,13.169731
12239,13.169731
12259,13.169731
12279,13.169731
12299,13.169731
12319,13.169731
12339,13.169731
12359,13.169731
12379,13.169731
12399,13.169731
12419,13.169731
12439,13.169731
12459,13.169731
12479,13.169731
12499,13.169731
12519,13.169731
12539,13.169731
12559,13.169731
12579,13.169731
12599,13.169731
12619,13.169731
12639,13.169731
12659,13.169731
12679,12.081947
12699,13.169731
12719,13.169731
12739,13.169731
12759,13.169731
12779,13.169731
12799,13.169731
12819,13.169731
12839,13.169731
12859,13.169731
12879,13.169731
12899,13.169731
12919,13.169731
12939,13.169731
12959,13.169731
12979,13.169731
12999,13.169731
13019,13.169731
13039,13.169731
13059,13.169731
13079,13.169731
13099,13.169731
13119,13.169731
13139,13.169731
13159,13.169731
13179,13.169731
13199,13.169731
13219,13.169731
13239,13.169731
13259,13.169731
13279,13.169731
13299,13.169731
13319,13.169731
13339,13.169731
13359,13.169731
13379,13.169731
13399,13.169731
13419,13.169731
13439,13.169731
13459,13.169731
13479,13.169731
13499,13.169731
13519,13.169731
13539,13.169731
13559,13.169731
13579,13.169731
13599,13.799292
13619,13.169731
13639,13.169731
13659,13.169731
13679,13.799292
13699,13.799292
13719,0.612426
13739,11.688787
13759,13.679258
13779,12.474280
13799,13.679258
13819,12.474280
13839,13.169731
13859,13.169731
13879,13.169731
13899,13.799292
13919,13.169731
13939,13.799292
13959,13.799292
13979,13.799292
13999,13.169731
14019,13.799292
14039,13.169731
14059,13.169731
14079,13.169731
14099,13.169731
14119,13.169731
14139,13.169731
14159,13.169731
14179,13.169731
14199,13.169731
14219,13.169731
14239,13.169731
14259,13.169731
14279,13.169731
14299,13.169731
14319,13.169731
14339,13.169731
14359,13.169731
14379,13.169731
14399,13.169731
14419,13.169731
14439,13.169731
14459,13.169731
14479,11.716295
14499,11.716295
14519,13.169731
14539,13.169731
14559,13.169731
14579,13.169731
14599,13.169731
14619,13.169731
14639,13.169731
14659,13.169731
14679,13.169731
14699,13.169731
14719,13.169731
14739,13.169731
14759,13.169731
14779,13.169731
14799,13.169731
14819,10.530670
14839,10.530670
14859,10.530670
14879,10.530670
14899,10.530670
14919,10.530670
14939,11.160044
14959,13.169731
14979,13.169731
14999,13.169731
15019,13.169731
15039,13.169731
15059,13.169731
15079,13.169731
15099,13.169731
15119,13.169731
15139,13.169731
15159,13.169731
15179,13.169731
15199,13.169731
15219,12.081947
15239,12.684364
15259,13.679258
15279,13.679258
15299,13.679258
15319,13.679258
15339,13.679258
15359,13.679258
15379,13.679258
15399,13.679258
15419,13.679258
15439,12.989382
15459,13.679258
15479,13.679258
15499,13.679258
15519,13.679258
15539,13.679258
15559,13.679258
15579,13.679258
15599,13.679258
15619,13.679258
15639,13.679258
15659,13.679258
15679,13.169731
15699,13.169731
15719,13.169731
15739,13.679258
15759,13.679258
15779,13.679258
15799,13.679258
15819,13.679258
15839,13.679258
15859,13.679258
15879,13.679258
15899,13.679258
15919,13.679258
15939,13.679258
15959,13.679258
15979,13.679258
15999,13.679258
16019,13.679258
16039,13.679258
16059,13.679258
16079,13.679258
16099,13.679258
16119,13.679258
16139,13.679258
16159,13.679258
16179,13.679258
16199,13.679258
16219,13.679258
16239,13.679258
16259,13.679258
16279,13.679258
16299,13.679258
16319,13.679258
16339,13.679258
16359,13.679258
16379,13.679258
16399,13.679258
16419,13.679258
16439,13.679258
16459,13.679258
16479,13.679258
16499,13.679258
16519,13.679258
16539,13.679258
16559,13.679258
16579,13.679258
16599,13.679258
16619,13.679258
16639,13.679258
16659,13.679258
16679,13.679258
16699,13.679258
16719,13.679258
16739,13.679258
16759,13.679258
16779,13.679258
16799,13.679258
16819,13.679258
16839,13.679258
16859,13.679258
16879,12.989382
16899,13.679258
16919,13.679258
16939,13.679258
16959,13.679258
16979,13.679258
16999,13.679258
17019,13.679258
17039,13.679258
17059,13.679258
17079,13.679258
17099,13.679258
17119,13.679258
17139,13.679258
17159,13.679258
17179,13.679258
17199,13.679258
17219,13.679258
17239,13.679258
17259,13.679258
17279,13.679258
17299,13.679258
17319,13.679258
17339,13.679258
17359,13.679258
17379,13.679258
17399,13.679258
17419,13.679258
17439,13.679258
17459,13.679258
17479,13.679258
17499,13.679258
17519,13.679258
17539,13.679258
17559,13.679258
17579,13.679258
17599,13.679258
17619,13.679258
17639,13.679258
17659,13.679258
17679,13.679258
17699,13.679258
17719,13.679258
17739,13.679258
17759,13.679258
17779,13.679258
17799,13.679258
17819,13.679258
17839,13.679258
17859,13.679258
17879,13.679258
17899,13.679258
17919,13.679258
17939,13.679258
17959,13.679258
17979,13.679258
17999,13.679258
18019,13.679258
18039,13.679258
18059,13.679258
18079,13.679258
18099,13.679258
18119,13.679258
18139,13.679258
18159,13.679258
18179,13.679258
18199,13.679258
18219,13.679258
18239,13.679258
18259,13.679258
18279,13.679258
18299,13.679258
18319,13.679258
18339,13.679258
18359,13.679258
18379,13.679258
18399,13.679258
18419,13.679258
18439,13.679258
18459,13.679258
18479,13.679258
18499,13.679258
18519,13.679258
18539,13.679258
18559,13.679258
18579,13.679258
18599,13.679258
18619,13.679258
18639,13.679258
18659,13.679258
18679,13.679258
18699,13.679258
18719,13.679258
18739,13.378717
18759,13.679258
18779,13.679258
18799,13.679258
18819,13.679258
18839,13.679258
18859,13.679258
18879,13.679258
18899,13.679258
18919,13.679258
18939,13.679258
18959,13.679258
18979,13.679258
18999,13.679258
19019,13.679258
19039,13.679258
19059,13.679258
19079,13.679258
19099,13.679258
19119,13.679258
19139,13.679258
19159,13.679258
19179,13.679258
19199,13.679258
19219,13.679258
19239,13.679258
19259,13.679258
19279,13.679258
19299,13.679258
19319,13.679258
19339,13.679258
19359,13.679258
19379,13.679258
19399,13.679258
19419,13.679258
19439,13.679258
19459,13.679258
19479,13.679258
19499,13.679258
19519,13.679258
19539,13.679258
19559,13.679258
19579,13.679258
19599,13.679258
19619,13.679258
19639,13.679258
19659,13.679258
19679,13.679258
19699,13.679258
19719,13.679258
19739,13.679258
19759,13.679258
19779,13.679258
19799,13.679258
19819,13.679258
19839,13.679258
19859,13.679258
19879,13.679258
19899,13.679258
19919,13.679258
19939,13.679258
19959,13.679258
19979,13.679258
19999,13.679258
20019,13.679258
20039,13.679258
20059,13.679258
20079,13.679258
20099,13.679258
20119,13.679258
20139,13.679258
20159,13.679258
20179,13.679258
20199,13.679258
20219,13.679258
20239,13.679258
20259,13.679258
20279,13.679258
20299,13.679258
20319,13.679258
20339,13.679258
20359,13.679258
20379,13.679258
20399,13.679258
20419,13.679258
20439,13.679258
20459,13.679258
20479,13.679258
20499,13.679258
20519,13.679258
20539,13.679258
20559,13.679258
20579,13.679258
20599,13.679258
20619,13.679258
20639,13.679258
20659,13.679258
20679,13.679258
20699,13.679258
20719,13.679258
20739,13.679258
20759,13.679258
20779,13.679258
20799,13.679258
20819,13.679258
20839,13.679258
20859,13.679258
20879,13.679258
20899,13.679258
20919,13.679258
20939,13.679258
20959,13.679258
20979,10.902673
20999,13.679258
21019,13.679258
21039,13.679258
21059,13.679258
21079,13.679258
21099,13.679258
21119,13.679258
21139,13.679258
21159,13.679258
21179,13.679258
21199,13.679258
21219,13.679258
21239,13.679258
21259,13.679258
21279,13.679258
21299,13.679258
21319,13.679258
21339,13.679258
21359,13.679258
21379,13.679258
21399,13.679258
21419,13.679258
21439,13.679258
21459,13.679258
21479,13.679258
21499,13.679258
21519,13.679258
21539,13.679258
21559,13.679258
21579,13.679258
21599,13.679258
21619,13.679258
21639,13.679258
21659,13.679258
21679,13.679258
21699,13.679258
21719,13.679258
21739,13.679258
21759,13.679258
21779,13.679258
21799,13.679258
21819,13.679258
21839,13.679258
21859,13.679258
21879,13.679258
21899,13.679258
21919,13.679258
21939,13.679258
21959,13.679258
21979,13.679258
21999,13.679258
22019,13.679258
22039,13.679258
22059,13.679258
22079,13.679258
22099,13.679258
22119,13.679258
22139,13.679258
22159,13.679258
22179,13.679258
22199,13.679258
22219,13.679258
22239,13.679258
22259,13.679258
22279,13.679258
22299,13.679258
22319,13.679258
22339,13.679258
22359,13.679258
22379,13.679258
22399,13.679258
22419,13.679258
22439,13.679258
22459,13.679258
22479,13.679258
22499,13.679258
22519,13.679258
22539,13.679258
22559,13.679258
22579,13.679258
22599,13.679258
22619,13.679258
22639,13.679258
22659,13.679258
22679,13.679258
22699,13.679258
22719,13.679258
22739,13.679258
22759,13.679258
22779,13.679258
22799,13.679258
22819,13.679258
22839,13.679258
22859,13.679258
22879,13.679258
22899,13.679258
22919,13.679258
22939,13.679258
22959,13.679258
22979,13.679258
22999,13.679258
23019,13.679258
23039,13.679258
23059,13.679258
23079,13.679258
23099,13.679258
23119,13.679258
23139,13.679258
23159,13.679258
23179,13.679258
23199,13.679258
23219,13.679258
23239,13.679258
23259,13.679258
23279,13.679258
23299,13.679258
23319,13.679258
23339,13.679258
23359,13.679258
23379,13.679258
23399,13.679258
23419,13.679258
23439,13.679258
23459,13.679258
23479,13.679258
23499,13.679258
23519,13.679258
23539,13.679258
23559,13.679258
23579,13.679258
23599,13.679258
23619,13.679258
23639,13.679258
23659,13.679258
23679,13.679258
23699,13.679258
23719,13.679258
23739,13.679258
23759,13.679258
23779,13.679258
23799,13.679258
23819,13.679258
23839,13.679258
23859,13.679258
23879,13.679258
23899,13.679258
23919,13.679258
23939,13.679258
23959,13.679258
23979,13.679258
23999,13.679258
24019,13.679258
24039,13.679258
24059,13.679258
24079,13.679258
24099,13.679258
24119,13.679258
24139,13.679258
24159,13.679258
24179,13.679258
24199,13.679258
24219,13.679258
24239,13.679258
24259,13.679258
24279,13.679258
24299,13.679258
24319,13.679258
24339,13.679258
24359,13.679258
24379,13.679258
24399,13.679258
24419,13.679258
24439,13.679258
24459,13.679258
24479,13.679258
24499,13.679258
24519,13.679258
24539,13.679258
24559,13.679258
24579,13.679258
24599,13.679258
24619,13.679258
24639,13.679258
24659,13.679258
24679,13.679258
24699,13.679258
24719,13.679258
24739,13.679258
24759,13.679258
24779,13.679258
24799,13.679258
24819,13.679258
24839,13.679258
24859,13.679258
24879,13.679258
24899,13.679258
24919,13.679258
24939,13.679258
24959,13.679258
24979,13.679258
24999,13.679258
25019,13.679258
25039,13.679258
25059,13.679258
25079,13.679258
25099,13.679258
25119,13.679258
25139,13.679258
25159,13.679258
25179,13.679258
25199,13.679258
25219,13.679258
25239,13.679258
25259,13.679258
25279,13.679258
25299,13.679258
25319,13.679258
25339,13.679258
25359,13.679258
25379,13.679258
25399,13.679258
25419,13.679258
25439,13.679258
25459,13.679258
25479,13.679258
25499,13.679258
25519,13.679258
25539,13.679258
25559,13.679258
25579,13.679258
25599,13.679258
25619,13.679258
25639,13.679258
25659,13.679258
25679,13.679258
25699,13.679258
25719,13.679258
25739,13.679258
25759,13.679258
25779,13.679258
25799,13.679258
25819,13.679258
25839,13.679258
25859,13.679258
25879,13.679258
25899,13.679258
25919,13.679258
25939,13.679258
25959,13.679258
25979,13.679258
25999,13.679258
26019,3.131331
26039,13.679258
26059,13.679258
26079,13.679258
26099,13.679258
26119,13.679258
26139,13.679258
26159,13.679258
26179,13.679258
26199,13.679258
26219,13.679258
26239,13.679258
26259,13.679258
26279,13.679258
26299,13.679258
26319,13.679258
26339,13.679258
26359,13.679258
26379,13.679258
26399,13.679258
26419,13.679258
26439,13.679258
26459,13.679258
26479,13.679258
26499,13.679258
26519,13.679258
26539,13.679258
26559,13.679258
26579,13.679258
26599,13.679258
26619,13.679258
26639,13.679258
26659,13.679258
26679,13.679258
26699,13.679258
26719,13.679258
26739,13.679258
26759,13.679258
26779,13.679258
26799,13.679258
26819,13.679258
26839,13.679258
26859,13.679258
26879,13.679258
26899,13.679258
26919,13.679258
26939,13.679258
26959,13.679258
26979,13.679258
26999,13.679258
27019,13.679258
27039,13.679258
27059,13.679258
27079,13.679258
27099,13.679258
27119,13.679258
27139,13.679258
27159,13.679258
27179,13.679258
27199,13.679258
27219,13.679258
27239,13.679258
27259,13.679258
27279,13.679258
27299,13.679258
27319,13.679258
27339,13.679258
27359,13.679258
27379,13.679258
27399,13.679258
27419,13.679258
27439,13.679258
27459,13.679258
27479,13.679258
27499,13.679258
27519,13.679258
27539,13.679258
27559,13.679258
27579,13.679258
27599,13.679258
27619,13.679258
27639,13.679258
27659,13.679258
27679,13.679258
27699,13.679258
27719,13.679258
27739,13.679258
27759,13.679258
27779,13.679258
27799,13.679258
27819,13.679258
27839,13.679258
27859,13.679258
27879,13.679258
27899,13.679258
27919,13.679258
27939,13.679258
27959,13.679258
27979,13.679258
27999,13.679258
28019,13.679258
28039,12.684364
28059,12.684364
28079,13.679258
28099,13.679258
28119,13.679258
28139,13.679258
28159,13.679258
28179,13.679258
28199,13.679258
28219,13.679258
28239,13.679258
28259,13.679258
28279,13.679258
28299,13.679258
28319,13.679258
28339,13.679258
28359,13.679258
28379,13.679258
28399,13.679258
28419,13.679258
28439,13.679258
28459,13.679258
28479,13.679258
28499,13.679258
28519,13.679258
28539,13.679258
28559,13.679258
28579,13.679258
28599,13.679258
28619,13.679258
28639,13.679258
28659,13.679258
28679,13.679258
28699,13.679258
28719,13.679258
28739,13.679258
28759,13.679258
28779,13.679258
28799,13.679258
28819,13.679258
28839,13.679258
28859,13.679258
28879,13.679258
28899,13.679258
28919,13.679258
28939,10.556843
28959,13.679258
28979,12.837193
28999,13.679258
29019,13.679258
29039,13.679258
29059,13.679258
29079,13.679258
29099,13.679258
29119,13.679258
29139,13.679258
29159,13.679258
29179,12.684364
29199,13.679258
29219,13.679258
29239,13.679258
29259,13.679258
29279,13.679258
29299,13.679258
29319,13.679258
29339,13.679258
29359,13.679258
29379,13.679258
29399,13.679258
29419,13.679258
29439,13.679258
29459,13.679258
29479,13.679258
29499,13.679258
29519,13.679258
29539,13.679258
29559,13.679258
29579,13.679258
29599,13.679258
29619,13.679258
29639,13.679258
29659,13.679258
29679,13.679258
29699,13.679258
29719,13.679258
29739,13.679258
29759,13.679258
29779,13.679258
29799,13.679258
29819,13.679258
29839,13.679258
29859,13.679258
29879,13.679258
29899,13.679258
29919,11.943357
29939,13.679258
29959,13.679258
29979,13.679258
29999,13.679258
30019,13.679258
30039,13.679258
30059,13.679258
30079,13.679258
30099,13.679258
30119,13.679258
30139,13.679258
30159,13.679258
30179,13.679258
30199,13.679258
30219,13.679258
30239,13.679258
30259,13.679258
30279,13.679258
30299,13.679258
30319,13.679258
30339,13.679258
30359,13.679258
30379,13.679258
30399,13.679258
30419,12.684364
30439,13.679258
30459,13.679258
30479,13.679258
30499,13.679258
30519,13.679258
30539,13.679258
30559,13.679258
30579,13.679258
30599,13.679258
30619,13.679258
30639,13.679258
30659,13.679258
30679,13.679258
30699,13.679258
30719,13.679258
30739,13.679258
30759,13.679258
30779,13.679258
30799,13.679258
30819,13.679258
30839,13.679258
30859,13.679258
30879,13.679258
30899,13.679258
30919,13.679258
30939,13.679258
30959,13.679258
30979,13.679258
30999,13.679258
31019,13.679258
31039,13.679258
31059,13.679258
31079,13.679258
31099,13.679258
31119,13.679258
31139,13.679258
31159,13.679258
31179,13.679258
31199,13.679258
31219,13.679258
31239,13.679258
31259,13.679258
31279,13.679258
31299,13.679258
31319,13.679258
31339,13.679258
31359,13.679258
31379,13.679258
31399,13.679258
31419,13.679258
31439,13.679258
31459,13.679258
31479,13.679258
31499,13.679258
31519,13.679258
31539,13.679258
31559,13.679258
31579,13.679258
31599,13.679258
31619,13.679258
31639,13.679258
31659,13.679258
31679,13.679258
31699,13.679258
31719,13.679258
31739,13.679258
31759,13.679258
31779,13.679258
31799,13.679258
31819,13.679258
31839,13.679258
31859,13.679258
31879,13.679258
31899,13.679258
31919,13.679258
31939,13.679258
31959,13.679258
31979,13.679258
31999,13.679258
32019,13.679258
32039,13.679258
32059,13.679258
32079,13.679258
32099,13.679258
32119,13.679258
32139,13.679258
32159,13.679258
32179,13.679258
32199,13.679258
32219,13.679258
32239,13.679258
32259,13.679258
32279,13.679258
32299,13.679258
32319,13.679258
32339,13.679258
32359,13.679258
32379,13.679258
32399,13.679258
32419,13.679258
32439,13.679258
32459,13.679258
32479,13.679258
32499,13.679258
32519,13.679258
32539,13.679258
32559,13.679258
32579,13.679258
32599,13.679258
32619,13.679258
32639,13.679258
32659,13.679258
32679,13.679258
32699,13.679258
32719,13.679258
32739,13.679258
32759,13.679258
32779,13.679258
32799,13.679258
32819,13.679258
32839,13.679258
32859,13.679258
32879,13.679258
32899,13.679258
32919,13.679258
32939,13.679258
32959,13.679258
32979,13.679258
32999,13.679258
33019,13.679258
33039,13.679258
33059,13.679258
33079,13.679258
33099,13.679258
33119,13.679258
33139,13.679258
33159,13.679258
33179,13.679258
33199,13.679258
33219,13.679258
33239,13.679258
33259,13.679258
33279,13.679258
33299,13.679258
33319,13.679258
33339,13.679258
33359,13.679258
33379,13.679258
33399,13.679258
33419,13.679258
33439,13.679258
33459,13.679258
33479,13.679258
33499,13.679258
33519,13.679258
33539,13.679258
33559,13.679258
33579,13.679258
33599,13.679258
33619,13.679258
33639,13.679258
33659,13.679258
33679,13.679258
33699,13.679258
33719,13.679258
33739,13.679258
33759,13.679258
33779,13.679258
33799,13.679258
33819,13.679258
33839,13.679258
33859,13.679258
33879,-10.187620
33899,13.679258
33919,13.679258
33939,13.679258
33959,13.679258
33979,13.679258
33999,13.679258
34019,13.679258
34039,13.679258
34059,13.679258
34079,13.679258
34099,13.679258
34119,13.679258
34139,13.679258
34159,13.679258
34179,13.679258
34199,13.679258
34219,13.679258
34239,13.679258
34259,13.679258
34279,13.679258
34299,13.679258
34319,13.679258
34339,13.679258
34359,13.679258
34379,13.679258
34399,13.679258
34419,13.679258
34439,13.679258
34459,13.679258
34479,13.679258
34499,13.679258
34519,13.679258
34539,13.679258
34559,13.679258
34579,13.679258
34599,13.679258
34619,13.679258
34639,13.679258
34659,13.679258
34679,13.679258
34699,13.679258
34719,13.679258
34739,13.679258
34759,13.679258
34779,13.679258
34799,13.679258
34819,13.679258
34839,13.679258
34859,13.679258
34879,13.679258
34899,13.679258
34919,13.679258
34939,13.679258
34959,13.679258
34979,13.679258
34999,13.679258
35019,13.679258
35039,13.679258
35059,13.679258
35079,13.679258
35099,13.679258
35119,13.679258
35139,13.679258
35159,13.679258
35179,13.679258
35199,13.679258
35219,13.679258
35239,13.679258
35259,13.679258
35279,13.679258
35299,13.679258
35319,13.679258
35339,13.679258
35359,13.679258
35379,13.679258
35399,13.679258
35419,13.679258
35439,13.679258
35459,13.679258
35479,13.679258
35499,13.679258
35519,13.679258
35539,13.679258
35559,13.679258
35579,13.679258
35599,13.679258
35619,13.679258
35639,13.679258
35659,13.679258
35679,13.679258
35699,13.679258
35719,13.679258
35739,13.679258
35759,13.679258
35779,13.679258
35799,13.620907
35819,13.679258
35839,13.679258
35859,13.679258
35879,13.679258
35899,13.679258
35919,13.679258
35939,13.679258
35959,13.679258
35979,13.679258
35999,13.679258
36019,13.679258
36039,13.679258
36059,13.679258
36079,13.679258
36099,13.679258
36119,13.679258
36139,13.679258
36159,13.679258
36179,13.679258
36199,13.679258
36219,13.679258
36239,13.679258
36259,13.679258
36279,13.679258
36299,13.679258
36319,13.679258
36339,13.679258
36359,13.679258
36379,13.679258
36399,13.679258
36419,13.679258
36439,13.679258
36459,13.679258
36479,13.679258
36499,13.679258
36519,13.679258
36539,13.679258
36559,13.679258
36579,13.679258
36599,13.679258
36619,13.679258
36639,13.679258
36659,13.679258
36679,13.679258
36699,13.679258
36719,13.679258
36739,13.679258
36759,13.679258
36779,13.679258
36799,13.679258
36819,13.679258
36839,13.679258
36859,13.679258
36879,13.679258
36899,13.679258
36919,13.679258
36939,13.679258
36959,13.679258
36979,13.679258
36999,13.679258
37019,13.679258
37039,13.679258
37059,13.679258
37079,13.679258
37099,13.679258
37119,13.679258
37139,13.679258
37159,13.679258
37179,13.679258
37199,13.679258
37219,13.679258
37239,13.679258
37259,13.679258
37279,13.679258
37299,13.679258
37319,13.679258
37339,13.679258
37359,13.679258
37379,13.679258
37399,13.679258
37419,13.679258
37439,13.679258
37459,13.679258
37479,13.679258
37499,13.679258
37519,13.679258
37539,13.679258
37559,13.679258
37579,13.679258
37599,13.679258
37619,13.679258
37639,13.679258
37659,13.679258
37679,13.679258
37699,13.679258
37719,12.684364
37739,13.679258
37759,13.679258
37779,13.679258
37799,13.679258
37819,13.679258
37839,13.679258
37859,13.679258
37879,13.679258
37899,13.679258
37919,13.679258
37939,13.679258
37959,13.679258
37979,13.679258
37999,13.679258
38019,13.679258
38039,13.679258
38059,13.679258
38079,13.679258
38099,13.679258
38119,13.679258
38139,13.679258
38159,13.679258
38179,13.679258
38199,13.679258
38219,13.679258
38239,13.679258
38259,13.679258
38279,13.679258
38299,13.679258
38319,13.679258
38339,13.679258
38359,13.679258
38379,13.679258
38399,13.679258
38419,13.679258
38439,13.679258
38459,13.679258
38479,13.679258
38499,13.679258
38519,13.679258
38539,13.679258
38559,13.679258
38579,13.679258
38599,13.679258
38619,13.679258
38639,13.679258
38659,13.679258
38679,13.679258
38699,13.679258
38719,13.679258
38739,13.679258
38759,13.679258
38779,13.679258
38799,13.679258
38819,13.679258
38839,13.679258
38859,13.679258
38879,13.679258
38899,13.679258
38919,0.449958
38939,13.679258
38959,13.679258
38979,13.679258
38999,13.679258
39019,13.679258
39039,13.679258
39059,12.292252
39079,13.679258
39099,13.679258
39119,13.679258
39139,13.679258
39159,13.679258
39179,13.679258
39199,13.679258
39219,13.679258
39239,13.679258
39259,13.679258
39279,13.679258
39299,13.679258
39319,12.599231
39339,13.679258
39359,13.679258
39379,13.679258
39399,13.679258
39419,13.679258
39439,13.679258
39459,13.679258
39479,13.679258
39499,13.679258
39519,13.679258
39539,13.679258
39559,13.679258
39579,13.679258
39599,13.679258
39619,13.679258
39639,13.679258
39659,13.679258
39679,13.679258
39699,13.679258
39719,13.679258
39739,13.679258
39759,13.679258
39779,13.679258
39799,13.679258
39819,13.679258
39839,13.679258
39859,13.679258
39879,13.679258
39899,13.679258
39919,13.679258
39939,13.679258
39959,13.679258
39979,13.679258
39999,13.679258
40019,13.679258
40039,13.679258
40059,13.679258
40079,13.679258
40099,13.679258
40119,13.679258
40139,13.679258
40159,13.679258
40179,13.679258
40199,13.679258
40219,13.679258
40239,13.679258
40259,13.679258
40279,13.679258
40299,13.679258
40319,13.679258
40339,13.679258
40359,13.679258
40379,13.679258
40399,13.679258
40419,13.679258
40439,13.679258
40459,13.679258
40479,13.679258
40499,13.679258
40519,13.679258
40539,13.679258
40559,13.679258
40579,13.679258
40599,13.679258
40619,13.679258
40639,13.679258
40659,13.679258
40679,13.679258
40699,13.679258
40719,13.679258
40739,13.679258
40759,13.679258
40779,13.679258
40799,13.679258
40819,13.679258
40839,13.679258
40859,13.679258
40879,13.679258
40899,13.679258
40919,13.679258
40939,13.679258
40959,13.679258
40979,13.679258
40999,13.679258
41019,13.679258
41039,13.679258
41059,13.679258
41079,13.679258
41099,13.679258
41119,13.679258
41139,13.679258
41159,13.679258
41179,13.679258
41199,13.679258
41219,13.679258
41239,13.679258
41259,13.679258
41279,13.679258
41299,13.679258
41319,13.679258
41339,13.679258
41359,13.679258
41379,13.679258
41399,13.679258
41419,13.679258
41439,13.679258
41459,13.679258
41479,13.679258
41499,13.679258
41519,13.679258
41539,13.679258
41559,13.679258
41579,13.679258
41599,13.679258
41619,13.679258
41639,13.679258
41659,13.679258
41679,13.679258
41699,13.679258
41719,13.679258
41739,13.679258
41759,13.679258
41779,13.679258
41799,13.679258
41819,13.679258
41839,13.679258
41859,13.679258
41879,13.679258
41899,13.679258
41919,13.679258
41939,13.679258
41959,13.679258
41979,13.679258
41999,13.679258
42019,13.679258
42039,13.679258
42059,13.679258
42079,13.679258
42099,13.679258
42119,13.679258
42139,13.679258
42159,13.679258
42179,13.679258
42199,13.679258
42219,13.679258
42239,13.679258
42259,13.679258
42279,13.679258
42299,13.679258
42319,13.679258
42339,13.679258
42359,13.679258
42379,13.679258
42399,13.679258
42419,13.679258
42439,13.679258
42459,13.679258
42479,13.679258
42499,13.679258
42519,13.679258
42539,13.679258
42559,13.679258
42579,13.679258
42599,13.679258
42619,13.679258
42639,13.679258
42659,13.679258
42679,13.679258
42699,13.679258
42719,13.679258
42739,13.679258
42759,13.679258
42779,13.679258
42799,13.679258
42819,13.679258
42839,13.679258
42859,13.679258
42879,13.679258
42899,13.679258
42919,13.679258
42939,13.679258
42959,13.679258
42979,13.679258
42999,13.679258
43019,13.679258
43039,13.679258
43059,13.679258
43079,13.679258
43099,13.679258
43119,13.679258
43139,13.679258
43159,13.679258
43179,13.679258
43199,13.679258
43219,13.679258
43239,13.679258
43259,13.679258
43279,13.679258
43299,13.679258
43319,13.679258
43339,13.679258
43359,13.679258
43379,13.679258
43399,13.679258
43419,13.679258
43439,13.679258
43459,13.679258
43479,13.679258
43499,13.679258
43519,13.679258
43539,13.679258
43559,13.679258
43579,13.679258
43599,13.679258
43619,13.679258
43639,13.679258
43659,13.679258
43679,13.679258
43699,13.679258
43719,13.679258
43739,13.679258
43759,13.679258
43779,13.679258
43799,13.679258
43819,13.679258
43839,13.679258
43859,13.679258
43879,13.679258
43899,13.679258
43919,13.679258
43939,13.679258
43959,13.679258
43979,13.679258
43999,13.679258
44019,13.679258
44039,13.679258
44059,13.679258
44079,13.679258
44099,13.679258
44119,13.679258
44139,13.679258
44159,13.679258
44179,13.679258
44199,13.679258
44219,13.679258
44239,13.679258
44259,13.679258
44279,13.679258
44299,13.679258
44319,13.679258
44339,13.679258
44359,13.679258
44379,13.679258
44399,13.679258
44419,13.679258
44439,13.679258
44459,13.679258
44479,13.679258
44499,13.679258
44519,13.679258
44539,13.679258
44559,13.679258
44579,13.679258
44599,13.679258
44619,13.679258
44639,13.679258
44659,13.679258
44679,13.679258
44699,13.679258
44719,13.679258
44739,13.679258
44759,13.679258
44779,13.679258
44799,13.679258
44819,13.679258
44839,13.679258
44859,13.679258
44879,13.679258
44899,13.679258
44919,13.679258
44939,13.679258
44959,13.679258
44979,13.679258
44999,13.679258
45019,13.679258
45039,13.679258
45059,13.679258
45079,13.679258
45099,13.679258
45119,13.679258
45139,13.679258
45159,13.679258
45179,13.679258
45199,13.679258
45219,13.679258
45239,13.679258
45259,13.679258
45279,13.679258
45299,13.679258
45319,13.679258
45339,13.679258
45359,13.679258
45379,13.679258
45399,13.679258
45419,13.679258
45439,13.679258
45459,13.679258
45479,13.679258
45499,13.679258
45519,13.679258
45539,13.679258
45559,13.679258
45579,13.679258
45599,13.679258
45619,13.679258
45639,13.679258
45659,13.679258
45679,13.679258
45699,13.679258
45719,13.679258
45739,13.679258
45759,13.679258
45779,13.679258
45799,13.679258
45819,13.679258
45839,13.679258
45859,13.679258
45879,13.679258
45899,13.679258
45919,13.679258
45939,13.679258
45959,13.679258
45979,13.679258
45999,13.679258
46019,12.712862
46039,13.679258
46059,13.679258
46079,13.679258
46099,13.679258
46119,13.679258
46139,13.679258
46159,13.679258
46179,13.679258
46199,12.960745
46219,12.960745
46239,12.960745
46259,12.960745
46279,12.960745
46299,12.960745
46319,12.960745
46339,12.960745
46359,12.960745
46379,12.960745
46399,12.960745
46419,12.960745
46439,12.960745
46459,12.960745
46479,12.960745
46499,12.960745
46519,12.960745
46539,12.960745
46559,12.960745
46579,12.960745
46599,12.960745
46619,12.960745
46639,12.960745
46659,12.960745
46679,12.960745
46699,12.960745
46719,12.960745
46739,12.960745
46759,12.960745
46779,12.960745
46799,12.960745
46819,12.960745
46839,12.960745
46859,12.960745
46879,12.960745
46899,12.960745
46919,12.960745
46939,12.960745
46959,12.960745
46979,12.960745
46999,12.960745
47019,12.960745
47039,12.960745
47059,12.960745
47079,12.960745
47099,12.960745
47119,12.960745
47139,12.960745
47159,12.960745
47179,12.960745
47199,12.960745
47219,12.960745
47239,12.960745
47259,12.960745
47279,12.960745
47299,12.960745
47319,12.960745
47339,12.960745
47359,12.960745
47379,12.960745
47399,12.960745
47419,12.960745
47439,12.960745
47459,12.960745
47479,12.960745
47499,12.960745
47519,11.899314
47539,12.960745
47559,12.960745
47579,12.960745
47599,12.960745
47619,12.960745
47639,12.960745
47659,12.960745
47679,12.960745
47699,12.960745
47719,12.960745
47739,12.960745
47759,12.960745
47779,12.960745
47799,12.960745
47819,12.960745
47839,12.960745
47859,12.960745
47879,12.960745
47899,12.960745
47919,12.960745
47939,12.960745
47959,12.960745
47979,12.960745
47999,12.960745
48019,12.960745
48039,12.960745
48059,12.960745
48079,12.960745
48099,12.960745
48119,12.960745
48139,12.960745
48159,12.960745
48179,12.960745
48199,12.960745
48219,12.960745
48239,12.960745
48259,12.960745
48279,12.960745
48299,12.960745
48319,12.960745
48339,12.960745
48359,12.960745
48379,12.960745
48399,12.960745
48419,12.960745
48439,12.960745
48459,12.960745
48479,12.960745
48499,12.960745
48519,12.960745
48539,12.960745
48559,12.960745
48579,12.960745
48599,12.960745
48619,12.960745
48639,12.960745
48659,12.960745
48679,12.960745
48699,12.960745
48719,12.960745
48739,12.960745
48759,12.960745
48779,12.960745
48799,12.960745
48819,12.960745
48839,12.960745
48859,12.960745
48879,12.960745
48899,12.960745
48919,12.960745
48939,12.960745
48959,12.960745
48979,12.960745
48999,12.960745
49019,12.960745
49039,12.960745
49059,12.960745
49079,12.960745
49099,12.960745
49119,12.960745
49139,12.960745
49159,12.960745
49179,12.960745
49199,12.960745
49219,12.960745
49239,12.960745
49259,12.960745
49279,12.960745
49299,12.960745
49319,12.960745
49339,12.960745
49359,12.960745
49379,12.960745
49399,12.960745
49419,12.960745
49439,12.960745
49459,12.960745
49479,12.960745
49499,12.960745
49519,12.960745
49539,12.960745
49559,12.960745
49579,12.960745
49599,12.960745
49619,12.960745
49639,12.960745
49659,12.960745
49679,12.960745
49699,12.960745
49719,12.960745
49739,12.960745
49759,12.960745
49779,12.960745
49799,12.960745
49819,12.960745
49839,12.960745
49859,12.960745
49879,12.960745
49899,12.960745
49919,12.960745
49939,12.960745
49959,12.960745
49979,12.960745
49999,12.960745
50019,12.960745
50039,12.960745
50059,12.960745
50079,12.960745
50099,12.960745
50119,12.960745
50139,12.960745
50159,12.960745
50179,12.960745
50199,12.960745
50219,12.960745
50239,12.960745
50259,12.960745
50279,12.960745
50299,12.960745
50319,12.960745
50339,12.960745
50359,12.960745
50379,12.960745
50399,12.960745
50419,12.960745
50439,12.960745
50459,12.960745
50479,12.960745
50499,12.960745
50519,12.960745
50539,12.960745
50559,12.960745
50579,12.960745
50599,12.960745
50619,12.960745
50639,12.960745
50659,12.960745
50679,12.960745
50699,12.960745
50719,12.960745
50739,12.960745
50759,12.960745
50779,12.960745
50799,12.960745
50819,12.960745
50839,12.960745
50859,12.960745
50879,12.960745
50899,12.960745
50919,12.960745
50939,12.960745
50959,12.960745
50979,12.960745
50999,12.960745
51019,12.960745
51039,12.960745
51059,12.960745
51079,12.960745
51099,12.960745
51119,12.960745
51139,12.960745
51159,12.960745
51179,12.960745
51199,12.960745
51219,12.960745
51239,12.960745
51259,12.960745
51279,12.960745
51299,12.960745
51319,12.960745
51339,12.960745
51359,12.960745
51379,12.960745
51399,12.960745
51419,12.960745
51439,12.960745
51459,12.960745
51479,12.960745
51499,12.960745
51519,12.960745
51539,12.960745
51559,12.960745
51579,12.960745
51599,12.960745
51619,12.960745
51639,12.960745
51659,12.960745
51679,12.960745
51699,12.960745
51719,12.960745
51739,12.960745
51759,12.960745
51779,12.960745
51799,12.960745
51819,12.960745
51839,12.960745
51859,12.960745
51879,12.960745
51899,12.960745
51919,12.960745
51939,12.960745
51959,12.960745
51979,12.960745
51999,12.960745
52019,12.960745
52039,12.960745
52059,12.960745
52079,12.960745
52099,12.960745
52119,12.960745
52139,12.960745
52159,12.960745
52179,12.960745
52199,12.960745
52219,12.960745
52239,12.960745
52259,12.960745
52279,12.960745
52299,12.960745
52319,12.960745
52339,12.960745
52359,12.960745
52379,12.960745
52399,12.960745
52419,12.960745
52439,12.960745
52459,12.960745
52479,12.960745
52499,12.960745
52519,12.960745
52539,12.960745
52559,12.960745
52579,12.960745
52599,12.960745
52619,12.960745
52639,12.960745
52659,12.960745
52679,12.960745
52699,12.960745
52719,12.960745
52739,12.960745
52759,12.960745
52779,12.960745
52799,12.960745
52819,12.960745
52839,12.960745
52859,12.960745
52879,12.960745
52899,12.960745
52919,12.960745
52939,12.960745
52959,12.960745
52979,12.960745
52999,12.960745
53019,12.960745
53039,12.960745
53059,12.960745
53079,12.960745
53099,12.960745
53119,12.960745
53139,12.960745
53159,12.960745
53179,12.960745
53199,12.960745
53219,12.960745
53239,12.960745
53259,12.960745
53279,12.960745
53299,12.960745
53319,12.960745
53339,12.960745
53359,12.960745
53379,12.960745
53399,12.960745
53419,12.960745
53439,12.960745
53459,12.960745
53479,12.960745
53499,12.960745
53519,12.960745
53539,12.960745
53559,12.960745
53579,12.960745
53599,12.960745
53619,12.960745
53639,12.960745
53659,12.960745
53679,12.960745
53699,12.960745
53719,12.960745
53739,12.960745
53759,12.960745
53779,12.960745
53799,12.960745
53819,12.960745
53839,12.960745
53859,12.960745
53879,12.960745
53899,12.960745
53919,12.960745
53939,12.960745
53959,12.960745
53979,12.960745
53999,12.960745
54019,12.960745
54039,12.960745
54059,12.960745
54079,12.960745
54099,12.960745
54119,12.960745
54139,12.960745
54159,12.960745
54179,12.960745
54199,12.960745
54219,12.960745
54239,12.960745
54259,12.960745
54279,12.960745
54299,12.960745
54319,12.960745
54339,12.960745
54359,12.960745
54379,12.960745
54399,12.960745
54419,12.960745
54439,12.960745
54459,12.960745
54479,12.960745
54499,12.960745
54519,12.960745
54539,12.960745
54559,12.960745
54579,12.960745
54599,12.960745
54619,12.960745
54639,12.960745
54659,12.960745
54679,12.960745
54699,12.960745
54719,12.960745
54739,12.960745
54759,12.960745
54779,12.960745
54799,12.960745
54819,12.960745
54839,12.960745
54859,12.960745
54879,12.960745
54899,12.960745
54919,12.960745
54939,12.960745
54959,12.960745
54979,12.960745
54999,12.960745
55019,12.960745
55039,12.960745
55059,12.960745
55079,12.960745
55099,12.960745
55119,12.960745
55139,12.960745
55159,12.960745
55179,12.960745
55199,12.960745
55219,12.960745
55239,12.960745
55259,12.960745
55279,12.960745
55299,12.960745
55319,12.960745
55339,12.960745
55359,12.960745
55379,12.960745
55399,12.960745
55419,12.960745
55439,12.960745
55459,12.960745
55479,12.960745
55499,12.960745
55519,12.960745
55539,12.960745
55559,12.960745
55579,12.960745
55599,12.960745
55619,12.960745
55639,12.960745
55659,12.960745
55679,12.960745
55699,12.960745
55719,12.960745
55739,12.960745
55759,12.960745
55779,12.960745
55799,12.960745
55819,12.960745
55839,12.960745
55859,12.960745
55879,12.960745
55899,12.960745
55919,12.960745
55939,12.960745
55959,12.960745
55979,12.960745
55999,12.960745
56019,12.960745
56039,12.960745
56059,12.960745
56079,12.960745
56099,12.960745
56119,12.960745
56139,12.960745
56159,12.960745
56179,12.960745
56199,12.960745
56219,12.960745
56239,12.960745
56259,12.960745
56279,12.960745
56299,12.960745
56319,12.960745
56339,12.960745
56359,12.960745
56379,12.960745
56399,12.960745
56419,12.960745
56439,12.960745
56459,12.960745
56479,12.960745
56499,12.960745
56519,12.960745
56539,12.960745
56559,12.960745
56579,12.960745
56599,12.960745
56619,12.960745
56639,12.960745
56659,12.960745
56679,12.960745
56699,12.264196
56719,12.960745
56739,12.960745
56759,12.960745
56779,12.960745
56799,12.960745
56819,12.960745
56839,12.960745
56859,12.960745
56879,12.960745
56899,12.960745
56919,12.610551
56939,12.960745
56959,12.960745
56979,12.960745
56999,12.960745
57019,12.960745
57039,12.960745
57059,12.960745
57079,12.960745
57099,12.960745
57119,12.960745
57139,12.960745
57159,12.960745
57179,12.960745
57199,12.960745
57219,12.960745
57239,12.960745
57259,12.960745
57279,12.960745
57299,12.960745
57319,12.960745
57339,12.960745
57359,12.960745
57379,12.960745
57399,12.960745
57419,12.960745
57439,12.960745
57459,12.960745
57479,12.960745
57499,12.960745
57519,12.960745
57539,12.960745
57559,12.960745
57579,12.960745
57599,12.960745
57619,12.960745
57639,12.960745
57659,12.960745
57679,12.960745
57699,12.960745
57719,12.960745
57739,12.960745
57759,12.960745
57779,12.960745
57799,12.960745
57819,12.960745
57839,12.960745
57859,12.960745
57879,12.960745
57899,12.960745
57919,12.960745
57939,12.960745
57959,12.960745
57979,12.960745
57999,12.960745
58019,12.960745
58039,12.960745
58059,12.960745
58079,12.960745
58099,12.960745
58119,12.960745
58139,12.960745
58159,12.960745
58179,12.960745
58199,12.960745
58219,12.960745
58239,12.960745
58259,12.960745
58279,12.960745
58299,12.960745
58319,12.960745
58339,12.960745
58359,12.960745
58379,12.960745
58399,12.960745
58419,12.960745
58439,12.960745
58459,12.960745
58479,12.960745
58499,12.960745
58519,12.960745
58539,12.960745
58559,12.960745
58579,12.960745
58599,12.960745
58619,12.960745
58639,12.960745
58659,12.960745
58679,12.960745
58699,12.960745
58719,12.960745
58739,12.960745
58759,12.960745
58779,12.960745
58799,12.960745
58819,12.960745
58839,12.960745
58859,12.960745
58879,12.960745
58899,12.960745
58919,12.960745
58939,-6.200514
58959,12.960745
58979,12.960745
58999,12.960745
59019,12.960745
59039,12.960745
59059,12.960745
59079,12.960745
59099,12.960745
59119,12.960745
59139,12.960745
59159,12.960745
59179,12.960745
59199,12.960745
59219,12.960745
59239,12.960745
59259,12.960745
59279,12.960745
59299,12.960745
59319,12.960745
59339,12.960745
59359,12.960745
59379,12.960745
59399,12.960745
59419,12.960745
59439,12.960745
59459,12.960745
59479,12.960745
59499,12.960745
59519,12.960745
59539,12.960745
59559,12.960745
59579,12.960745
59599,12.960745
59619,12.960745
59639,12.960745
59659,12.960745
59679,12.960745
59699,12.960745
59719,12.960745
59739,12.960745
59759,12.960745
59779,12.960745
59799,12.960745
59819,12.960745
59839,12.960745
59859,12.960745
59879,12.960745
59899,12.960745
59919,12.960745
59939,12.960745
59959,12.960745
59979,12.960745
59999,12.960745
60019,12.960745
60039,12.960745
60059,12.960745
60079,12.960745
60099,12.960745
60119,12.960745
60139,12.960745
60159,12.960745
60179,12.960745
60199,12.960745
60219,12.960745
60239,12.960745
60259,12.960745
60279,12.960745
60299,12.960745
60319,12.960745
60339,12.960745
60359,12.960745
60379,12.960745
60399,12.960745
60419,12.960745
60439,12.960745
60459,12.960745
60479,12.960745
60499,12.960745
60519,12.960745
60539,12.960745
60559,12.960745
60579,12.960745
60599,12.960745
60619,12.960745
60639,12.960745
60659,12.960745
60679,12.960745
60699,12.960745
60719,12.960745
60739,12.960745
60759,12.960745
60779,12.960745
60799,12.960745
60819,12.960745
60839,12.960745
60859,12.960745
60879,12.960745
60899,12.960745
60919,12.960745
60939,12.960745
60959,12.960745
60979,12.960745
60999,12.960745
61019,12.960745
61039,12.960745
61059,12.960745
61079,12.960745
61099,12.960745
61119,12.960745
61139,12.960745
61159,12.960745
61179,12.960745
61199,12.960745
61219,12.960745
61239,12.960745
61259,12.960745
61279,12.960745
61299,12.960745
61319,12.960745
61339,12.960745
61359,12.960745
61379,12.960745
61399,12.960745
61419,12.960745
61439,12.960745
61459,12.960745
61479,12.960745
61499,12.960745
61519,12.960745
61539,12.960745
61559,12.960745
61579,12.960745
61599,12.960745
61619,12.960745
61639,12.960745
61659,12.960745
61679,12.960745
61699,12.960745
61719,12.960745
61739,12.960745
61759,12.960745
61779,12.960745
61799,12.960745
61819,12.960745
61839,12.960745
61859,12.960745
61879,12.960745
61899,12.960745
61919,12.960745
61939,12.960745
61959,12.960745
61979,12.960745
61999,12.960745
62019,12.960745
62039,12.960745
62059,12.960745
62079,12.960745
62099,12.960745
62119,12.960745
62139,12.960745
62159,12.960745
62179,12.960745
62199,12.960745
62219,12.960745
62239,12.960745
62259,12.960745
62279,12.960745
62299,12.960745
62319,12.960745
62339,12.960745
62359,12.960745
62379,12.960745
62399,12.960745
62419,12.960745
62439,12.960745
62459,12.960745
62479,12.960745
62499,12.960745
62519,12.960745
62539,12.960745
62559,12.960745
62579,12.960745
62599,12.960745
62619,12.960745
62639,12.960745
62659,3.520744
62679,12.960745
62699,12.960745
62719,12.960745
62739,12.960745
62759,12.960745
62779,12.960745
62799,12.960745
62819,12.960745
62839,12.960745
62859,12.960745
62879,12.960745
62899,12.960745
62919,12.960745
62939,12.960745
62959,12.960745
62979,12.960745
62999,12.960745
63019,12.960745
63039,12.960745
63059,12.960745
63079,12.960745
63099,12.960745
63119,12.960745
63139,12.960745
63159,12.960745
63179,12.960745
63199,12.960745
63219,12.960745
63239,12.960745
63259,12.960745
63279,12.960745
63299,12.960745
63319,12.960745
63339,12.960745
63359,12.960745
63379,12.960745
63399,12.960745
63419,12.960745
63439,12.960745
63459,12.960745
63479,12.960745
63499,12.960745
63519,12.960745
63539,12.960745
63559,12.960745
63579,12.960745
63599,12.960745
63619,12.960745
63639,12.960745
63659,12.960745
63679,12.960745
63699,12.960745
63719,12.960745
63739,12.960745
63759,12.960745
63779,12.960745
63799,12.960745
63819,12.960745
63839,12.960745
63859,12.960745
63879,12.960745
63899,12.960745
63919,12.960745
63939,12.960745
63959,12.960745
63979,12.960745
63999,12.960745
64019,12.960745
64039,12.960745
64059,12.960745
64079,12.960745
64099,12.960745
64119,12.960745
64139,12.960745
64159,12.960745
64179,12.960745
64199,12.960745
64219,12.960745
64239,12.960745
64259,12.960745
64279,12.960745
64299,12.960745
64319,12.960745
64339,12.960745
64359,12.960745
64379,12.960745
64399,12.960745
64419,12.960745
64439,12.960745
64459,12.960745
64479,12.960745
64499,12.960745
64519,12.960745
64539,12.960745
64559,12.960745
64579,12.960745
64599,12.960745
64619,12.960745
64639,12.960745
64659,12.960745
64679,12.960745
64699,12.960745
64719,12.960745
64739,12.960745
64759,12.960745
64779,12.960745
64799,12.960745
64819,12.960745
64839,12.960745
64859,12.960745
64879,12.960745
64899,12.960745
64919,12.960745
64939,12.960745
64959,12.960745
64979,12.960745
64999,12.960745
65019,12.960745
65039,12.960745
65059,12.960745
65079,12.960745
65099,12.960745
65119,12.960745
65139,12.960745
65159,12.960745
65179,12.960745
65199,12.960745
65219,12.960745
65239,12.960745
65259,12.960745
65279,12.960745
65299,12.960745
65319,12.960745
65339,12.960745
65359,12.960745
65379,12.960745
65399,12.960745
65419,12.960745
65439,12.960745
65459,12.960745
65479,12.960745
65499,12.960745
65519,12.960745
65539,12.960745
65559,12.960745
65579,12.960745
65599,12.960745
65619,12.960745
65639,12.960745
65659,12.960745
65679,12.960745
65699,12.960745
65719,12.960745
65739,12.960745
65759,12.960745
65779,12.960745
65799,12.960745
65819,12.960745
65839,12.960745
65859,12.960745
65879,12.960745
65899,12.960745
65919,12.960745
65939,12.960745
65959,12.960745
65979,12.960745
65999,12.960745
66019,12.960745
66039,12.960745
66059,12.960745
66079,12.960745
66099,12.960745
66119,12.960745
66139,12.960745
66159,12.960745
66179,12.960745
66199,12.960745
66219,12.960745
66239,12.960745
66259,12.960745
66279,12.960745
66299,12.960745
66319,12.960745
66339,12.960745
66359,12.960745
66379,12.960745
66399,12.960745
66419,12.960745
66439,11.615270
66459,12.960745
66479,12.960745
66499,12.960745
66519,12.960745
66539,12.960745
66559,12.960745
66579,12.960745
66599,12.960745
66619,12.960745
66639,12.960745
66659,12.960745
66679,12.960745
66699,12.960745
66719,12.960745
66739,12.960745
66759,12.960745
66779,12.960745
66799,12.960745
66819,12.960745
66839,12.960745
66859,12.960745
66879,12.960745
66899,12.960745
66919,12.960745
66939,12.960745
66959,12.960745
66979,12.960745
66999,12.960745
67019,12.960745
67039,12.960745
67059,12.960745
67079,12.960745
67099,12.960745
67119,12.960745
67139,12.960745
67159,12.960745
67179,12.960745
67199,12.960745
67219,12.960745
67239,12.960745
67259,12.960745
67279,12.960745
67299,12.960745
67319,12.960745
67339,12.960745
67359,12.960745
67379,12.960745
67399,12.960745
67419,12.960745
67439,12.960745
67459,12.960745
67479,12.960745
67499,12.960745
67519,12.960745
67539,12.960745
67559,12.960745
67579,12.960745
67599,12.960745
67619,12.960745
67639,12.960745
67659,12.960745
67679,12.960745
67699,12.960745
67719,12.960745
67739,8.611243
67759,12.960745
67779,12.960745
67799,12.960745
67819,12.960745
67839,12.960745
67859,12.960745
67879,12.960745
67899,12.960745
67919,12.960745
67939,12.960745
67959,12.960745
67979,12.960745
67999,12.960745
68019,12.960745
68039,12.960745
68059,12.960745
68079,12.960745
68099,12.960745
68119,12.960745
68139,12.960745
68159,12.960745
68179,12.960745
68199,12.264196
68219,12.960745
68239,12.960745
68259,-7.842519
68279,13.263025
68299,12.960745
68319,12.960745
68339,12.960745
68359,12.960745
68379,12.960745
68399,12.960745
68419,12.960745
68439,12.960745
68459,12.960745
68479,12.960745
68499,12.960745
68519,12.960745
68539,12.960745
68559,12.960745
68579,12.960745
68599,12.960745
68619,12.960745
68639,12.960745
68659,12.960745
68679,12.960745
68699,12.960745
68719,12.960745
68739,12.960745
68759,12.960745
68779,12.960745
68799,12.960745
68819,12.960745
68839,12.960745
68859,12.960745
68879,12.960745
68899,12.960745
68919,12.960745
68939,12.960745
68959,12.960745
68979,12.960745
68999,12.960745
69019,12.960745
69039,12.960745
69059,12.960745
69079,12.960745
69099,12.960745
69119,12.960745
69139,12.960745
69159,12.960745
69179,12.960745
69199,12.960745
69219,12.960745
69239,12.960745
69259,12.960745
69279,12.960745
69299,12.960745
69319,12.960745
69339,12.960745
69359,12.960745
69379,12.960745
69399,12.960745
69419,12.264196
69439,12.264196
69459,12.264196
69479,12.960745
69499,12.960745
69519,12.960745
69539,12.960745
69559,12.960745
69579,12.960745
69599,12.960745
69619,12.960745
69639,12.960745
69659,12.960745
69679,12.264196
69699,12.264196
69719,12.960745
69739,12.960745
69759,12.960745
69779,12.960745
69799,12.960745
69819,12.264196
69839,12.960745
69859,12.264196
69879,12.264196
69899,12.264196
69919,12.264196
69939,12.960745
69959,12.960745
69979,12.960745
69999,12.960745
70019,12.960745
70039,12.960745
70059,12.960745
70079,12.960745
70099,12.960745
70119,12.960745
70139,12.960745
70159,12.960745
70179,12.960745
70199,12.960745
70219,12.960745
70239,12.960745
70259,12.960745
70279,12.960745
70299,12.960745
70319,12.960745
70339,12.960745
70359,12.960745
70379,12.960745
70399,12.960745
70419,12.960745
70439,12.960745
70459,12.960745
70479,12.960745
70499,12.960745
70519,12.960745
70539,12.960745
70559,12.960745
70579,12.960745
70599,12.960745
70619,12.960745
70639,12.960745
70659,12.960745
70679,12.960745
70699,12.960745
70719,12.960745
70739,12.960745
70759,12.960745
70779,12.960745
70799,12.960745
70819,12.960745
70839,12.960745
70859,12.960745
70879,12.960745
70899,12.960745
70919,12.960745
70939,12.960745
70959,12.960745
70979,12.264196
70999,12.960745
71019,12.960745
71039,12.960745
71059,12.960745
71079,12.960745
71099,12.960745
71119,12.264196
71139,12.960745
71159,12.264196
71179,12.264196
71199,12.264196
71219,12.960745
71239,12.960745
71259,12.960745
71279,12.960745
71299,12.960745
71319,12.960745
71339,12.960745
71359,12.960745
71379,12.960745
71399,12.960745
71419,12.960745
71439,12.960745
71459,12.960745
71479,12.960745
71499,12.960745
71519,12.960745
71539,12.960745
71559,12.960745
71579,12.960745
71599,12.960745
71619,12.960745
71639,12.960745
71659,12.960745
71679,12.960745
71699,12.960745
71719,12.960745
71739,12.960745
71759,12.960745
71779,12.960745
71799,12.960745
71819,12.960745
71839,12.960745
71859,12.960745
71879,12.960745
71899,12.960745
71919,12.960745
71939,12.960745
71959,12.960745
71979,12.960745
71999,12.960745
72019,12.960745
72039,12.960745
72059,12.960745
72079,12.960745
72099,12.960745
72119,12.960745
72139,12.960745
72159,12.960745
72179,12.960745
72199,12.960745
72219,12.960745
72239,12.960745
72259,12.960745
72279,12.960745
72299,12.960745
72319,12.960745
72339,12.960745
72359,12.960745
72379,12.960745
72399,12.960745
72419,12.960745
72439,12.960745
72459,12.960745
72479,12.960745
72499,12.960745
72519,12.960745
72539,12.960745
72559,12.960745
72579,12.960745
72599,12.960745
72619,12.960745
72639,12.960745
72659,12.960745
72679,12.960745
72699,12.960745
72719,12.960745
72739,12.960745
72759,12.960745
72779,12.960745
72799,12.960745
72819,12.960745
72839,12.960745
72859,12.960745
72879,12.960745
72899,12.960745
72919,12.960745
72939,12.960745
72959,12.960745
72979,12.960745
72999,12.960745
73019,12.960745
73039,12.960745
73059,12.960745
73079,12.960745
73099,12.960745
73119,12.960745
73139,12.960745
73159,12.960745
73179,12.960745
73199,12.960745
73219,12.960745
73239,12.960745
73259,12.960745
73279,12.960745
73299,12.960745
73319,12.960745
73339,12.960745
73359,12.960745
73379,12.960745
73399,12.960745
73419,12.960745
73439,12.960745
73459,12.960745
73479,12.960745
73499,12.960745
73519,12.960745
73539,12.960745
73559,12.960745
73579,12.960745
73599,12.960745
73619,12.960745
73639,12.960745
73659,12.960745
73679,12.960745
73699,12.960745
73719,12.960745
73739,12.960745
73759,12.960745
73779,12.960745
73799,12.960745
73819,12.960745
73839,12.960745
73859,12.960745
73879,12.960745
73899,12.960745
73919,12.960745
73939,12.960745
73959,12.960745
73979,12.960745
73999,12.960745
74019,12.960745
74039,12.960745
74059,12.960745
74079,12.960745
74099,12.960745
74119,12.960745
74139,12.960745
74159,12.960745
74179,12.960745
74199,12.960745
74219,12.960745
74239,12.960745
74259,12.960745
74279,12.960745
74299,12.960745
74319,12.960745
74339,12.960745
74359,12.960745
74379,12.960745
74399,12.960745
74419,12.960745
74439,12.960745
74459,12.960745
74479,12.723399
74499,12.960745
74519,12.960745
74539,12.960745
74559,12.960745
74579,12.960745
74599,12.960745
74619,12.960745
74639,12.960745
74659,12.723399
74679,12.723399
74699,12.960745
74719,12.960745
74739,12.960745
74759,12.960745
74779,12.960745
74799,12.960745
74819,0.449958
74839,12.960745
74859,12.960745
74879,12.960745
74899,12.960745
74919,12.723399
74939,12.960745
74959,12.960745
74979,12.723399
74999,12.960745
75019,12.960745
75039,12.723399
75059,12.723399
75079,12.960745
75099,12.723399
75119,12.723399
75139,12.723399
75159,12.723399
75179,12.723399
75199,12.723399
75219,12.723399
75239,12.723399
75259,12.960745
75279,12.723399
75299,12.960745
75319,12.960745
75339,12.723399
75359,12.723399
75379,12.723399
75399,12.723399
75419,12.723399
75439,12.723399
75459,12.723399
75479,12.723399
75499,12.723399
75519,12.723399
75539,12.723399
75559,12.723399
75579,12.723399
75599,12.723399
75619,12.723399
75639,12.723399
75659,12.723399
75679,12.723399
75699,12.723399
75719,12.723399
75739,12.723399
75759,12.723399
75779,12.723399
75799,12.723399
75819,12.723399
75839,12.723399
75859,12.960745
75879,12.723399
75899,12.960745
75919,12.723399
75939,12.960745
75959,12.723399
75979,12.723399
75999,12.723399
76019,12.723399
76039,12.723399
76059,12.723399
76079,12.723399
76099,12.960745
76119,12.723399
76139,12.723399
76159,12.960745
76179,12.723399
76199,12.960745
76219,12.960745
76239,12.960745
76259,12.960745
76279,12.723399
76299,12.723399
76319,12.960745
76339,12.723399
76359,12.960745
76379,12.960745
76399,12.960745
76419,12.960745
76439,12.960745
76459,12.960745
76479,12.960745
76499,12.723399
76519,12.960745
76539,12.960745
76559,12.960745
76579,12.960745
76599,12.960745
76619,12.723399
76639,12.723399
76659,12.723399
76679,12.723399
76699,12.960745
76719,12.723399
76739,12.723399
76759,12.960745
76779,12.723399
76799,12.960745
76819,12.960745
76839,12.723399
76859,12.960745
76879,12.960745
76899,12.960745
76919,12.960745
76939,12.960745
76959,12.960745
76979,12.960745
76999,12.723399
77019,12.723399
77039,12.723399
77059,12.723399
77079,12.723399
77099,12.960745
77119,12.960745
77139,12.960745
77159,12.960745
77179,12.960745
77199,12.960745
77219,12.723399
77239,12.960745
77259,12.960745
77279,12.723399
77299,12.960745
77319,12.960745
77339,12.723399
77359,12.960745
77379,12.960745
77399,12.960745
77419,12.960745
77439,12.960745
77459,12.960745
77479,12.960745
77499,12.960745
77519,12.723399
77539,12.723399
77559,12.960745
77579,12.723399
77599,12.723399
77619,12.960745
77639,12.723399
77659,12.723399
77679,12.960745
77699,12.723399
77719,12.723399
77739,12.723399
77759,12.723399
77779,12.723399
77799,12.723399
77819,12.723399
77839,12.723399
77859,12.723399
77879,12.723399
77899,12.723399
77919,12.723399
77939,12.723399
77959,12.723399
77979,12.723399
77999,12.960745
78019,12.723399
78039,12.723399
78059,12.723399
78079,12.723399
78099,12.723399
78119,12.723399
78139,12.723399
78159,12.723399
78179,12.723399
78199,12.723399
78219,12.723399
78239,12.723399
78259,12.723399
78279,12.960745
78299,12.723399
78319,12.723399
78339,12.723399
78359,12.723399
78379,12.723399
78399,12.723399
78419,12.723399
78439,12.723399
78459,12.960745
78479,12.960745
78499,12.723399
78519,12.723399
78539,12.960745
78559,12.723399
78579,12.960745
78599,12.960745
78619,12.723399
78639,12.723399
78659,12.723399
78679,12.960745
78699,12.723399
78719,12.723399
78739,12.723399
78759,12.723399
78779,12.960745
78799,12.960745
78819,12.960745
78839,12.960745
78859,12.960745
78879,12.960745
78899,12.723399
78919,12.960745
78939,12.723399
78959,12.723399
78979,12.960745
78999,12.723399
79019,12.723399
79039,12.723399
79059,12.723399
79079,12.723399
79099,12.723399
79119,12.723399
79139,12.960745
79159,12.960745
79179,12.723399
79199,12.960745
79219,12.960745
79239,12.723399
79259,12.723399
79279,12.723399
79299,12.723399
79319,12.723399
79339,12.960745
79359,12.723399
79379,12.723399
79399,12.723399
79419,12.723399
79439,12.723399
79459,12.960745
79479,12.723399
79499,12.960745
79519,12.723399
79539,12.723399
79559,12.723399
79579,12.723399
79599,12.723399
79619,12.723399
79639,12.723399
79659,12.723399
79679,12.723399
79699,12.723399
79719,12.960745
79739,12.960745
79759,12.960745
79779,12.723399
79799,12.723399
79819,12.723399
79839,12.723399
79859,12.960745
79879,12.723399
79899,12.723399
79919,12.723399
79939,12.723399
79959,12.723399
79979,12.723399
79999,12.723399
80019,12.723399
80039,12.723399
80059,12.723399
80079,12.723399
80099,12.723399
80119,12.723399
80139,12.723399
80159,12.723399
80179,12.723399
80199,12.723399
80219,12.723399
80239,12.723399
80259,12.723399
80279,12.723399
80299,12.723399
80319,12.723399
80339,12.723399
80359,12.723399
80379,12.723399
80399,12.723399
80419,12.723399
80439,12.723399
80459,12.723399
80479,12.723399
80499,12.723399
80519,12.723399
80539,12.723399
80559,12.723399
80579,12.723399
80599,12.723399
80619,12.723399
80639,12.723399
80659,12.723399
80679,12.723399
80699,12.723399
80719,12.723399
80739,12.723399
80759,12.723399
80779,12.723399
80799,12.723399
80819,12.723399
80839,12.723399
80859,12.723399
80879,12.723399
80899,12.723399
80919,12.723399
80939,12.960745
80959,12.723399
80979,12.723399
80999,12.723399
81019,12.723399
81039,12.723399
81059,12.723399
81079,12.723399
81099,12.723399
81119,12.723399
81139,12.723399
81159,12.723399
81179,12.723399
81199,12.960745
81219,12.960745
81239,12.960745
81259,12.723399
81279,12.723399
81299,12.723399
81319,12.723399
81339,12.723399
81359,12.960745
81379,12.723399
81399,12.723399
81419,12.723399
81439,12.960745
81459,12.723399
81479,12.960745
81499,12.960745
81519,12.723399
81539,12.723399
81559,12.723399
81579,12.723399
81599,12.723399
81619,12.723399
81639,12.960745
81659,12.960745
81679,12.723399
81699,3.356302
81719,12.723399
81739,12.960745
81759,12.960745
81779,12.723399
81799,12.723399
81819,12.723399
81839,12.723399
81859,12.723399
81879,12.723399
81899,12.723399
81919,12.723399
81939,12.723399
81959,12.723399
81979,12.723399
81999,12.723399
82019,12.723399
82039,12.723399
82059,12.723399
82079,12.723399
82099,12.960745
82119,12.723399
82139,12.723399
82159,12.723399
82179,12.960745
82199,12.960745
82219,12.960745
82239,12.960745
82259,12.723399
82279,12.960745
82299,12.960745
82319,12.723399
82339,12.723399
82359,12.723399
82379,12.723399
82399,12.960745
82419,12.960745
82439,12.723399
82459,12.723399
82479,12.723399
82499,12.723399
82519,12.723399
82539,12.723399
82559,12.723399
82579,12.723399
82599,12.723399
82619,12.723399
82639,12.723399
82659,12.723399
82679,12.723399
82699,12.723399
82719,12.723399
82739,12.723399
82759,12.723399
82779,12.723399
82799,12.723399
82819,12.723399
82839,12.723399
82859,12.723399
82879,12.723399
82899,12.723399
82919,12.723399
82939,12.723399
82959,12.723399
82979,12.723399
82999,12.960745
83019,12.960745
83039,12.723399
83059,12.960745
83079,12.723399
83099,12.723399
83119,12.960745
83139,12.960745
83159,12.960745
83179,12.960745
83199,12.723399
83219,12.723399
83239,12.960745
83259,12.723399
83279,12.960745
83299,12.723399
83319,12.723399
83339,12.723399
83359,12.723399
83379,12.723399
83399,12.723399
83419,12.723399
83439,12.723399
83459,12.723399
83479,12.723399
83499,12.723399
83519,12.723399
83539,12.723399
83559,12.723399
83579,12.960745
83599,12.723399
83619,12.723399
83639,12.723399
83659,12.723399
83679,12.723399
83699,12.723399
83719,12.960745
83739,12.960745
83759,12.723399
83779,12.960745
83799,12.723399
83819,12.723399
83839,12.723399
83859,12.723399
83879,12.723399
83899,12.723399
83919,12.723399
83939,12.960745
83959,12.723399
83979,12.960745
83999,12.723399
84019,12.723399
84039,12.723399
84059,12.723399
84079,12.723399
84099,12.960745
84119,12.723399
84139,12.723399
84159,12.723399
84179,12.723399
84199,12.960745
84219,12.723399
84239,12.723399
84259,12.723399
84279,12.723399
84299,12.723399
84319,12.723399
84339,12.723399
84359,12.723399
84379,12.723399
84399,12.723399
84419,12.723399
84439,12.723399
84459,12.723399
84479,12.723399
84499,12.723399
84519,12.723399
84539,12.723399
84559,12.723399
84579,12.723399
84599,12.723399
84619,12.723399
84639,12.723399
84659,12.723399
84679,12.723399
84699,12.960745
84719,12.723399
84739,12.960745
84759,12.723399
84779,12.723399
84799,12.960745
84819,12.723399
84839,12.723399
84859,12.723399
84879,12.960745
84899,12.723399
84919,12.723399
84939,12.723399
84959,12.723399
84979,12.723399
84999,12.723399
85019,12.723399
85039,12.723399
85059,12.723399
85079,12.723399
85099,12.723399
85119,12.723399
85139,12.723399
85159,12.960745
85179,12.723399
85199,12.723399
85219,12.723399
85239,12.723399
85259,12.723399
85279,12.723399
85299,12.723399
85319,12.723399
85339,12.723399
85359,12.723399
85379,12.723399
85399,12.723399
85419,12.723399
85439,12.723399
85459,12.723399
85479,12.723399
85499,12.723399
85519,12.723399
85539,12.723399
85559,12.723399
85579,12.723399
85599,12.723399
85619,12.723399
85639,12.723399
85659,12.723399
85679,12.723399
85699,12.723399
85719,12.723399
85739,12.723399
85759,12.723399
85779,12.723399
85799,12.723399
85819,12.723399
85839,12.723399
85859,12.723399
85879,12.723399
85899,12.723399
85919,12.723399
85939,12.723399
85959,12.723399
85979,12.723399
85999,12.723399
86019,12.723399
86039,12.723399
86059,12.723399
86079,12.723399
86099,12.723399
86119,12.723399
86139,12.723399
86159,12.723399
86179,12.723399
86199,12.723399
86219,12.723399
86239,12.723399
86259,12.723399
86279,12.723399
86299,12.723399
86319,12.723399
86339,12.723399
86359,12.723399
86379,12.723399
86399,12.960745
86419,12.723399
86439,12.723399
86459,12.723399
86479,12.723399
86499,12.723399
86519,12.723399
86539,12.723399
86559,12.723399
86579,12.723399
86599,12.723399
86619,12.723399
86639,12.723399
86659,12.723399
86679,12.723399
86699,12.723399
86719,12.723399
86739,12.723399
86759,12.723399
86779,12.723399
86799,12.723399
86819,12.723399
86839,12.723399
86859,12.723399
86879,12.723399
86899,12.723399
86919,12.723399
86939,12.723399
86959,12.723399
86979,12.723399
86999,12.723399
87019,12.723399
87039,12.723399
87059,12.960745
87079,12.723399
87099,12.723399
87119,12.960745
87139,12.960745
87159,12.960745
87179,12.960745
87199,12.723399
87219,12.723399
87239,12.960745
87259,12.723399
87279,12.960745
87299,12.723399
87319,12.723399
87339,12.723399
87359,12.723399
87379,12.723399
87399,12.723399
87419,12.723399
87439,12.723399
87459,12.723399
87479,12.723399
87499,12.723399
87519,12.723399
87539,12.723399
87559,12.723399
87579,12.723399
87599,12.723399
87619,12.723399
87639,12.723399
87659,12.723399
87679,12.723399
87699,12.723399
87719,12.723399
87739,12.723399
87759,12.723399
87779,12.723399
87799,12.723399
87819,12.723399
87839,12.723399
87859,12.723399
87879,12.723399
87899,12.723399
87919,12.723399
87939,12.723399
87959,12.723399
87979,12.723399
87999,12.723399
88019,12.960745
88039,12.723399
88059,12.723399
88079,12.723399
88099,12.723399
88119,12.723399
88139,12.723399
88159,12.723399
88179,12.723399
88199,12.723399
88219,11.998618
88239,12.960745
88259,12.723399
88279,12.723399
88299,12.723399
88319,12.723399
88339,12.723399
88359,12.723399
88379,12.723399
88399,12.723399
88419,12.723399
88439,12.723399
88459,12.723399
88479,12.723399
88499,12.723399
88519,12.723399
88539,12.723399
88559,12.723399
88579,12.960745
88599,12.960745
88619,12.723399
88639,12.960745
88659,12.723399
88679,12.960745
88699,12.960745
88719,12.960745
88739,12.723399
88759,12.723399
88779,12.723399
88799,12.723399
88819,12.723399
88839,12.723399
88859,12.723399
88879,12.723399
88899,12.723399
88919,12.723399
88939,12.723399
88959,12.723399
88979,12.723399
88999,12.723399
89019,12.723399
89039,12.723399
89059,12.723399
89079,12.723399
89099,12.960745
89119,12.723399
89139,12.723399
89159,12.723399
89179,12.723399
89199,12.960745
89219,12.723399
89239,12.960745
89259,12.723399
89279,12.960745
89299,12.960745
89319,12.723399
89339,12.723399
89359,12.723399
89379,12.723399
89399,12.723399
89419,12.723399
89439,12.723399
89459,12.723399
89479,12.723399
89499,12.723399
89519,12.723399
89539,12.960745
89559,12.723399
89579,12.723399
89599,12.723399
89619,12.723399
89639,12.723399
89659,12.723399
89679,12.723399
89699,12.723399
89719,12.723399
89739,12.723399
89759,12.723399
89779,12.723399
89799,12.723399
89819,12.960745
89839,12.723399
89859,12.960745
89879,12.723399
89899,12.723399
89919,12.723399
89939,12.723399
89959,12.723399
89979,12.723399
89999,12.723399
90019,12.723399
90039,12.723399
90059,12.723399
90079,12.723399
90099,12.723399
90119,12.960745
90139,12.960745
90159,12.723399
90179,12.723399
90199,12.723399
90219,12.723399
90239,12.723399
90259,12.723399
90279,12.723399
90299,12.723399
90319,12.723399
90339,12.723399
90359,12.723399
90379,12.723399
90399,12.723399
90419,12.723399
90439,12.960745
90459,12.723399
90479,12.723399
90499,12.723399
90519,12.723399
90539,12.723399
90559,12.723399
90579,12.723399
90599,12.723399
90619,12.723399
90639,12.723399
90659,12.723399
90679,12.723399
90699,12.723399
90719,12.723399
90739,12.723399
90759,12.723399
90779,12.723399
90799,12.723399
90819,12.723399
90839,12.723399
90859,12.723399
90879,12.723399
90899,12.723399
90919,12.723399
90939,12.723399
90959,12.723399
90979,12.723399
90999,12.723399
91019,12.723399
91039,12.723399
91059,12.723399
91079,12.723399
91099,12.723399
91119,12.723399
91139,12.723399
91159,12.723399
91179,12.723399
91199,12.723399
91219,12.723399
91239,12.723399
91259,12.723399
91279,12.723399
91299,12.723399
91319,12.723399
91339,12.723399
91359,12.723399
91379,12.723399
91399,12.723399
91419,12.723399
91439,12.723399
91459,12.723399
91479,12.723399
91499,12.723399
91519,12.723399
91539,12.723399
91559,12.723399
91579,12.723399
91599,12.723399
91619,12.723399
91639,12.723399
91659,12.723399
91679,12.723399
91699,12.723399
91719,12.723399
91739,12.723399
91759,12.723399
91779,12.723399
91799,12.723399
91819,12.723399
91839,12.723399
91859,12.723399
91879,12.723399
91899,12.723399
91919,12.723399
91939,12.723399
91959,12.723399
91979,12.723399
91999,12.723399
92019,12.723399
92039,12.723399
92059,12.723399
92079,12.723399
92099,12.723399
92119,12.723399
92139,12.723399
92159,12.723399
92179,12.723399
92199,12.723399
92219,12.723399
92239,12.723399
92259,12.723399
92279,12.723399
92299,12.723399
92319,12.723399
92339,12.723399
92359,12.723399
92379,12.723399
92399,12.723399
92419,12.723399
92439,12.723399
92459,12.723399
92479,12.723399
92499,12.723399
92519,12.723399
92539,12.723399
92559,12.723399
92579,12.723399
92599,12.723399
92619,12.723399
92639,12.723399
92659,12.723399
92679,12.723399
92699,12.723399
92719,12.723399
92739,12.723399
92759,12.723399
92779,12.723399
92799,12.723399
92819,12.723399
92839,12.723399
92859,12.723399
92879,12.723399
92899,12.723399
92919,12.723399
92939,12.723399
92959,12.723399
92979,12.723399
92999,12.723399
93019,12.723399
93039,12.723399
93059,12.723399
93079,12.723399
93099,12.723399
93119,12.723399
93139,12.723399
93159,12.960745
93179,12.723399
93199,12.723399
93219,12.723399
93239,12.723399
93259,12.723399
93279,12.723399
93299,12.723399
93319,12.723399
93339,12.960745
93359,12.960745
93379,12.960745
93399,12.723399
93419,12.723399
93439,12.723399
93459,12.960745
93479,12.723399
93499,12.723399
93519,12.723399
93539,12.723399
93559,12.723399
93579,12.723399
93599,12.723399
93619,12.723399
93639,12.723399
93659,12.723399
93679,12.723399
93699,12.960745
93719,12.723399
93739,12.723399
93759,12.723399
93779,12.723399
93799,12.723399
93819,12.723399
93839,12.723399
93859,12.723399
93879,12.960745
93899,12.723399
93919,12.723399
93939,12.960745
93959,12.723399
93979,12.723399
93999,12.723399
94019,12.723399
94039,12.723399
94059,12.960745
94079,12.960745
94099,12.723399
94119,12.960745
94139,12.723399
94159,12.723399
94179,12.723399
94199,12.723399
94219,12.723399
94239,12.723399
94259,12.723399
94279,12.723399
94299,12.723399
94319,12.723399
94339,12.723399
94359,12.723399
94379,12.960745
94399,12.960745
94419,12.723399
94439,12.723399
94459,12.723399
94479,12.723399
94499,12.723399
94519,12.723399
94539,12.723399
94559,12.723399
94579,12.723399
94599,12.723399
94619,12.723399
94639,12.723399
94659,12.723399
94679,12.723399
94699,12.723399
94719,12.723399
94739,12.723399
94759,12.723399
94779,12.723399
94799,12.723399
94819,12.723399
94839,12.723399
94859,12.723399
94879,12.723399
94899,12.723399
94919,12.723399
94939,12.723399
94959,12.723399
94979,12.723399
94999,12.723399
95019,12.723399
95039,12.723399
95059,12.723399
95079,12.723399
95099,12.723399
95119,12.723399
95139,12.723399
95159,12.723399
95179,12.723399
95199,12.723399
95219,12.723399
95239,12.723399
95259,12.723399
95279,12.723399
95299,12.723399
95319,12.723399
95339,12.723399
95359,12.723399
95379,12.723399
95399,12.723399
95419,12.723399
95439,12.723399
95459,12.723399
95479,12.723399
95499,12.723399
95519,12.723399
95539,12.723399
95559,12.723399
95579,12.723399
95599,12.723399
95619,12.723399
95639,12.723399
95659,12.723399
95679,12.723399
95699,12.723399
95719,12.723399
95739,12.723399
95759,12.723399
95779,12.723399
95799,12.723399
95819,12.723399
95839,12.723399
95859,12.723399
95879,12.723399
95899,12.723399
95919,12.723399
95939,12.723399
95959,12.960745
95979,12.723399
95999,12.723399
96019,12.723399
96039,12.723399
96059,12.723399
96079,12.723399
96099,12.960745
96119,12.723399
96139,12.723399
96159,12.723399
96179,12.723399
96199,12.723399
96219,12.960745
96239,12.723399
96259,12.723399
96279,12.723399
96299,12.723399
96319,12.723399
96339,12.723399
96359,12.723399
96379,12.723399
96399,12.723399
96419,12.723399
96439,12.723399
96459,12.723399
96479,12.723399
96499,12.723399
96519,12.723399
96539,12.723399
96559,12.723399
96579,12.723399
96599,12.723399
96619,12.723399
96639,12.723399
96659,12.723399
96679,12.723399
96699,12.723399
96719,12.723399
96739,12.723399
96759,12.723399
96779,12.723399
96799,12.723399
96819,12.723399
96839,12.723399
96859,12.723399
96879,12.723399
96899,12.723399
96919,12.723399
96939,12.723399
96959,12.723399
96979,12.723399
96999,12.723399
97019,12.723399
97039,12.723399
97059,12.723399
97079,12.723399
97099,12.723399
97119,12.723399
97139,12.723399
97159,12.723399
97179,12.723399
97199,12.723399
97219,12.723399
97239,12.723399
97259,12.723399
97279,12.723399
97299,12.723399
97319,12.723399
97339,12.723399
97359,12.723399
97379,12.723399
97399,12.723399
97419,12.723399
97439,12.723399
97459,12.723399
97479,12.723399
97499,12.723399
97519,12.723399
97539,12.723399
97559,12.723399
97579,12.723399
97599,12.723399
97619,12.723399
97639,12.723399
97659,12.723399
97679,12.723399
97699,12.723399
97719,12.723399
97739,12.723399
97759,12.723399
97779,12.723399
97799,12.723399
97819,12.723399
97839,12.723399
97859,12.723399
97879,12.723399
97899,12.723399
97919,12.723399
97939,12.723399
97959,12.723399
97979,12.723399
97999,12.723399
98019,12.723399
98039,12.723399
98059,12.723399
98079,12.723399
98099,12.723399
98119,12.723399
98139,12.723399
98159,12.723399
98179,12.723399
98199,12.723399
98219,12.960745
98239,12.723399
98259,12.723399
98279,12.723399
98299,12.723399
98319,12.723399
98339,12.723399
98359,12.723399
98379,12.723399
98399,12.723399
98419,12.723399
98439,12.723399
98459,12.723399
98479,12.723399
98499,12.723399
98519,12.723399
98539,12.960745
98559,12.960745
98579,12.960745
98599,12.723399
98619,12.723399
98639,12.723399
98659,12.723399
98679,12.723399
98699,12.723399
98719,12.723399
98739,12.723399
98759,12.723399
98779,12.723399
98799,12.723399
98819,12.723399
98839,12.723399
98859,12.723399
98879,12.723399
98899,12.723399
98919,12.723399
98939,12.723399
98959,12.723399
98979,12.723399
98999,12.960745
99019,12.960745
99039,12.723399
99059,12.723399
99079,12.723399
99099,12.723399
99119,12.723399
99139,12.723399
99159,12.723399
99179,12.723399
99199,12.723399
99219,12.723399
99239,12.723399
99259,12.723399
99279,12.723399
99299,12.723399
99319,12.723399
99339,12.723399
99359,12.723399
99379,12.723399
99399,12.723399
99419,12.723399
99439,12.723399
99459,12.723399
99479,12.723399
99499,12.723399
99519,12.723399
99539,12.723399
99559,12.723399
99579,12.723399
99599,12.723399
99619,12.723399
99639,12.723399
99659,12.723399
99679,12.723399
99699,12.723399
99719,12.723399
99739,12.723399
99759,12.723399
99779,12.723399
99799,12.723399
99819,12.723399
99839,12.723399
99859,12.723399
99879,12.723399
99899,12.723399
99919,12.723399
99939,12.723399
99959,12.723399
99979,12.723399
99999,12.723399
