19,-14.459951
39,4.338726
59,7.439389
79,-2.127007
99,11.009894
119,-7.737417
139,2.293289
159,-5.002120
179,-2.890865
199,-17.017037
219,-17.972832
239,1.986016
259,-7.031913
279,-17.972832
299,-1.864045
319,-0.115689
339,-7.044997
359,-14.203692
379,1.699299
399,-5.785672
419,-17.972832
439,-9.713903
459,-13.454401
479,-17.972832
499,-3.286007
519,-13.040096
539,6.412616
559,6.902790
579,-17.972832
599,-17.972832
619,2.251887
639,8.549762
659,0.095704
679,-17.972832
699,1.777688
719,2.208803
739,-17.972832
759,-6.052302
779,-8.438464
799,2.702706
819,7.302996
839,-17.972832
859,-17.972832
879,-17.972832
899,-15.214211
919,-3.492244
939,-4.465206
959,-10.947585
979,1.065039
999,-6.220928
1019,8.165782
1039,5.568024
1059,7.693506
1079,8.563754
1099,7.225581
1119,6.605959
1139,8.811137
1159,6.305775
1179,6.281641
1199,8.460599
1219,6.281641
1239,10.239729
1259,8.003731
1279,5.333941
1299,5.779663
1319,5.979264
1339,6.529160
1359,8.589668
1379,8.589668
1399,8.732821
1419,9.519908
1439,9.370918
1459,9.361143
1479,8.732821
1499,9.043689
1519,10.378181
1539,10.735302
1559,10.378181
1579,8.732821
1599,10.735302
1619,10.735302
1639,10.735302
1659,10.735302
1679,10.378181
1699,10.378181
1719,10.378181
1739,8.771354
1759,10.050201
1779,10.349186
1799,6.978052
1819,10.104091
1839,10.735302
1859,8.460599
1879,9.527168
1899,8.460599
1919,10.735302
1939,10.735302
1959,10.735302
1979,9.553636
1999,10.350868
2019,10.735302
2039,11.444551
2059,10.735302
2079,10.762800
2099,10.735302
2119,11.444551
2139,7.174516
2159,10.050201
2179,7.833620
2199,11.444551
2219,11.444551
2239,11.444551
2259,11.444551
2279,10.735302
2299,10.735302
2319,11.444551
2339,10.735302
2359,10.735302
2379,11.444551
2399,10.735302
2419,10.735302
2439,11.444551
2459,10.735302
2479,10.735302
2499,11.444551
2519,11.444551
2539,11.444551
2559,11.444551
2579,11.444551
2599,11.444551
2619,11.444551
2639,11.444551
2659,11.444551
2679,11.444551
2699,11.444551
2719,11.444551
2739,11.444551
2759,11.444551
2779,11.444551
2799,11.444551
2819,11.444551
2839,11.444551
2859,11.444551
2879,11.444551
2899,11.444551
2919,11.444551
2939,11.444551
2959,11.444551
2979,11.444551
2999,11.444551
3019,11.444551
3039,11.444551
3059,11.444551
3079,11.444551
3099,11.444551
3119,11.444551
3139,11.444551
3159,11.444551
3179,11.444551
3199,11.444551
3219,11.444551
3239,11.444551
3259,11.444551
3279,11.444551
3299,11.444551
3319,11.444551
3339,11.444551
3359,11.444551
3379,11.444551
3399,11.444551
3419,11.444551
3439,11.444551
3459,11.444551
3479,11.444551
3499,11.444551
3519,11.444551
3539,11.444551
3559,11.444551
3579,11.444551
3599,11.444551
3619,11.444551
3639,11.444551
3659,11.444551
3679,11.444551
3699,11.444551
3719,11.444551
3739,11.444551
3759,11.444551
3779,11.444551
3799,11.444551
3819,11.444551
3839,11.444551
3859,11.444551
3879,11.444551
3899,11.444551
3919,11.444551
3939,11.444551
3959,11.444551
3979,11.444551
3999,11.444551
4019,11.444551
4039,11.444551
4059,11.444551
4079,11.444551
4099,11.444551
4119,11.444551
4139,11.444551
4159,11.444551
4179,11.444551
4199,11.444551
4219,11.444551
4239,11.444551
4259,11.444551
4279,11.444551
4299,11.444551
4319,11.444551
4339,11.444551
4359,11.444551
4379,11.444551
4399,11.444551
4419,11.444551
4439,11.444551
4459,11.444551
4479,11.444551
4499,11.444551
4519,11.444551
4539,11.444551
4559,11.444551
4579,11.444551
4599,11.444551
4619,11.444551
4639,11.444551
4659,11.444551
4679,11.444551
4699,11.444551
4719,11.444551
4739,11.444551
4759,9.884997
4779,11.444551
4799,11.444551
4819,11.444551
4839,11.444551
4859,11.444551
4879,11.444551
4899,11.444551
4919,11.444551
4939,11.444551
4959,11.444551
4979,11.444551
4999,11.444551
5019,11.444551
5039,11.444551
5059,11.444551
5079,11.444551
5099,11.444551
5119,11.444551
5139,11.444551
5159,11.444551
5179,11.444551
5199,11.444551
5219,11.444551
5239,11.444551
5259,11.444551
5279,11.444551
5299,11.444551
5319,11.444551
5339,11.444551
5359,11.444551
5379,11.444551
5399,11.444551
5419,11.444551
5439,11.444551
5459,11.444551
5479,11.444551
5499,11.444551
5519,9.043689
5539,11.444551
5559,11.444551
5579,11.444551
5599,11.444551
5619,11.444551
5639,11.444551
5659,11.444551
5679,11.444551
5699,11.444551
5719,1.114305
5739,10.350868
5759,5.135553
5779,7.890939
5799,7.150808
5819,7.820819
5839,7.820819
5859,11.444551
5879,7.820819
5899,11.444551
5919,8.565630
5939,9.090508
5959,9.122685
5979,8.253394
5999,9.090508
6019,9.660018
6039,9.660018
6059,9.660018
6079,8.901560
6099,11.444551
6119,11.579122
6139,11.444551
6159,11.444551
6179,11.034802
6199,9.778364
6219,9.106472
6239,8.131192
6259,11.034802
6279,9.459075
6299,9.334861
6319,10.982106
6339,11.444551
6359,9.719476
6379,9.459075
6399,9.778364
6419,8.215335
6439,9.054195
6459,8.887072
6479,9.054195
6499,9.132686
6519,9.459075
6539,9.264522
6559,9.043689
6579,9.719476
6599,9.459075
6619,9.334861
6639,9.459075
6659,8.887072
6679,9.230233
6699,9.230233
6719,11.009894
6739,10.073590
6759,9.853255
6779,8.898569
6799,11.009894
6819,11.009894
6839,9.853255
6859,11.444551
6879,10.100740
6899,10.073590
6919,9.853255
6939,9.853255
6959,9.853255
6979,9.853255
6999,9.853255
7019,10.073590
7039,10.073590
7059,9.853255
7079,9.853255
7099,9.853255
7119,11.444551
7139,11.444551
7159,9.778364
7179,9.043689
7199,9.799589
7219,9.352750
7239,10.073590
7259,9.334861
7279,9.352750
7299,9.334861
7319,10.982106
7339,11.009894
7359,11.444551
7379,11.444551
7399,8.512076
7419,11.009894
7439,11.009894
7459,11.009894
7479,11.009894
7499,11.009894
7519,11.009894
7539,11.009894
7559,11.170025
7579,11.009894
7599,11.009894
7619,11.009894
7639,11.009894
7659,11.170025
7679,11.170025
7699,11.009894
7719,11.009894
7739,11.009894
7759,11.009894
7779,11.009894
7799,11.009894
7819,11.009894
7839,11.009894
7859,11.009894
7879,11.009894
7899,11.009894
7919,11.009894
7939,11.009894
7959,11.009894
7979,11.009894
7999,11.009894
8019,11.009894
8039,11.009894
8059,11.009894
8079,11.009894
8099,11.009894
8119,11.009894
8139,11.009894
8159,11.009894
8179,11.009894
8199,11.009894
8219,11.170025
8239,11.009894
8259,11.009894
8279,11.009894
8299,11.170025
8319,11.170025
8339,11.009894
8359,11.009894
8379,11.009894
8399,11.170025
8419,11.009894
8439,11.009894
8459,11.009894
8479,11.009894
8499,11.009894
8519,11.009894
8539,9.573240
8559,9.149119
8579,10.212496
8599,9.149119
8619,9.149119
8639,9.149119
8659,9.149119
8679,9.149119
8699,9.149119
8719,9.149119
8739,9.149119
8759,9.149119
8779,9.149119
8799,9.149119
8819,10.212496
8839,9.149119
8859,9.149119
8879,10.212496
8899,10.212496
8919,10.212496
8939,10.212496
8959,10.212496
8979,10.212496
8999,10.212496
9019,9.149119
9039,10.212496
9059,10.212496
9079,10.212496
9099,10.212496
9119,10.212496
9139,10.212496
9159,10.212496
9179,10.212496
9199,10.212496
9219,10.212496
9239,4.449591
9259,10.212496
9279,10.212496
9299,10.212496
9319,10.212496
9339,10.212496
9359,10.212496
9379,10.212496
9399,10.212496
9419,10.212496
9439,10.212496
9459,10.212496
9479,10.212496
9499,10.212496
9519,10.212496
9539,10.212496
9559,10.212496
9579,10.212496
9599,10.212496
9619,10.212496
9639,11.170025
9659,9.907130
9679,11.170025
9699,10.212496
9719,10.212496
9739,10.212496
9759,10.212496
9779,10.212496
9799,10.212496
9819,10.212496
9839,10.212496
9859,10.212496
9879,10.212496
9899,10.212496
9919,10.212496
9939,10.212496
9959,10.212496
9979,10.212496
9999,10.212496
10019,10.212496
10039,10.212496
10059,10.212496
10079,10.212496
10099,10.212496
10119,8.916275
10139,10.212496
10159,10.212496
10179,10.212496
10199,10.212496
10219,10.212496
10239,10.212496
10259,10.212496
10279,10.212496
10299,10.212496
10319,10.212496
10339,10.212496
10359,10.212496
10379,10.212496
10399,10.212496
10419,10.212496
10439,10.212496
10459,10.212496
10479,10.212496
10499,10.212496
10519,10.212496
10539,10.212496
10559,10.212496
10579,10.212496
10599,10.212496
10619,10.212496
10639,10.212496
10659,10.212496
10679,10.212496
10699,10.212496
10719,10.212496
10739,10.212496
10759,10.212496
10779,10.212496
10799,10.212496
10819,10.212496
10839,10.212496
10859,10.212496
10879,10.212496
10899,10.212496
10919,10.212496
10939,10.212496
10959,10.212496
10979,10.212496
10999,10.212496
11019,10.212496
11039,10.212496
11059,10.212496
11079,10.212496
11099,10.212496
11119,10.212496
11139,10.212496
11159,10.212496
11179,10.212496
11199,10.212496
11219,10.212496
11239,10.212496
11259,10.212496
11279,10.212496
11299,10.212496
11319,10.212496
11339,10.212496
11359,10.212496
11379,10.212496
11399,10.212496
11419,10.212496
11439,10.212496
11459,10.212496
11479,10.212496
11499,10.212496
11519,10.212496
11539,10.212496
11559,10.212496
11579,10.212496
11599,10.212496
11619,10.212496
11639,10.212496
11659,10.212496
11679,10.212496
11699,10.212496
11719,10.212496
11739,10.212496
11759,10.212496
11779,10.212496
11799,10.212496
11819,10.212496
11839,10.212496
11859,10.212496
11879,10.212496
11899,10.212496
11919,10.212496
11939,10.212496
11959,9.599984
11979,10.212496
11999,10.212496
12019,10.212496
12039,10.212496
12059,10.212496
12079,10.212496
12099,10.212496
12119,10.212496
12139,10.212496
12159,10.212496
12179,10.212496
12199,10.212496
12219,10.212496
12239,10.212496
12259,10.212496
12279,10.212496
12299,10.212496
12319,10.212496
12339,10.212496
12359,10.212496
12379,10.212496
12399,10.212496
12419,10.212496
12439,10.212496
12459,10.212496
12479,10.212496
12499,10.212496
12519,10.212496
12539,10.212496
12559,10.212496
12579,10.212496
12599,10.212496
12619,10.212496
12639,8.732821
12659,10.212496
12679,10.212496
12699,10.212496
12719,10.212496
12739,10.212496
12759,10.212496
12779,10.212496
12799,10.212496
12819,10.212496
12839,10.212496
12859,10.212496
12879,7.938876
12899,10.212496
12919,10.212496
12939,10.212496
12959,10.212496
12979,10.212496
12999,9.175606
13019,9.175606
13039,10.046492
13059,10.212496
13079,10.212496
13099,10.212496
13119,9.149119
13139,10.212496
13159,9.175606
13179,10.212496
13199,10.212496
13219,10.212496
13239,10.212496
13259,10.212496
13279,10.212496
13299,10.212496
13319,10.212496
13339,10.212496
13359,10.212496
13379,9.175606
13399,10.212496
13419,10.212496
13439,10.212496
13459,10.212496
13479,10.212496
13499,10.212496
13519,10.212496
13539,10.212496
13559,8.199043
13579,9.175606
13599,9.175606
13619,10.212496
13639,10.212496
13659,10.212496
13679,10.212496
13699,10.212496
13719,9.175606
13739,10.212496
13759,10.212496
13779,9.175606
13799,10.212496
13819,10.212496
13839,9.175606
13859,9.175606
13879,9.175606
13899,9.175606
13919,9.175606
13939,9.175606
13959,10.212496
13979,9.175606
13999,9.175606
14019,9.175606
14039,9.175606
14059,9.175606
14079,9.175606
14099,9.175606
14119,9.175606
14139,9.175606
14159,9.175606
14179,9.175606
14199,9.175606
14219,9.175606
14239,9.175606
14259,9.175606
14279,9.175606
14299,9.175606
14319,9.175606
14339,9.175606
14359,9.175606
14379,9.175606
14399,9.175606
14419,9.175606
14439,9.175606
14459,9.175606
14479,9.175606
14499,9.175606
14519,9.175606
14539,9.175606
14559,9.175606
14579,9.175606
14599,9.175606
14619,9.175606
14639,9.175606
14659,9.175606
14679,9.175606
14699,9.175606
14719,9.175606
14739,9.175606
14759,9.175606
14779,9.175606
14799,9.175606
14819,9.175606
14839,9.175606
14859,9.175606
14879,9.175606
14899,9.175606
14919,9.175606
14939,9.175606
14959,9.175606
14979,9.175606
14999,9.175606
15019,9.175606
15039,9.175606
15059,9.175606
15079,9.175606
15099,9.175606
15119,9.175606
15139,9.175606
15159,9.175606
15179,9.175606
15199,9.175606
15219,9.175606
15239,9.175606
15259,9.175606
15279,9.175606
15299,9.175606
15319,9.175606
15339,9.175606
15359,9.175606
15379,9.175606
15399,9.175606
15419,9.175606
15439,9.175606
15459,9.175606
15479,9.175606
15499,9.175606
15519,9.175606
15539,9.175606
15559,9.175606
15579,9.175606
15599,9.175606
15619,9.175606
15639,9.175606
15659,9.175606
15679,9.175606
15699,9.175606
15719,9.175606
15739,9.175606
15759,9.175606
15779,9.175606
15799,9.175606
15819,9.175606
15839,9.175606
15859,9.175606
15879,9.175606
15899,9.175606
15919,9.175606
15939,9.175606
15959,9.175606
15979,9.175606
15999,9.175606
16019,9.175606
16039,9.175606
16059,9.175606
16079,9.175606
16099,9.175606
16119,9.175606
16139,9.202144
16159,9.175606
16179,9.175606
16199,9.175606
16219,9.175606
16239,9.175606
16259,9.175606
16279,9.175606
16299,9.175606
16319,9.175606
16339,9.175606
16359,9.175606
16379,9.175606
16399,9.175606
16419,9.175606
16439,9.175606
16459,9.175606
16479,9.175606
16499,9.175606
16519,9.175606
16539,9.175606
16559,9.175606
16579,9.175606
16599,9.175606
16619,9.175606
16639,9.175606
16659,9.175606
16679,9.175606
16699,9.175606
16719,9.175606
16739,9.175606
16759,9.175606
16779,9.175606
16799,9.175606
16819,9.175606
16839,9.175606
16859,9.175606
16879,9.175606
16899,9.175606
16919,9.175606
16939,9.175606
16959,9.175606
16979,9.175606
16999,9.175606
17019,9.175606
17039,9.175606
17059,9.175606
17079,9.175606
17099,9.175606
17119,9.175606
17139,9.175606
17159,9.175606
17179,9.175606
17199,9.175606
17219,9.175606
17239,9.175606
17259,9.175606
17279,9.175606
17299,9.175606
17319,9.175606
17339,9.175606
17359,9.175606
17379,9.175606
17399,9.175606
17419,9.175606
17439,9.175606
17459,9.175606
17479,9.175606
17499,9.175606
17519,9.175606
17539,9.175606
17559,9.175606
17579,9.175606
17599,9.175606
17619,9.175606
17639,9.202144
17659,9.175606
17679,9.175606
17699,9.175606
17719,9.175606
17739,9.175606
17759,9.175606
17779,9.175606
17799,9.175606
17819,9.175606
17839,9.175606
17859,9.175606
17879,9.175606
17899,9.175606
17919,9.175606
17939,9.175606
17959,9.175606
17979,9.175606
17999,9.175606
18019,9.175606
18039,9.175606
18059,9.175606
18079,9.175606
18099,9.175606
18119,9.175606
18139,9.175606
18159,9.175606
18179,9.175606
18199,9.175606
18219,9.175606
18239,9.149119
18259,9.175606
18279,9.175606
18299,9.175606
18319,9.175606
18339,9.175606
18359,9.175606
18379,9.175606
18399,9.175606
18419,9.175606
18439,9.175606
18459,9.175606
18479,9.175606
18499,9.175606
18519,9.175606
18539,9.175606
18559,9.175606
18579,9.175606
18599,9.175606
18619,9.175606
18639,9.175606
18659,9.175606
18679,9.175606
18699,9.175606
18719,9.175606
18739,9.175606
18759,9.175606
18779,9.175606
18799,9.175606
18819,9.175606
18839,9.175606
18859,9.175606
18879,9.175606
18899,9.175606
18919,9.175606
18939,9.175606
18959,9.175606
18979,9.175606
18999,9.175606
19019,9.175606
19039,9.175606
19059,9.175606
19079,9.175606
19099,9.175606
19119,9.175606
19139,9.175606
19159,9.175606
19179,9.175606
19199,9.175606
19219,9.175606
19239,9.175606
19259,9.175606
19279,9.175606
19299,9.175606
19319,9.175606
19339,9.175606
19359,9.175606
19379,9.175606
19399,9.175606
19419,9.175606
19439,9.175606
19459,9.175606
19479,9.175606
19499,9.175606
19519,9.175606
19539,9.175606
19559,9.175606
19579,9.175606
19599,6.676467
19619,9.175606
19639,9.175606
19659,9.175606
19679,9.175606
19699,9.175606
19719,9.175606
19739,9.175606
19759,9.175606
19779,9.175606
19799,9.175606
19819,9.175606
19839,9.175606
19859,9.175606
19879,9.175606
19899,9.175606
19919,9.175606
19939,9.175606
19959,9.175606
19979,9.175606
19999,9.175606
20019,9.175606
20039,9.175606
20059,9.175606
20079,9.175606
20099,9.175606
20119,9.175606
20139,9.175606
20159,9.175606
20179,9.175606
20199,9.175606
20219,9.175606
20239,9.175606
20259,9.175606
20279,9.175606
20299,9.175606
20319,9.175606
20339,6.185584
20359,9.175606
20379,9.175606
20399,9.175606
20419,9.175606
20439,9.175606
20459,9.175606
20479,9.175606
20499,9.175606
20519,9.175606
20539,9.175606
20559,9.175606
20579,9.175606
20599,9.175606
20619,9.175606
20639,9.175606
20659,9.175606
20679,9.175606
20699,6.536972
20719,9.175606
20739,9.175606
20759,9.175606
20779,9.175606
20799,9.175606
20819,9.175606
20839,9.175606
20859,9.175606
20879,9.175606
20899,9.175606
20919,9.175606
20939,9.175606
20959,9.175606
20979,9.175606
20999,9.175606
21019,9.175606
21039,9.175606
21059,9.175606
21079,9.175606
21099,9.175606
21119,9.175606
21139,9.175606
21159,9.175606
21179,9.175606
21199,9.175606
21219,9.175606
21239,9.175606
21259,9.175606
21279,9.175606
21299,9.175606
21319,9.175606
21339,9.175606
21359,9.175606
21379,9.175606
21399,9.175606
21419,9.175606
21439,9.175606
21459,9.175606
21479,9.175606
21499,9.175606
21519,9.175606
21539,9.175606
21559,9.175606
21579,9.175606
21599,9.175606
21619,9.175606
21639,9.175606
21659,9.175606
21679,9.175606
21699,9.175606
21719,9.175606
21739,9.175606
21759,9.175606
21779,9.175606
21799,9.175606
21819,9.175606
21839,9.175606
21859,9.175606
21879,9.175606
21899,9.175606
21919,9.175606
21939,9.175606
21959,9.175606
21979,9.175606
21999,9.175606
22019,9.175606
22039,9.175606
22059,9.175606
22079,9.175606
22099,9.175606
22119,9.175606
22139,9.175606
22159,9.175606
22179,9.175606
22199,9.175606
22219,9.175606
22239,9.175606
22259,9.175606
22279,9.175606
22299,9.175606
22319,9.175606
22339,9.175606
22359,9.175606
22379,9.175606
22399,9.175606
22419,9.175606
22439,9.175606
22459,9.175606
22479,9.202144
22499,9.175606
22519,9.175606
22539,9.175606
22559,9.175606
22579,9.175606
22599,9.175606
22619,9.175606
22639,9.175606
22659,9.175606
22679,9.175606
22699,9.175606
22719,5.592123
22739,9.175606
22759,9.175606
22779,9.175606
22799,9.175606
22819,9.175606
22839,9.175606
22859,9.175606
22879,9.175606
22899,9.175606
22919,9.175606
22939,9.175606
22959,9.175606
22979,9.175606
22999,9.175606
23019,9.175606
23039,9.175606
23059,9.175606
23079,9.175606
23099,9.175606
23119,9.175606
23139,9.175606
23159,9.175606
23179,9.175606
23199,9.175606
23219,9.175606
23239,9.175606
23259,9.175606
23279,9.175606
23299,9.175606
23319,9.175606
23339,9.175606
23359,9.175606
23379,9.175606
23399,9.175606
23419,9.175606
23439,9.175606
23459,9.175606
23479,9.175606
23499,9.175606
23519,9.175606
23539,9.175606
23559,9.175606
23579,9.175606
23599,9.175606
23619,9.175606
23639,9.175606
23659,9.175606
23679,9.175606
23699,9.175606
23719,9.175606
23739,9.175606
23759,9.175606
23779,9.175606
23799,9.175606
23819,9.175606
23839,9.175606
23859,9.175606
23879,9.175606
23899,9.175606
23919,9.175606
23939,9.175606
23959,9.175606
23979,9.175606
23999,9.175606
24019,9.175606
24039,9.175606
24059,9.175606
24079,9.175606
24099,9.175606
24119,9.175606
24139,9.175606
24159,9.175606
24179,9.175606
24199,9.175606
24219,9.175606
24239,9.175606
24259,9.175606
24279,9.175606
24299,9.175606
24319,9.175606
24339,9.175606
24359,9.175606
24379,9.175606
24399,9.175606
24419,9.175606
24439,9.175606
24459,9.175606
24479,9.175606
24499,9.175606
24519,9.175606
24539,9.175606
24559,9.175606
24579,9.175606
24599,9.175606
24619,9.175606
24639,9.175606
24659,9.175606
24679,9.175606
24699,9.175606
24719,9.175606
24739,9.175606
24759,9.175606
24779,9.175606
24799,9.175606
24819,9.175606
24839,9.175606
24859,9.175606
24879,9.175606
24899,9.175606
24919,9.175606
24939,9.175606
24959,9.175606
24979,10.352527
24999,9.175606
25019,9.175606
25039,9.175606
25059,9.175606
25079,9.175606
25099,9.175606
25119,9.175606
25139,9.175606
25159,9.175606
25179,9.175606
25199,9.175606
25219,9.175606
25239,9.175606
25259,9.175606
25279,9.175606
25299,9.175606
25319,9.175606
25339,9.175606
25359,9.175606
25379,9.175606
25399,9.175606
25419,9.175606
25439,9.175606
25459,9.175606
25479,9.175606
25499,9.175606
25519,9.175606
25539,9.175606
25559,9.175606
25579,9.175606
25599,9.175606
25619,9.175606
25639,9.175606
25659,9.175606
25679,9.175606
25699,9.175606
25719,9.175606
25739,9.175606
25759,9.175606
25779,9.175606
25799,9.175606
25819,9.175606
25839,9.175606
25859,9.175606
25879,9.175606
25899,9.175606
25919,9.175606
25939,9.175606
25959,9.175606
25979,9.175606
25999,9.175606
26019,9.175606
26039,9.175606
26059,9.175606
26079,9.175606
26099,9.175606
26119,9.175606
26139,9.175606
26159,2.068068
26179,9.175606
26199,9.175606
26219,9.175606
26239,9.175606
26259,9.175606
26279,9.175606
26299,9.175606
26319,9.175606
26339,9.175606
26359,9.175606
26379,9.175606
26399,9.175606
26419,9.175606
26439,9.175606
26459,9.175606
26479,9.175606
26499,9.175606
26519,9.175606
26539,9.175606
26559,9.175606
26579,9.175606
26599,9.175606
26619,9.175606
26639,9.175606
26659,9.175606
26679,9.175606
26699,9.175606
26719,9.175606
26739,9.175606
26759,9.175606
26779,9.175606
26799,9.175606
26819,9.175606
26839,9.175606
26859,9.175606
26879,9.175606
26899,9.175606
26919,9.175606
26939,9.175606
26959,9.175606
26979,9.175606
26999,9.175606
27019,9.175606
27039,9.175606
27059,9.175606
27079,9.175606
27099,9.175606
27119,9.175606
27139,9.175606
27159,9.175606
27179,9.175606
27199,9.175606
27219,9.175606
27239,9.175606
27259,9.175606
27279,9.175606
27299,9.175606
27319,9.175606
27339,9.175606
27359,9.175606
27379,9.175606
27399,9.175606
27419,9.175606
27439,9.175606
27459,9.175606
27479,9.175606
27499,9.175606
27519,9.175606
27539,9.175606
27559,9.175606
27579,9.175606
27599,9.175606
27619,9.175606
27639,9.175606
27659,9.175606
27679,9.175606
27699,9.175606
27719,9.175606
27739,9.175606
27759,9.175606
27779,9.175606
27799,9.175606
27819,9.175606
27839,9.175606
27859,9.175606
27879,9.175606
27899,9.175606
27919,9.175606
27939,9.175606
27959,9.175606
27979,9.175606
27999,9.175606
28019,9.175606
28039,9.175606
28059,9.175606
28079,9.175606
28099,9.175606
28119,9.175606
28139,9.175606
28159,9.175606
28179,9.175606
28199,9.175606
28219,9.175606
28239,9.175606
28259,9.175606
28279,9.175606
28299,9.175606
28319,9.961213
28339,9.175606
28359,9.175606
28379,9.175606
28399,9.175606
28419,9.175606
28439,9.175606
28459,9.175606
28479,9.175606
28499,9.175606
28519,9.175606
28539,9.175606
28559,9.175606
28579,9.175606
28599,9.175606
28619,9.175606
28639,9.175606
28659,9.175606
28679,9.175606
28699,9.175606
28719,9.175606
28739,9.175606
28759,9.175606
28779,9.175606
28799,9.175606
28819,9.175606
28839,9.175606
28859,9.175606
28879,9.175606
28899,9.175606
28919,9.175606
28939,9.175606
28959,9.175606
28979,9.175606
28999,9.175606
29019,9.175606
29039,9.175606
29059,9.175606
29079,9.175606
29099,9.175606
29119,9.175606
29139,9.175606
29159,9.175606
29179,9.175606
29199,9.175606
29219,9.175606
29239,9.175606
29259,9.175606
29279,9.175606
29299,9.175606
29319,9.175606
29339,9.175606
29359,9.175606
29379,9.175606
29399,9.175606
29419,9.175606
29439,9.175606
29459,9.175606
29479,9.175606
29499,9.175606
29519,9.175606
29539,9.175606
29559,9.175606
29579,9.175606
29599,9.175606
29619,9.175606
29639,9.175606
29659,9.175606
29679,9.175606
29699,9.175606
29719,9.175606
29739,9.175606
29759,9.175606
29779,9.175606
29799,9.175606
29819,9.175606
29839,9.175606
29859,9.175606
29879,9.175606
29899,9.175606
29919,9.175606
29939,9.175606
29959,9.175606
29979,9.175606
29999,9.175606
30019,9.175606
30039,9.175606
30059,9.175606
30079,9.175606
30099,9.175606
30119,9.175606
30139,9.175606
30159,9.175606
30179,9.175606
30199,9.175606
30219,9.175606
30239,9.175606
30259,9.175606
30279,9.175606
30299,9.175606
30319,9.175606
30339,9.175606
30359,9.175606
30379,9.175606
30399,9.175606
30419,9.175606
30439,9.175606
30459,9.175606
30479,9.175606
30499,9.175606
30519,9.175606
30539,9.175606
30559,9.175606
30579,9.175606
30599,9.175606
30619,9.175606
30639,9.175606
30659,9.175606
30679,9.387477
30699,9.175606
30719,9.175606
30739,9.175606
30759,6.833370
30779,9.175606
30799,9.175606
30819,9.175606
30839,9.175606
30859,9.175606
30879,9.175606
30899,9.175606
30919,9.175606
30939,9.175606
30959,9.175606
30979,9.175606
30999,9.175606
31019,9.175606
31039,9.175606
31059,9.175606
31079,9.175606
31099,9.175606
31119,9.175606
31139,9.175606
31159,9.175606
31179,9.175606
31199,9.175606
31219,9.175606
31239,9.175606
31259,9.961213
31279,9.175606
31299,9.175606
31319,9.175606
31339,9.175606
31359,9.175606
31379,9.175606
31399,9.175606
31419,9.175606
31439,9.175606
31459,9.175606
31479,9.175606
31499,9.175606
31519,9.175606
31539,9.175606
31559,9.175606
31579,9.175606
31599,9.175606
31619,9.175606
31639,9.175606
31659,9.175606
31679,9.175606
31699,9.175606
31719,9.175606
31739,9.175606
31759,9.175606
31779,9.175606
31799,9.175606
31819,9.175606
31839,9.175606
31859,9.175606
31879,9.175606
31899,9.175606
31919,9.175606
31939,9.175606
31959,9.175606
31979,9.175606
31999,9.175606
32019,9.175606
32039,9.175606
32059,9.175606
32079,9.175606
32099,9.175606
32119,9.175606
32139,9.175606
32159,9.175606
32179,9.175606
32199,9.175606
32219,9.175606
32239,9.175606
32259,9.175606
32279,9.175606
32299,9.175606
32319,9.175606
32339,9.175606
32359,9.175606
32379,9.175606
32399,9.175606
32419,9.175606
32439,9.175606
32459,9.175606
32479,9.175606
32499,9.175606
32519,9.175606
32539,9.175606
32559,9.175606
32579,9.175606
32599,9.175606
32619,9.175606
32639,9.175606
32659,9.175606
32679,9.175606
32699,9.175606
32719,9.175606
32739,9.175606
32759,9.175606
32779,9.175606
32799,9.175606
32819,9.175606
32839,9.175606
32859,9.175606
32879,9.175606
32899,9.175606
32919,9.175606
32939,9.175606
32959,9.175606
32979,9.175606
32999,9.175606
33019,9.175606
33039,9.175606
33059,9.175606
33079,9.175606
33099,9.175606
33119,9.175606
33139,9.175606
33159,9.175606
33179,9.175606
33199,9.175606
33219,9.175606
33239,9.175606
33259,9.175606
33279,9.175606
33299,9.175606
33319,9.175606
33339,9.175606
33359,9.175606
33379,9.175606
33399,9.175606
33419,9.175606
33439,9.175606
33459,9.175606
33479,9.175606
33499,9.175606
33519,9.175606
33539,9.175606
33559,9.175606
33579,9.175606
33599,9.175606
33619,9.175606
33639,9.175606
33659,9.175606
33679,9.175606
33699,9.175606
33719,9.175606
33739,9.175606
33759,9.175606
33779,9.175606
33799,9.961213
33819,9.175606
33839,9.175606
33859,9.175606
33879,9.175606
33899,9.175606
33919,9.175606
33939,9.175606
33959,9.175606
33979,9.175606
33999,9.175606
34019,9.175606
34039,9.175606
34059,9.175606
34079,9.175606
34099,9.175606
34119,9.175606
34139,9.175606
34159,9.175606
34179,9.175606
34199,9.175606
34219,9.175606
34239,9.175606
34259,9.175606
34279,9.175606
34299,9.175606
34319,9.175606
34339,9.175606
34359,9.175606
34379,9.175606
34399,9.175606
34419,9.175606
34439,9.175606
34459,9.175606
34479,9.175606
34499,9.175606
34519,9.175606
34539,9.175606
34559,9.175606
34579,9.175606
34599,9.175606
34619,9.175606
34639,9.175606
34659,9.175606
34679,9.175606
34699,9.175606
34719,9.175606
34739,9.175606
34759,9.175606
34779,9.175606
34799,9.175606
34819,9.175606
34839,9.175606
34859,9.175606
34879,9.175606
34899,9.175606
34919,9.175606
34939,9.175606
34959,9.175606
34979,9.175606
34999,9.175606
35019,9.175606
35039,9.175606
35059,9.175606
35079,9.175606
35099,9.175606
35119,9.175606
35139,9.175606
35159,9.175606
35179,9.175606
35199,9.175606
35219,9.175606
35239,9.175606
35259,9.175606
35279,9.175606
35299,9.175606
35319,9.175606
35339,9.175606
35359,9.175606
35379,9.175606
35399,9.175606
35419,9.175606
35439,9.175606
35459,9.175606
35479,9.175606
35499,9.175606
35519,9.175606
35539,9.175606
35559,9.175606
35579,9.175606
35599,9.175606
35619,9.175606
35639,9.175606
35659,9.175606
35679,9.175606
35699,9.175606
35719,9.175606
35739,9.175606
35759,9.175606
35779,9.175606
35799,9.175606
35819,9.175606
35839,9.175606
35859,9.175606
35879,9.175606
35899,9.175606
35919,9.175606
35939,9.175606
35959,9.175606
35979,9.175606
35999,9.175606
36019,9.175606
36039,9.175606
36059,9.175606
36079,9.175606
36099,9.175606
36119,9.175606
36139,9.175606
36159,9.175606
36179,9.175606
36199,9.175606
36219,9.175606
36239,9.175606
36259,9.175606
36279,9.175606
36299,9.175606
36319,9.175606
36339,9.175606
36359,9.175606
36379,9.175606
36399,9.175606
36419,9.175606
36439,9.175606
36459,9.175606
36479,9.175606
36499,9.175606
36519,9.175606
36539,9.175606
36559,9.175606
36579,9.175606
36599,9.175606
36619,9.175606
36639,9.175606
36659,9.175606
36679,9.175606
36699,9.175606
36719,9.175606
36739,9.175606
36759,9.175606
36779,9.175606
36799,9.175606
36819,9.175606
36839,9.175606
36859,9.175606
36879,9.175606
36899,9.175606
36919,9.175606
36939,9.175606
36959,9.175606
36979,9.175606
36999,9.175606
37019,9.175606
37039,9.175606
37059,5.273661
37079,9.175606
37099,9.175606
37119,9.175606
37139,9.175606
37159,9.175606
37179,9.175606
37199,9.175606
37219,9.175606
37239,9.175606
37259,9.175606
37279,9.175606
37299,9.175606
37319,9.175606
37339,9.175606
37359,9.175606
37379,9.175606
37399,9.175606
37419,9.175606
37439,9.175606
37459,9.175606
37479,9.175606
37499,11.007149
37519,9.175606
37539,9.175606
37559,9.175606
37579,11.007149
37599,11.007149
37619,11.007149
37639,4.316935
37659,11.007149
37679,11.007149
37699,11.733885
37719,11.007149
37739,11.733885
37759,11.007149
37779,11.733885
37799,10.516652
37819,11.733885
37839,11.007149
37859,11.007149
37879,11.170025
37899,11.007149
37919,11.007149
37939,11.007149
37959,11.007149
37979,4.023095
37999,11.007149
38019,11.007149
38039,11.007149
38059,11.007149
38079,11.007149
38099,11.007149
38119,11.007149
38139,11.007149
38159,11.007149
38179,11.007149
38199,11.007149
38219,11.007149
38239,3.220584
38259,11.007149
38279,11.007149
38299,11.007149
38319,11.007149
38339,11.007149
38359,11.007149
38379,11.007149
38399,11.007149
38419,11.007149
38439,11.007149
38459,11.007149
38479,11.007149
38499,11.007149
38519,11.007149
38539,11.007149
38559,11.007149
38579,11.007149
38599,11.007149
38619,11.007149
38639,11.007149
38659,11.007149
38679,11.007149
38699,11.007149
38719,11.007149
38739,11.007149
38759,11.007149
38779,11.007149
38799,11.007149
38819,11.007149
38839,11.007149
38859,11.007149
38879,11.007149
38899,11.007149
38919,11.007149
38939,11.007149
38959,11.007149
38979,11.007149
38999,11.007149
39019,11.007149
39039,11.007149
39059,11.007149
39079,11.007149
39099,11.007149
39119,11.007149
39139,11.007149
39159,11.007149
39179,11.007149
39199,11.007149
39219,11.007149
39239,11.007149
39259,11.007149
39279,11.007149
39299,11.007149
39319,11.007149
39339,11.007149
39359,11.007149
39379,11.007149
39399,11.007149
39419,11.007149
39439,11.007149
39459,11.007149
39479,11.007149
39499,11.007149
39519,11.007149
39539,11.007149
39559,11.007149
39579,11.007149
39599,11.007149
39619,11.007149
39639,11.007149
39659,11.007149
39679,11.007149
39699,11.733885
39719,11.007149
39739,11.007149
39759,11.007149
39779,11.007149
39799,11.007149
39819,11.007149
39839,11.007149
39859,11.007149
39879,11.007149
39899,11.007149
39919,11.007149
39939,11.007149
39959,9.459075
39979,11.007149
39999,11.007149
40019,11.007149
40039,11.007149
40059,11.007149
40079,11.007149
40099,11.007149
40119,11.007149
40139,11.007149
40159,11.007149
40179,11.007149
40199,11.007149
40219,11.007149
40239,11.007149
40259,11.007149
40279,11.007149
40299,11.007149
40319,0.323698
40339,11.007149
40359,11.007149
40379,11.007149
40399,11.007149
40419,11.007149
40439,11.007149
40459,11.007149
40479,11.007149
40499,11.007149
40519,11.007149
40539,11.007149
40559,11.007149
40579,11.007149
40599,11.007149
40619,11.007149
40639,11.007149
40659,11.007149
40679,11.007149
40699,11.007149
40719,11.007149
40739,11.007149
40759,11.007149
40779,11.007149
40799,11.007149
40819,11.007149
40839,11.007149
40859,11.007149
40879,11.007149
40899,11.007149
40919,11.007149
40939,11.007149
40959,11.007149
40979,11.007149
40999,11.007149
41019,11.007149
41039,11.007149
41059,11.007149
41079,11.007149
41099,11.007149
41119,11.007149
41139,11.733885
41159,11.007149
41179,7.769742
41199,11.007149
41219,11.007149
41239,11.007149
41259,11.007149
41279,11.007149
41299,11.007149
41319,11.007149
41339,11.007149
41359,11.007149
41379,11.007149
41399,11.007149
41419,11.007149
41439,11.007149
41459,11.007149
41479,11.007149
41499,11.007149
41519,11.007149
41539,11.007149
41559,11.007149
41579,11.007149
41599,11.007149
41619,11.007149
41639,11.007149
41659,11.007149
41679,10.735302
41699,11.007149
41719,11.007149
41739,11.007149
41759,11.007149
41779,11.007149
41799,11.007149
41819,11.007149
41839,11.007149
41859,11.007149
41879,11.007149
41899,11.007149
41919,11.007149
41939,11.007149
41959,11.007149
41979,11.007149
41999,11.007149
42019,11.007149
42039,11.007149
42059,11.007149
42079,11.007149
42099,11.007149
42119,11.007149
42139,11.007149
42159,11.007149
42179,11.007149
42199,11.007149
42219,11.007149
42239,11.007149
42259,11.007149
42279,11.007149
42299,11.007149
42319,11.007149
42339,11.007149
42359,11.007149
42379,11.007149
42399,11.007149
42419,11.007149
42439,11.007149
42459,11.007149
42479,11.007149
42499,11.007149
42519,11.007149
42539,11.007149
42559,11.007149
42579,11.007149
42599,11.007149
42619,11.007149
42639,11.007149
42659,11.007149
42679,11.007149
42699,11.733885
42719,11.007149
42739,11.007149
42759,11.007149
42779,11.007149
42799,11.733885
42819,11.007149
42839,11.007149
42859,11.007149
42879,11.007149
42899,11.007149
42919,11.007149
42939,11.007149
42959,11.007149
42979,11.007149
42999,11.007149
43019,11.007149
43039,11.007149
43059,11.007149
43079,11.007149
43099,11.007149
43119,11.007149
43139,11.007149
43159,11.007149
43179,11.007149
43199,11.007149
43219,11.007149
43239,11.007149
43259,11.007149
43279,11.007149
43299,11.007149
43319,11.007149
43339,11.007149
43359,11.007149
43379,11.007149
43399,11.007149
43419,11.007149
43439,11.007149
43459,11.007149
43479,11.007149
43499,11.007149
43519,11.007149
43539,11.007149
43559,11.007149
43579,11.007149
43599,11.007149
43619,11.007149
43639,9.459075
43659,11.733885
43679,11.007149
43699,11.007149
43719,11.007149
43739,11.007149
43759,11.007149
43779,11.007149
43799,11.007149
43819,11.733885
43839,11.007149
43859,11.007149
43879,11.007149
43899,11.007149
43919,11.007149
43939,11.007149
43959,11.007149
43979,11.007149
43999,11.007149
44019,11.007149
44039,11.007149
44059,11.007149
44079,11.007149
44099,11.007149
44119,11.007149
44139,11.007149
44159,11.007149
44179,11.007149
44199,11.007149
44219,11.007149
44239,11.007149
44259,11.007149
44279,11.007149
44299,11.007149
44319,11.007149
44339,11.007149
44359,11.007149
44379,11.007149
44399,11.007149
44419,11.007149
44439,11.007149
44459,11.007149
44479,11.007149
44499,11.007149
44519,11.007149
44539,11.007149
44559,11.007149
44579,11.007149
44599,11.007149
44619,11.007149
44639,11.007149
44659,11.007149
44679,11.007149
44699,11.007149
44719,11.007149
44739,11.007149
44759,11.007149
44779,11.007149
44799,11.007149
44819,11.007149
44839,11.007149
44859,11.007149
44879,11.007149
44899,11.007149
44919,11.007149
44939,11.007149
44959,11.733885
44979,11.007149
44999,11.007149
45019,11.007149
45039,11.007149
45059,11.007149
45079,11.007149
45099,11.007149
45119,11.007149
45139,11.007149
45159,11.007149
45179,11.007149
45199,11.007149
45219,11.007149
45239,11.007149
45259,11.007149
45279,11.007149
45299,11.007149
45319,11.007149
45339,11.007149
45359,11.007149
45379,11.007149
45399,11.007149
45419,11.007149
45439,11.007149
45459,11.007149
45479,11.007149
45499,11.007149
45519,11.007149
45539,11.007149
45559,11.007149
45579,11.007149
45599,11.007149
45619,11.007149
45639,11.007149
45659,11.007149
45679,11.007149
45699,11.007149
45719,11.007149
45739,11.007149
45759,11.733885
45779,11.007149
45799,11.007149
45819,11.007149
45839,11.007149
45859,11.733885
45879,11.007149
45899,11.007149
45919,11.007149
45939,11.007149
45959,11.007149
45979,11.733885
45999,11.007149
46019,11.007149
46039,11.007149
46059,11.007149
46079,11.007149
46099,11.007149
46119,11.007149
46139,11.007149
46159,11.007149
46179,11.007149
46199,11.007149
46219,11.007149
46239,11.007149
46259,11.007149
46279,11.007149
46299,11.007149
46319,11.007149
46339,11.007149
46359,11.007149
46379,11.733885
46399,11.007149
46419,11.007149
46439,11.007149
46459,11.007149
46479,11.733885
46499,11.007149
46519,11.007149
46539,11.007149
46559,11.007149
46579,11.007149
46599,11.007149
46619,11.007149
46639,11.007149
46659,11.007149
46679,11.007149
46699,11.007149
46719,11.007149
46739,11.733885
46759,11.007149
46779,11.733885
46799,11.007149
46819,7.763907
46839,11.007149
46859,11.007149
46879,11.007149
46899,11.007149
46919,11.007149
46939,11.007149
46959,11.007149
46979,11.007149
46999,11.007149
47019,11.007149
47039,11.007149
47059,11.007149
47079,11.007149
47099,11.007149
47119,11.007149
47139,11.007149
47159,11.007149
47179,11.007149
47199,11.007149
47219,11.007149
47239,11.007149
47259,11.007149
47279,11.007149
47299,11.007149
47319,9.459075
47339,11.007149
47359,11.007149
47379,11.007149
47399,11.007149
47419,11.007149
47439,11.007149
47459,11.007149
47479,11.007149
47499,11.007149
47519,11.007149
47539,11.007149
47559,11.007149
47579,11.007149
47599,11.007149
47619,11.007149
47639,11.007149
47659,11.007149
47679,11.007149
47699,11.007149
47719,11.007149
47739,11.007149
47759,11.007149
47779,11.007149
47799,11.007149
47819,11.007149
47839,11.007149
47859,11.007149
47879,11.007149
47899,11.007149
47919,11.007149
47939,11.007149
47959,11.007149
47979,11.007149
47999,11.007149
48019,11.007149
48039,11.007149
48059,11.007149
48079,11.007149
48099,11.007149
48119,11.007149
48139,11.007149
48159,11.007149
48179,11.007149
48199,11.007149
48219,11.007149
48239,11.007149
48259,11.007149
48279,11.007149
48299,11.007149
48319,11.007149
48339,11.007149
48359,11.007149
48379,11.007149
48399,11.007149
48419,11.007149
48439,11.007149
48459,11.007149
48479,11.007149
48499,11.007149
48519,11.007149
48539,11.007149
48559,11.007149
48579,11.007149
48599,11.007149
48619,11.007149
48639,11.007149
48659,11.007149
48679,11.007149
48699,11.007149
48719,11.007149
48739,11.007149
48759,11.007149
48779,11.007149
48799,11.007149
48819,11.007149
48839,11.007149
48859,11.007149
48879,11.007149
48899,11.007149
48919,11.007149
48939,11.007149
48959,11.007149
48979,11.007149
48999,11.007149
49019,11.007149
49039,11.007149
49059,11.007149
49079,11.007149
49099,11.007149
49119,11.007149
49139,10.735302
49159,3.556343
49179,11.007149
49199,11.007149
49219,11.007149
49239,11.007149
49259,11.007149
49279,11.007149
49299,11.007149
49319,11.007149
49339,11.007149
49359,11.007149
49379,11.007149
49399,11.007149
49419,11.007149
49439,11.007149
49459,11.007149
49479,11.007149
49499,11.007149
49519,11.007149
49539,11.007149
49559,11.007149
49579,11.007149
49599,11.007149
49619,11.007149
49639,11.007149
49659,11.007149
49679,11.007149
49699,11.733885
49719,11.007149
49739,11.007149
49759,11.007149
49779,11.007149
49799,11.007149
49819,11.007149
49839,11.007149
49859,11.007149
49879,11.007149
49899,11.007149
49919,11.007149
49939,11.007149
49959,11.007149
49979,11.007149
49999,11.007149
50019,11.007149
50039,11.007149
50059,11.007149
50079,11.007149
50099,11.007149
50119,11.733885
50139,11.007149
50159,11.007149
50179,11.007149
50199,11.007149
50219,11.007149
50239,11.007149
50259,11.007149
50279,11.007149
50299,11.007149
50319,11.007149
50339,11.007149
50359,11.007149
50379,11.007149
50399,11.007149
50419,11.007149
50439,11.007149
50459,11.733885
50479,11.007149
50499,11.007149
50519,11.007149
50539,11.007149
50559,11.007149
50579,11.007149
50599,11.007149
50619,11.007149
50639,11.007149
50659,11.007149
50679,11.007149
50699,11.007149
50719,11.007149
50739,11.007149
50759,11.007149
50779,11.007149
50799,11.733885
50819,11.007149
50839,11.007149
50859,11.007149
50879,11.007149
50899,11.007149
50919,11.007149
50939,11.007149
50959,11.007149
50979,11.007149
50999,11.007149
51019,11.007149
51039,11.007149
51059,11.007149
51079,11.007149
51099,11.007149
51119,11.007149
51139,11.007149
51159,11.007149
51179,11.007149
51199,11.007149
51219,11.733885
51239,11.007149
51259,11.007149
51279,11.007149
51299,11.007149
51319,11.007149
51339,11.007149
51359,11.007149
51379,11.007149
51399,11.007149
51419,11.007149
51439,11.007149
51459,11.007149
51479,11.007149
51499,11.007149
51519,11.007149
51539,11.007149
51559,11.007149
51579,11.007149
51599,11.007149
51619,11.007149
51639,11.007149
51659,11.007149
51679,11.007149
51699,11.007149
51719,11.007149
51739,11.007149
51759,11.007149
51779,11.007149
51799,11.007149
51819,11.007149
51839,11.007149
51859,11.007149
51879,11.007149
51899,11.007149
51919,11.007149
51939,11.007149
51959,11.007149
51979,11.007149
51999,11.007149
52019,11.007149
52039,11.007149
52059,11.007149
52079,11.007149
52099,11.007149
52119,11.007149
52139,11.007149
52159,11.007149
52179,11.007149
52199,11.007149
52219,11.007149
52239,11.007149
52259,11.007149
52279,11.007149
52299,11.007149
52319,11.007149
52339,11.007149
52359,11.007149
52379,11.007149
52399,11.007149
52419,11.007149
52439,11.007149
52459,11.007149
52479,11.007149
52499,11.733885
52519,11.007149
52539,11.733885
52559,11.007149
52579,11.007149
52599,11.007149
52619,11.007149
52639,11.007149
52659,11.007149
52679,11.007149
52699,11.007149
52719,11.007149
52739,11.007149
52759,11.007149
52779,11.007149
52799,11.007149
52819,11.007149
52839,11.007149
52859,11.007149
52879,11.007149
52899,11.007149
52919,11.007149
52939,11.007149
52959,11.007149
52979,11.007149
52999,11.007149
53019,11.007149
53039,11.007149
53059,11.007149
53079,11.007149
53099,11.007149
53119,11.007149
53139,11.007149
53159,11.007149
53179,11.007149
53199,11.007149
53219,11.007149
53239,11.007149
53259,11.007149
53279,11.007149
53299,11.007149
53319,11.007149
53339,11.007149
53359,11.007149
53379,11.007149
53399,11.007149
53419,11.007149
53439,11.007149
53459,11.007149
53479,11.007149
53499,11.007149
53519,11.007149
53539,11.007149
53559,11.007149
53579,11.007149
53599,11.007149
53619,11.007149
53639,11.007149
53659,11.007149
53679,11.007149
53699,11.007149
53719,11.007149
53739,11.007149
53759,11.007149
53779,11.007149
53799,11.007149
53819,11.007149
53839,7.538366
53859,11.007149
53879,11.007149
53899,11.007149
53919,11.007149
53939,11.007149
53959,11.007149
53979,11.007149
53999,11.007149
54019,11.007149
54039,11.007149
54059,11.007149
54079,11.007149
54099,11.007149
54119,11.007149
54139,10.790351
54159,11.007149
54179,11.007149
54199,11.007149
54219,11.007149
54239,11.007149
54259,11.007149
54279,11.007149
54299,11.007149
54319,11.007149
54339,11.007149
54359,11.007149
54379,11.007149
54399,11.007149
54419,11.007149
54439,11.007149
54459,11.007149
54479,11.007149
54499,11.007149
54519,11.007149
54539,11.007149
54559,11.007149
54579,11.007149
54599,11.007149
54619,11.007149
54639,11.007149
54659,11.007149
54679,11.007149
54699,11.007149
54719,11.007149
54739,11.007149
54759,11.007149
54779,11.007149
54799,11.007149
54819,11.007149
54839,11.007149
54859,11.007149
54879,11.007149
54899,11.007149
54919,11.007149
54939,11.007149
54959,11.007149
54979,11.007149
54999,11.007149
55019,11.007149
55039,11.007149
55059,11.007149
55079,11.007149
55099,11.007149
55119,11.007149
55139,11.007149
55159,11.007149
55179,11.007149
55199,9.831579
55219,11.007149
55239,11.007149
55259,11.007149
55279,11.007149
55299,11.007149
55319,11.007149
55339,11.007149
55359,11.007149
55379,11.007149
55399,11.007149
55419,11.733885
55439,11.007149
55459,11.007149
55479,11.733885
55499,11.007149
55519,11.007149
55539,11.007149
55559,11.007149
55579,11.007149
55599,11.007149
55619,11.007149
55639,11.007149
55659,11.007149
55679,11.007149
55699,11.007149
55719,11.007149
55739,11.007149
55759,11.007149
55779,11.007149
55799,11.007149
55819,11.007149
55839,11.007149
55859,11.007149
55879,11.007149
55899,11.007149
55919,11.007149
55939,11.007149
55959,11.007149
55979,11.007149
55999,11.007149
56019,11.007149
56039,11.007149
56059,11.007149
56079,11.007149
56099,11.007149
56119,11.007149
56139,11.007149
56159,11.007149
56179,11.007149
56199,11.007149
56219,11.007149
56239,11.007149
56259,11.007149
56279,11.007149
56299,11.007149
56319,11.007149
56339,11.007149
56359,11.007149
56379,11.007149
56399,11.007149
56419,11.007149
56439,11.007149
56459,11.007149
56479,11.007149
56499,11.007149
56519,11.007149
56539,11.007149
56559,11.007149
56579,11.007149
56599,11.007149
56619,11.007149
56639,11.007149
56659,11.007149
56679,11.007149
56699,11.007149
56719,11.007149
56739,11.007149
56759,11.007149
56779,11.007149
56799,11.007149
56819,11.007149
56839,11.007149
56859,11.007149
56879,11.007149
56899,11.007149
56919,11.007149
56939,11.007149
56959,11.007149
56979,11.007149
56999,11.007149
57019,11.007149
57039,11.007149
57059,11.007149
57079,11.007149
57099,11.007149
57119,11.007149
57139,11.007149
57159,11.007149
57179,11.007149
57199,11.007149
57219,11.007149
57239,11.007149
57259,11.007149
57279,11.007149
57299,11.007149
57319,11.007149
57339,11.007149
57359,11.007149
57379,11.007149
57399,11.007149
57419,11.007149
57439,11.007149
57459,11.007149
57479,11.007149
57499,11.007149
57519,11.007149
57539,11.007149
57559,11.007149
57579,11.007149
57599,11.007149
57619,11.007149
57639,11.007149
57659,11.007149
57679,11.007149
57699,11.007149
57719,11.007149
57739,11.007149
57759,11.007149
57779,11.007149
57799,11.007149
57819,11.007149
57839,11.007149
57859,11.007149
57879,11.007149
57899,11.007149
57919,11.007149
57939,11.007149
57959,11.007149
57979,11.007149
57999,11.007149
58019,11.007149
58039,11.007149
58059,11.007149
58079,11.007149
58099,11.007149
58119,11.007149
58139,11.007149
58159,11.007149
58179,11.007149
58199,11.007149
58219,11.007149
58239,11.007149
58259,11.007149
58279,11.007149
58299,11.007149
58319,11.007149
58339,11.007149
58359,11.007149
58379,11.007149
58399,11.007149
58419,11.007149
58439,11.007149
58459,11.007149
58479,-10.606760
58499,11.007149
58519,11.007149
58539,11.007149
58559,11.007149
58579,11.007149
58599,11.007149
58619,11.007149
58639,11.007149
58659,11.007149
58679,11.007149
58699,11.007149
58719,11.007149
58739,11.007149
58759,11.007149
58779,11.007149
58799,11.007149
58819,11.007149
58839,11.007149
58859,11.007149
58879,11.007149
58899,11.007149
58919,11.007149
58939,11.007149
58959,11.007149
58979,11.007149
58999,11.007149
59019,11.007149
59039,11.007149
59059,11.007149
59079,11.007149
59099,11.007149
59119,11.007149
59139,11.007149
59159,11.007149
59179,11.007149
59199,11.007149
59219,11.007149
59239,11.007149
59259,11.007149
59279,11.007149
59299,11.007149
59319,11.007149
59339,11.007149
59359,11.007149
59379,11.007149
59399,11.007149
59419,11.007149
59439,11.007149
59459,11.007149
59479,11.007149
59499,11.007149
59519,11.007149
59539,11.007149
59559,11.007149
59579,11.007149
59599,11.007149
59619,11.007149
59639,11.007149
59659,11.007149
59679,11.007149
59699,11.007149
59719,11.007149
59739,11.007149
59759,11.007149
59779,11.007149
59799,11.007149
59819,11.007149
59839,11.007149
59859,11.007149
59879,11.007149
59899,11.007149
59919,11.007149
59939,11.007149
59959,11.007149
59979,11.007149
59999,11.007149
60019,11.007149
60039,11.007149
60059,11.007149
60079,11.007149
60099,11.007149
60119,11.007149
60139,11.007149
60159,11.007149
60179,11.007149
60199,11.007149
60219,11.007149
60239,11.007149
60259,11.007149
60279,11.007149
60299,11.007149
60319,11.007149
60339,11.007149
60359,11.007149
60379,11.007149
60399,11.007149
60419,11.007149
60439,11.007149
60459,11.007149
60479,11.007149
60499,11.007149
60519,11.007149
60539,11.007149
60559,11.007149
60579,11.007149
60599,11.007149
60619,11.007149
60639,11.007149
60659,11.007149
60679,11.007149
60699,11.007149
60719,11.007149
60739,11.007149
60759,11.007149
60779,11.007149
60799,11.007149
60819,11.007149
60839,11.007149
60859,11.007149
60879,11.007149
60899,11.007149
60919,11.007149
60939,11.007149
60959,11.007149
60979,11.007149
60999,11.007149
61019,11.007149
61039,11.007149
61059,11.007149
61079,11.007149
61099,11.007149
61119,11.007149
61139,11.007149
61159,11.007149
61179,11.007149
61199,11.007149
61219,11.007149
61239,11.007149
61259,11.007149
61279,11.007149
61299,11.007149
61319,11.007149
61339,11.007149
61359,11.007149
61379,11.007149
61399,11.007149
61419,11.007149
61439,11.007149
61459,11.007149
61479,11.007149
61499,11.007149
61519,11.007149
61539,11.007149
61559,11.007149
61579,11.007149
61599,11.007149
61619,11.007149
61639,11.007149
61659,11.007149
61679,11.007149
61699,11.007149
61719,11.007149
61739,11.007149
61759,11.007149
61779,11.007149
61799,11.007149
61819,11.007149
61839,11.007149
61859,11.007149
61879,11.007149
61899,11.007149
61919,11.007149
61939,11.007149
61959,11.007149
61979,11.007149
61999,11.007149
62019,11.007149
62039,11.007149
62059,11.007149
62079,11.007149
62099,11.007149
62119,11.007149
62139,11.007149
62159,11.007149
62179,11.007149
62199,11.007149
62219,11.007149
62239,11.007149
62259,11.007149
62279,11.007149
62299,11.007149
62319,11.007149
62339,11.007149
62359,11.007149
62379,11.007149
62399,11.007149
62419,11.007149
62439,11.007149
62459,11.007149
62479,11.007149
62499,11.007149
62519,11.007149
62539,11.007149
62559,11.007149
62579,11.007149
62599,11.007149
62619,11.007149
62639,11.007149
62659,11.007149
62679,11.007149
62699,11.007149
62719,11.007149
62739,11.007149
62759,11.007149
62779,11.007149
62799,11.007149
62819,11.007149
62839,11.007149
62859,11.007149
62879,11.007149
62899,11.007149
62919,11.007149
62939,11.007149
62959,11.007149
62979,11.007149
62999,11.007149
63019,11.007149
63039,11.007149
63059,11.007149
63079,11.007149
63099,11.007149
63119,11.007149
63139,11.007149
63159,11.007149
63179,11.007149
63199,11.007149
63219,11.007149
63239,11.007149
63259,11.007149
63279,11.007149
63299,11.007149
63319,11.007149
63339,11.007149
63359,11.007149
63379,11.007149
63399,11.007149
63419,11.007149
63439,11.007149
63459,11.007149
63479,11.007149
63499,11.007149
63519,11.007149
63539,11.007149
63559,11.007149
63579,11.007149
63599,11.007149
63619,11.007149
63639,11.007149
63659,11.007149
63679,11.007149
63699,11.007149
63719,11.007149
63739,11.007149
63759,11.007149
63779,11.007149
63799,11.007149
63819,11.007149
63839,11.007149
63859,11.007149
63879,11.007149
63899,11.007149
63919,11.007149
63939,11.007149
63959,11.007149
63979,11.007149
63999,11.007149
64019,11.007149
64039,11.007149
64059,11.007149
64079,11.007149
64099,11.007149
64119,11.007149
64139,11.007149
64159,11.007149
64179,11.007149
64199,11.007149
64219,11.007149
64239,11.007149
64259,11.007149
64279,11.007149
64299,11.007149
64319,11.007149
64339,11.007149
64359,11.007149
64379,11.007149
64399,11.007149
64419,11.007149
64439,11.007149
64459,11.007149
64479,11.007149
64499,11.007149
64519,11.007149
64539,11.007149
64559,11.007149
64579,11.007149
64599,11.007149
64619,11.007149
64639,11.007149
64659,11.007149
64679,11.007149
64699,11.007149
64719,11.007149
64739,11.007149
64759,11.007149
64779,11.007149
64799,11.007149
64819,11.007149
64839,11.007149
64859,3.196523
64879,11.007149
64899,11.007149
64919,11.007149
64939,11.007149
64959,11.007149
64979,11.007149
64999,11.007149
65019,11.007149
65039,11.007149
65059,11.007149
65079,11.007149
65099,11.007149
65119,11.007149
65139,11.007149
65159,11.007149
65179,11.007149
65199,11.007149
65219,11.007149
65239,11.007149
65259,11.007149
65279,11.007149
65299,11.007149
65319,11.007149
65339,11.007149
65359,11.007149
65379,11.007149
65399,11.007149
65419,11.007149
65439,11.007149
65459,11.007149
65479,11.007149
65499,11.007149
65519,11.007149
65539,11.007149
65559,11.007149
65579,11.007149
65599,11.007149
65619,11.007149
65639,11.007149
65659,11.007149
65679,11.007149
65699,11.007149
65719,11.007149
65739,11.007149
65759,11.007149
65779,11.007149
65799,11.007149
65819,11.007149
65839,11.007149
65859,11.007149
65879,11.007149
65899,11.007149
65919,11.007149
65939,11.007149
65959,11.007149
65979,11.007149
65999,11.007149
66019,11.007149
66039,11.007149
66059,11.007149
66079,11.007149
66099,11.007149
66119,11.007149
66139,11.007149
66159,11.007149
66179,11.007149
66199,11.007149
66219,11.007149
66239,11.007149
66259,11.007149
66279,11.007149
66299,11.007149
66319,11.007149
66339,11.007149
66359,11.007149
66379,11.007149
66399,11.007149
66419,11.007149
66439,11.007149
66459,11.007149
66479,11.007149
66499,11.007149
66519,11.007149
66539,11.007149
66559,11.007149
66579,11.007149
66599,11.007149
66619,11.007149
66639,11.007149
66659,11.007149
66679,11.007149
66699,11.007149
66719,11.007149
66739,11.007149
66759,11.007149
66779,11.007149
66799,11.007149
66819,11.007149
66839,11.007149
66859,11.007149
66879,11.007149
66899,11.007149
66919,11.007149
66939,11.007149
66959,11.007149
66979,11.007149
66999,11.007149
67019,11.007149
67039,11.007149
67059,11.007149
67079,11.007149
67099,11.007149
67119,11.007149
67139,11.007149
67159,11.007149
67179,11.007149
67199,11.007149
67219,11.007149
67239,11.007149
67259,11.007149
67279,11.007149
67299,11.007149
67319,11.007149
67339,11.007149
67359,11.007149
67379,11.007149
67399,11.007149
67419,11.007149
67439,11.007149
67459,11.007149
67479,11.007149
67499,11.007149
67519,11.007149
67539,11.007149
67559,11.007149
67579,11.007149
67599,11.007149
67619,11.007149
67639,11.007149
67659,11.007149
67679,11.007149
67699,11.007149
67719,11.007149
67739,11.007149
67759,11.007149
67779,11.007149
67799,11.007149
67819,11.007149
67839,11.007149
67859,11.007149
67879,11.007149
67899,11.007149
67919,11.007149
67939,11.007149
67959,11.007149
67979,11.007149
67999,11.007149
68019,11.007149
68039,11.007149
68059,11.007149
68079,11.007149
68099,11.007149
68119,11.007149
68139,11.007149
68159,11.007149
68179,11.007149
68199,11.007149
68219,11.007149
68239,11.007149
68259,11.007149
68279,11.007149
68299,11.007149
68319,11.007149
68339,11.007149
68359,11.007149
68379,11.007149
68399,11.007149
68419,11.007149
68439,11.007149
68459,11.007149
68479,11.007149
68499,11.007149
68519,11.007149
68539,11.007149
68559,11.007149
68579,11.007149
68599,11.007149
68619,11.007149
68639,11.007149
68659,11.007149
68679,11.007149
68699,11.007149
68719,11.007149
68739,11.007149
68759,11.007149
68779,11.007149
68799,11.007149
68819,11.007149
68839,11.007149
68859,11.007149
68879,11.007149
68899,11.007149
68919,11.007149
68939,11.007149
68959,11.007149
68979,11.007149
68999,11.007149
69019,11.007149
69039,11.007149
69059,11.007149
69079,11.007149
69099,11.007149
69119,11.007149
69139,11.007149
69159,11.007149
69179,11.007149
69199,11.007149
69219,11.007149
69239,11.007149
69259,11.007149
69279,11.007149
69299,11.007149
69319,11.007149
69339,11.007149
69359,11.007149
69379,11.007149
69399,11.007149
69419,11.007149
69439,11.007149
69459,11.007149
69479,11.007149
69499,11.007149
69519,11.007149
69539,11.007149
69559,11.007149
69579,11.007149
69599,11.007149
69619,11.007149
69639,11.007149
69659,11.007149
69679,11.007149
69699,11.007149
69719,11.007149
69739,11.007149
69759,11.007149
69779,11.007149
69799,11.007149
69819,11.007149
69839,11.007149
69859,11.007149
69879,11.007149
69899,11.007149
69919,11.007149
69939,11.007149
69959,11.007149
69979,11.007149
69999,11.007149
70019,11.007149
70039,11.007149
70059,11.007149
70079,11.007149
70099,11.007149
70119,11.007149
70139,11.007149
70159,11.007149
70179,11.007149
70199,11.007149
70219,11.007149
70239,11.007149
70259,11.007149
70279,11.007149
70299,11.007149
70319,11.007149
70339,11.007149
70359,11.007149
70379,11.007149
70399,11.007149
70419,11.007149
70439,11.007149
70459,11.007149
70479,11.007149
70499,11.007149
70519,11.007149
70539,11.007149
70559,11.007149
70579,11.007149
70599,11.007149
70619,11.007149
70639,11.007149
70659,11.007149
70679,11.007149
70699,11.007149
70719,11.007149
70739,11.007149
70759,11.007149
70779,11.007149
70799,11.007149
70819,11.007149
70839,11.007149
70859,11.007149
70879,11.007149
70899,11.007149
70919,11.007149
70939,11.007149
70959,11.007149
70979,11.007149
70999,11.007149
71019,11.007149
71039,11.007149
71059,11.007149
71079,11.007149
71099,11.007149
71119,11.007149
71139,11.007149
71159,11.007149
71179,11.007149
71199,11.007149
71219,11.007149
71239,11.007149
71259,11.007149
71279,11.007149
71299,11.007149
71319,11.007149
71339,11.007149
71359,11.007149
71379,11.007149
71399,11.007149
71419,11.007149
71439,11.007149
71459,11.007149
71479,11.007149
71499,11.007149
71519,11.007149
71539,6.880397
71559,11.007149
71579,9.379254
71599,11.007149
71619,11.007149
71639,11.007149
71659,11.007149
71679,11.007149
71699,11.007149
71719,11.007149
71739,11.007149
71759,11.007149
71779,11.170025
71799,11.007149
71819,11.007149
71839,11.007149
71859,11.007149
71879,11.007149
71899,11.007149
71919,11.007149
71939,11.007149
71959,11.007149
71979,11.007149
71999,11.007149
72019,11.007149
72039,11.007149
72059,11.007149
72079,11.007149
72099,11.007149
72119,11.007149
72139,11.007149
72159,11.007149
72179,11.007149
72199,11.007149
72219,11.007149
72239,11.007149
72259,11.007149
72279,11.007149
72299,11.007149
72319,11.007149
72339,11.007149
72359,11.007149
72379,11.007149
72399,11.007149
72419,11.007149
72439,11.007149
72459,11.007149
72479,11.007149
72499,11.007149
72519,11.007149
72539,11.007149
72559,11.007149
72579,11.007149
72599,11.007149
72619,11.007149
72639,11.007149
72659,11.007149
72679,11.007149
72699,11.007149
72719,11.007149
72739,11.007149
72759,11.007149
72779,11.007149
72799,11.007149
72819,11.007149
72839,11.007149
72859,11.007149
72879,11.007149
72899,11.007149
72919,11.007149
72939,11.007149
72959,11.007149
72979,11.007149
72999,11.007149
73019,11.007149
73039,11.007149
73059,11.007149
73079,11.007149
73099,11.007149
73119,11.007149
73139,11.007149
73159,11.007149
73179,11.007149
73199,11.007149
73219,11.007149
73239,11.007149
73259,11.007149
73279,11.007149
73299,11.007149
73319,11.007149
73339,11.007149
73359,11.007149
73379,11.007149
73399,11.007149
73419,11.007149
73439,11.007149
73459,11.007149
73479,11.007149
73499,11.007149
73519,11.007149
73539,11.007149
73559,11.007149
73579,11.007149
73599,11.007149
73619,11.007149
73639,11.007149
73659,11.007149
73679,11.007149
73699,11.007149
73719,11.007149
73739,11.007149
73759,11.007149
73779,11.007149
73799,11.007149
73819,11.007149
73839,11.007149
73859,11.007149
73879,11.007149
73899,11.007149
73919,11.007149
73939,11.007149
73959,11.007149
73979,11.007149
73999,11.007149
74019,11.007149
74039,11.007149
74059,11.007149
74079,11.007149
74099,11.007149
74119,11.007149
74139,11.007149
74159,11.007149
74179,11.007149
74199,11.007149
74219,11.007149
74239,11.007149
74259,11.007149
74279,11.007149
74299,11.007149
74319,11.007149
74339,11.007149
74359,11.007149
74379,11.007149
74399,11.007149
74419,11.007149
74439,11.007149
74459,11.007149
74479,11.007149
74499,11.007149
74519,11.007149
74539,11.007149
74559,11.007149
74579,11.007149
74599,11.007149
74619,11.007149
74639,11.007149
74659,11.007149
74679,11.007149
74699,11.007149
74719,11.007149
74739,11.007149
74759,11.007149
74779,11.007149
74799,11.007149
74819,11.007149
74839,11.007149
74859,11.007149
74879,11.007149
74899,11.007149
74919,11.007149
74939,11.007149
74959,11.007149
74979,11.007149
74999,11.007149
75019,11.007149
75039,11.007149
75059,11.007149
75079,11.007149
75099,11.007149
75119,11.007149
75139,11.007149
75159,11.007149
75179,11.007149
75199,11.007149
75219,11.007149
75239,11.007149
75259,11.007149
75279,11.007149
75299,11.007149
75319,11.007149
75339,11.007149
75359,11.007149
75379,11.007149
75399,11.007149
75419,11.007149
75439,11.007149
75459,11.007149
75479,11.007149
75499,11.007149
75519,11.007149
75539,11.007149
75559,11.007149
75579,11.007149
75599,11.007149
75619,11.007149
75639,11.007149
75659,11.007149
75679,11.007149
75699,11.007149
75719,11.007149
75739,11.007149
75759,11.007149
75779,11.007149
75799,11.007149
75819,11.007149
75839,11.007149
75859,11.007149
75879,11.007149
75899,11.007149
75919,11.007149
75939,11.007149
75959,11.007149
75979,11.007149
75999,11.007149
76019,11.007149
76039,11.007149
76059,11.007149
76079,11.007149
76099,11.007149
76119,11.007149
76139,11.007149
76159,11.007149
76179,11.007149
76199,11.007149
76219,11.007149
76239,11.007149
76259,11.007149
76279,11.007149
76299,11.007149
76319,11.007149
76339,11.007149
76359,11.007149
76379,11.007149
76399,11.007149
76419,11.007149
76439,11.007149
76459,11.007149
76479,11.007149
76499,11.007149
76519,11.007149
76539,11.007149
76559,11.007149
76579,11.007149
76599,11.007149
76619,11.007149
76639,11.007149
76659,11.007149
76679,11.007149
76699,11.007149
76719,11.007149
76739,11.007149
76759,11.007149
76779,11.007149
76799,11.007149
76819,11.007149
76839,11.007149
76859,11.007149
76879,11.007149
76899,11.007149
76919,11.007149
76939,11.007149
76959,11.007149
76979,11.007149
76999,11.007149
77019,11.007149
77039,11.007149
77059,11.007149
77079,11.007149
77099,11.007149
77119,11.007149
77139,11.007149
77159,11.007149
77179,11.007149
77199,11.007149
77219,11.007149
77239,11.007149
77259,11.007149
77279,11.007149
77299,11.007149
77319,11.007149
77339,11.007149
77359,11.007149
77379,11.007149
77399,11.007149
77419,11.007149
77439,11.007149
77459,11.007149
77479,11.007149
77499,11.007149
77519,11.007149
77539,11.007149
77559,11.007149
77579,11.007149
77599,11.007149
77619,11.007149
77639,11.007149
77659,11.007149
77679,11.007149
77699,11.007149
77719,11.007149
77739,11.007149
77759,11.007149
77779,11.007149
77799,11.007149
77819,11.007149
77839,11.007149
77859,11.007149
77879,11.007149
77899,11.007149
77919,11.007149
77939,11.007149
77959,11.007149
77979,11.007149
77999,11.007149
78019,11.007149
78039,11.007149
78059,11.007149
78079,11.007149
78099,11.007149
78119,11.007149
78139,11.007149
78159,11.007149
78179,11.007149
78199,11.007149
78219,11.007149
78239,11.007149
78259,11.007149
78279,11.007149
78299,11.007149
78319,11.007149
78339,11.007149
78359,11.007149
78379,11.007149
78399,11.007149
78419,11.007149
78439,11.007149
78459,11.007149
78479,11.007149
78499,11.007149
78519,11.007149
78539,11.007149
78559,11.007149
78579,11.007149
78599,11.007149
78619,11.007149
78639,11.007149
78659,11.007149
78679,11.007149
78699,11.007149
78719,11.007149
78739,11.007149
78759,11.007149
78779,11.007149
78799,11.007149
78819,9.379254
78839,11.007149
78859,11.007149
78879,11.007149
78899,11.007149
78919,11.007149
78939,11.007149
78959,11.007149
78979,11.007149
78999,11.007149
79019,11.007149
79039,11.007149
79059,11.007149
79079,11.007149
79099,11.007149
79119,11.007149
79139,11.007149
79159,11.007149
79179,11.007149
79199,11.007149
79219,11.007149
79239,11.007149
79259,11.007149
79279,11.007149
79299,11.007149
79319,11.007149
79339,11.007149
79359,11.007149
79379,11.007149
79399,11.007149
79419,11.007149
79439,11.007149
79459,11.007149
79479,11.007149
79499,11.007149
79519,11.007149
79539,11.007149
79559,11.007149
79579,11.007149
79599,11.007149
79619,11.007149
79639,11.007149
79659,11.007149
79679,11.007149
79699,11.007149
79719,11.007149
79739,11.007149
79759,11.007149
79779,11.007149
79799,11.007149
79819,11.007149
79839,11.007149
79859,11.007149
79879,11.007149
79899,11.007149
79919,11.007149
79939,11.007149
79959,11.007149
79979,11.007149
79999,11.007149
80019,11.007149
80039,11.007149
80059,11.007149
80079,11.007149
80099,11.007149
80119,11.007149
80139,11.007149
80159,11.007149
80179,11.007149
80199,11.007149
80219,11.007149
80239,11.007149
80259,11.007149
80279,11.007149
80299,11.007149
80319,11.007149
80339,11.007149
80359,11.007149
80379,11.007149
80399,11.007149
80419,11.007149
80439,11.007149
80459,11.007149
80479,11.007149
80499,11.007149
80519,11.007149
80539,11.007149
80559,11.007149
80579,11.007149
80599,11.007149
80619,11.007149
80639,11.007149
80659,11.007149
80679,11.007149
80699,11.007149
80719,11.007149
80739,11.007149
80759,11.007149
80779,11.007149
80799,11.007149
80819,11.007149
80839,11.007149
80859,11.007149
80879,11.007149
80899,11.007149
80919,11.007149
80939,11.007149
80959,11.007149
80979,11.007149
80999,11.007149
81019,11.007149
81039,11.007149
81059,11.007149
81079,11.007149
81099,11.007149
81119,11.007149
81139,11.007149
81159,11.007149
81179,11.007149
81199,11.007149
81219,11.007149
81239,11.007149
81259,11.007149
81279,11.007149
81299,11.007149
81319,11.007149
81339,11.007149
81359,11.007149
81379,11.007149
81399,11.007149
81419,11.007149
81439,11.007149
81459,11.007149
81479,11.007149
81499,11.007149
81519,11.007149
81539,11.007149
81559,11.007149
81579,11.007149
81599,11.007149
81619,11.007149
81639,11.007149
81659,11.007149
81679,11.007149
81699,11.007149
81719,11.007149
81739,11.007149
81759,11.007149
81779,11.007149
81799,11.007149
81819,11.007149
81839,11.007149
81859,11.007149
81879,11.007149
81899,11.007149
81919,11.007149
81939,11.007149
81959,11.007149
81979,11.007149
81999,11.007149
82019,11.007149
82039,11.007149
82059,11.007149
82079,11.007149
82099,11.007149
82119,11.007149
82139,11.007149
82159,11.007149
82179,11.007149
82199,11.007149
82219,11.007149
82239,11.007149
82259,11.007149
82279,11.007149
82299,11.007149
82319,11.007149
82339,11.007149
82359,11.007149
82379,11.007149
82399,11.007149
82419,11.007149
82439,11.007149
82459,11.007149
82479,11.007149
82499,11.007149
82519,11.007149
82539,11.007149
82559,11.007149
82579,11.007149
82599,11.007149
82619,11.007149
82639,11.007149
82659,11.007149
82679,11.007149
82699,11.007149
82719,11.007149
82739,11.007149
82759,11.007149
82779,11.007149
82799,11.007149
82819,11.007149
82839,11.007149
82859,11.007149
82879,11.007149
82899,11.007149
82919,11.007149
82939,11.007149
82959,11.007149
82979,11.007149
82999,11.007149
83019,11.007149
83039,11.007149
83059,11.007149
83079,11.007149
83099,11.007149
83119,11.007149
83139,11.007149
83159,11.007149
83179,11.007149
83199,11.007149
83219,11.007149
83239,11.007149
83259,11.007149
83279,11.007149
83299,11.007149
83319,11.007149
83339,11.007149
83359,11.007149
83379,11.007149
83399,11.007149
83419,11.007149
83439,11.007149
83459,11.007149
83479,11.007149
83499,11.007149
83519,11.007149
83539,11.007149
83559,11.007149
83579,11.007149
83599,11.007149
83619,11.007149
83639,11.007149
83659,11.007149
83679,11.007149
83699,11.007149
83719,11.007149
83739,11.007149
83759,11.007149
83779,11.007149
83799,11.007149
83819,11.007149
83839,11.007149
83859,11.007149
83879,11.007149
83899,11.007149
83919,11.007149
83939,11.007149
83959,11.007149
83979,11.007149
83999,11.007149
84019,11.007149
84039,11.007149
84059,11.007149
84079,11.007149
84099,11.007149
84119,11.007149
84139,11.007149
84159,11.007149
84179,11.007149
84199,11.007149
84219,11.007149
84239,11.007149
84259,11.007149
84279,11.007149
84299,11.007149
84319,11.007149
84339,11.007149
84359,11.007149
84379,11.007149
84399,11.007149
84419,11.007149
84439,11.007149
84459,11.007149
84479,11.007149
84499,11.007149
84519,11.007149
84539,11.007149
84559,11.007149
84579,11.007149
84599,11.007149
84619,11.007149
84639,11.007149
84659,11.007149
84679,11.007149
84699,11.007149
84719,11.007149
84739,11.007149
84759,11.007149
84779,11.007149
84799,11.007149
84819,11.007149
84839,11.007149
84859,11.007149
84879,11.007149
84899,11.007149
84919,11.007149
84939,11.007149
84959,11.007149
84979,11.007149
84999,11.007149
85019,11.007149
85039,11.007149
85059,11.007149
85079,11.007149
85099,11.007149
85119,11.007149
85139,11.007149
85159,11.007149
85179,11.007149
85199,11.007149
85219,11.007149
85239,11.007149
85259,11.007149
85279,11.007149
85299,11.007149
85319,11.007149
85339,11.007149
85359,11.007149
85379,11.007149
85399,11.007149
85419,11.007149
85439,11.007149
85459,11.007149
85479,11.007149
85499,11.007149
85519,11.007149
85539,11.007149
85559,11.007149
85579,11.007149
85599,11.007149
85619,11.007149
85639,11.007149
85659,11.007149
85679,11.007149
85699,11.007149
85719,11.007149
85739,11.007149
85759,11.007149
85779,11.007149
85799,11.007149
85819,11.007149
85839,11.007149
85859,11.007149
85879,11.007149
85899,11.007149
85919,11.007149
85939,11.007149
85959,11.007149
85979,11.007149
85999,11.007149
86019,11.007149
86039,11.007149
86059,11.007149
86079,11.007149
86099,11.007149
86119,11.007149
86139,11.007149
86159,11.007149
86179,11.007149
86199,11.007149
86219,11.007149
86239,11.007149
86259,11.007149
86279,11.007149
86299,11.007149
86319,4.695172
86339,11.007149
86359,11.007149
86379,11.007149
86399,11.007149
86419,11.007149
86439,11.007149
86459,11.007149
86479,11.007149
86499,11.007149
86519,11.007149
86539,11.007149
86559,11.007149
86579,11.007149
86599,11.007149
86619,11.007149
86639,11.007149
86659,11.007149
86679,11.007149
86699,11.007149
86719,11.007149
86739,11.007149
86759,11.007149
86779,11.007149
86799,11.007149
86819,11.007149
86839,11.007149
86859,11.007149
86879,11.007149
86899,11.007149
86919,11.007149
86939,11.007149
86959,11.007149
86979,11.007149
86999,11.007149
87019,11.007149
87039,11.007149
87059,11.007149
87079,11.007149
87099,11.007149
87119,11.007149
87139,11.007149
87159,11.007149
87179,11.007149
87199,11.007149
87219,11.007149
87239,11.007149
87259,11.007149
87279,11.007149
87299,11.007149
87319,11.007149
87339,11.007149
87359,11.007149
87379,11.007149
87399,11.007149
87419,11.007149
87439,11.007149
87459,11.007149
87479,11.007149
87499,11.007149
87519,11.007149
87539,11.007149
87559,11.007149
87579,11.007149
87599,11.007149
87619,11.007149
87639,11.007149
87659,11.007149
87679,11.007149
87699,11.007149
87719,11.007149
87739,11.007149
87759,11.007149
87779,11.007149
87799,11.007149
87819,11.007149
87839,11.007149
87859,11.007149
87879,11.007149
87899,11.007149
87919,11.007149
87939,11.007149
87959,11.007149
87979,11.007149
87999,11.007149
88019,11.007149
88039,11.007149
88059,11.007149
88079,11.007149
88099,11.007149
88119,11.007149
88139,11.007149
88159,11.007149
88179,11.007149
88199,11.007149
88219,11.007149
88239,11.007149
88259,11.007149
88279,11.007149
88299,11.007149
88319,11.007149
88339,11.007149
88359,11.007149
88379,11.007149
88399,11.007149
88419,11.007149
88439,11.007149
88459,11.007149
88479,11.007149
88499,11.007149
88519,11.007149
88539,11.007149
88559,11.007149
88579,11.007149
88599,11.007149
88619,11.007149
88639,11.007149
88659,11.007149
88679,11.007149
88699,11.007149
88719,11.007149
88739,11.007149
88759,11.007149
88779,11.007149
88799,11.007149
88819,11.007149
88839,11.007149
88859,11.007149
88879,11.007149
88899,11.007149
88919,11.007149
88939,11.007149
88959,11.007149
88979,11.007149
88999,11.007149
89019,11.007149
89039,11.007149
89059,11.007149
89079,11.007149
89099,11.007149
89119,11.007149
89139,11.007149
89159,11.007149
89179,11.007149
89199,11.007149
89219,11.007149
89239,11.007149
89259,11.007149
89279,11.007149
89299,11.007149
89319,11.007149
89339,11.007149
89359,11.007149
89379,11.007149
89399,11.007149
89419,11.007149
89439,11.007149
89459,11.007149
89479,11.007149
89499,11.007149
89519,11.007149
89539,11.007149
89559,11.007149
89579,11.007149
89599,11.007149
89619,11.007149
89639,11.007149
89659,11.007149
89679,11.007149
89699,11.007149
89719,11.007149
89739,11.007149
89759,11.007149
89779,11.007149
89799,11.007149
89819,11.007149
89839,11.007149
89859,11.007149
89879,11.733885
89899,11.007149
89919,11.007149
89939,11.007149
89959,11.007149
89979,11.007149
89999,11.007149
90019,11.007149
90039,11.007149
90059,11.007149
90079,11.007149
90099,11.007149
90119,11.007149
90139,11.007149
90159,11.007149
90179,11.007149
90199,11.007149
90219,11.007149
90239,11.007149
90259,11.007149
90279,11.007149
90299,11.007149
90319,11.007149
90339,11.007149
90359,11.733885
90379,11.007149
90399,11.007149
90419,11.007149
90439,11.007149
90459,11.007149
90479,11.007149
90499,11.007149
90519,11.007149
90539,11.007149
90559,11.007149
90579,11.007149
90599,11.007149
90619,11.007149
90639,11.007149
90659,11.007149
90679,11.007149
90699,11.007149
90719,11.007149
90739,11.007149
90759,11.007149
90779,11.007149
90799,11.007149
90819,11.007149
90839,11.007149
90859,11.007149
90879,11.007149
90899,11.007149
90919,11.007149
90939,11.007149
90959,11.007149
90979,11.007149
90999,11.007149
91019,11.007149
91039,11.007149
91059,11.007149
91079,11.007149
91099,11.007149
91119,11.007149
91139,11.007149
91159,11.007149
91179,11.007149
91199,11.007149
91219,11.007149
91239,11.007149
91259,11.007149
91279,11.007149
91299,11.007149
91319,11.007149
91339,11.007149
91359,11.007149
91379,11.007149
91399,11.007149
91419,11.007149
91439,11.007149
91459,11.007149
91479,11.007149
91499,11.007149
91519,11.007149
91539,11.007149
91559,11.007149
91579,11.007149
91599,11.007149
91619,11.007149
91639,11.007149
91659,11.007149
91679,11.007149
91699,11.007149
91719,11.007149
91739,11.007149
91759,11.007149
91779,8.875417
91799,11.007149
91819,11.007149
91839,11.007149
91859,11.007149
91879,11.007149
91899,11.007149
91919,11.007149
91939,11.007149
91959,11.007149
91979,11.007149
91999,11.007149
92019,11.007149
92039,11.007149
92059,11.007149
92079,11.007149
92099,11.007149
92119,11.007149
92139,11.007149
92159,11.007149
92179,11.007149
92199,11.007149
92219,11.007149
92239,11.007149
92259,11.007149
92279,11.007149
92299,11.007149
92319,11.007149
92339,11.007149
92359,11.007149
92379,11.007149
92399,11.007149
92419,11.007149
92439,11.007149
92459,11.007149
92479,11.007149
92499,11.007149
92519,11.007149
92539,11.007149
92559,11.007149
92579,11.007149
92599,11.007149
92619,11.007149
92639,11.007149
92659,11.007149
92679,11.007149
92699,11.007149
92719,11.007149
92739,11.007149
92759,11.007149
92779,11.007149
92799,11.007149
92819,11.007149
92839,11.007149
92859,11.007149
92879,11.007149
92899,11.007149
92919,11.007149
92939,11.007149
92959,11.007149
92979,11.007149
92999,11.007149
93019,11.007149
93039,11.007149
93059,11.007149
93079,11.007149
93099,11.007149
93119,11.007149
93139,11.007149
93159,11.007149
93179,11.007149
93199,11.007149
93219,11.007149
93239,11.007149
93259,11.007149
93279,11.007149
93299,11.007149
93319,11.007149
93339,11.007149
93359,11.007149
93379,11.007149
93399,11.007149
93419,11.007149
93439,11.007149
93459,11.007149
93479,11.007149
93499,11.007149
93519,11.007149
93539,11.007149
93559,11.007149
93579,11.007149
93599,11.007149
93619,11.007149
93639,11.007149
93659,11.007149
93679,11.007149
93699,11.007149
93719,11.007149
93739,11.007149
93759,11.007149
93779,11.007149
93799,11.007149
93819,11.007149
93839,11.007149
93859,11.007149
93879,11.007149
93899,11.007149
93919,11.007149
93939,11.007149
93959,11.007149
93979,11.007149
93999,11.007149
94019,11.007149
94039,11.007149
94059,11.007149
94079,11.007149
94099,11.007149
94119,11.007149
94139,11.007149
94159,11.007149
94179,11.007149
94199,11.007149
94219,11.007149
94239,11.007149
94259,11.007149
94279,11.007149
94299,11.007149
94319,11.007149
94339,11.007149
94359,11.007149
94379,11.007149
94399,11.007149
94419,11.007149
94439,11.007149
94459,11.007149
94479,11.007149
94499,11.007149
94519,11.007149
94539,11.007149
94559,11.007149
94579,11.007149
94599,11.007149
94619,11.007149
94639,11.007149
94659,11.007149
94679,11.007149
94699,11.007149
94719,11.007149
94739,11.007149
94759,11.007149
94779,11.007149
94799,11.007149
94819,11.007149
94839,11.007149
94859,11.007149
94879,11.007149
94899,11.007149
94919,11.007149
94939,11.007149
94959,11.007149
94979,11.007149
94999,11.007149
95019,11.007149
95039,11.007149
95059,11.007149
95079,11.007149
95099,11.007149
95119,11.007149
95139,11.007149
95159,11.007149
95179,11.007149
95199,11.007149
95219,11.007149
95239,11.007149
95259,11.007149
95279,11.007149
95299,11.007149
95319,11.007149
95339,11.007149
95359,11.007149
95379,11.007149
95399,11.007149
95419,11.007149
95439,11.007149
95459,11.007149
95479,11.007149
95499,11.007149
95519,11.007149
95539,11.007149
95559,11.007149
95579,11.007149
95599,11.007149
95619,11.007149
95639,11.007149
95659,11.007149
95679,11.007149
95699,11.007149
95719,11.007149
95739,11.007149
95759,11.007149
95779,11.007149
95799,11.007149
95819,11.007149
95839,11.007149
95859,11.007149
95879,11.007149
95899,11.007149
95919,11.007149
95939,11.007149
95959,11.007149
95979,11.007149
95999,11.007149
96019,11.007149
96039,11.007149
96059,11.007149
96079,11.007149
96099,11.007149
96119,11.007149
96139,11.007149
96159,11.007149
96179,11.007149
96199,11.007149
96219,11.007149
96239,11.007149
96259,11.007149
96279,11.007149
96299,11.007149
96319,11.007149
96339,11.007149
96359,11.007149
96379,11.007149
96399,11.007149
96419,11.007149
96439,11.007149
96459,11.007149
96479,11.007149
96499,11.007149
96519,11.007149
96539,11.007149
96559,11.007149
96579,11.007149
96599,11.007149
96619,11.007149
96639,11.007149
96659,11.007149
96679,11.007149
96699,11.007149
96719,11.007149
96739,11.007149
96759,11.007149
96779,11.007149
96799,11.007149
96819,11.007149
96839,11.007149
96859,11.007149
96879,11.007149
96899,11.007149
96919,11.007149
96939,11.007149
96959,11.007149
96979,11.007149
96999,11.007149
97019,11.007149
97039,11.007149
97059,11.007149
97079,11.007149
97099,11.007149
97119,11.007149
97139,11.007149
97159,11.007149
97179,11.007149
97199,11.007149
97219,11.007149
97239,11.007149
97259,11.007149
97279,11.007149
97299,11.007149
97319,11.007149
97339,11.007149
97359,11.007149
97379,11.007149
97399,11.007149
97419,11.007149
97439,11.007149
97459,11.007149
97479,11.007149
97499,11.007149
97519,11.007149
97539,11.007149
97559,11.007149
97579,11.007149
97599,11.007149
97619,11.007149
97639,11.007149
97659,11.007149
97679,11.007149
97699,11.007149
97719,11.007149
97739,11.007149
97759,11.007149
97779,11.007149
97799,11.007149
97819,11.007149
97839,11.007149
97859,11.007149
97879,11.007149
97899,11.007149
97919,11.007149
97939,11.007149
97959,11.007149
97979,11.007149
97999,11.007149
98019,11.007149
98039,11.007149
98059,11.007149
98079,11.007149
98099,11.007149
98119,11.007149
98139,11.007149
98159,11.007149
98179,11.007149
98199,11.007149
98219,11.007149
98239,11.007149
98259,11.007149
98279,11.007149
98299,11.007149
98319,11.007149
98339,11.007149
98359,11.007149
98379,11.007149
98399,11.007149
98419,11.007149
98439,11.007149
98459,11.007149
98479,11.007149
98499,11.007149
98519,11.007149
98539,11.007149
98559,11.007149
98579,11.007149
98599,11.007149
98619,11.007149
98639,11.007149
98659,11.007149
98679,11.007149
98699,11.007149
98719,11.007149
98739,11.007149
98759,11.007149
98779,11.007149
98799,11.007149
98819,11.007149
98839,11.007149
98859,11.007149
98879,11.007149
98899,11.007149
98919,11.007149
98939,11.007149
98959,11.007149
98979,11.007149
98999,11.007149
99019,11.007149
99039,11.007149
99059,11.007149
99079,11.007149
99099,11.007149
99119,11.007149
99139,11.007149
99159,11.007149
99179,11.007149
99199,11.007149
99219,11.007149
99239,11.007149
99259,11.007149
99279,11.007149
99299,11.007149
99319,11.007149
99339,11.007149
99359,11.007149
99379,11.007149
99399,11.007149
99419,11.007149
99439,11.007149
99459,11.007149
99479,11.007149
99499,11.007149
99519,11.007149
99539,11.007149
99559,11.007149
99579,11.007149
99599,11.007149
99619,11.007149
99639,11.007149
99659,11.007149
99679,11.007149
99699,11.007149
99719,11.007149
99739,11.007149
99759,11.007149
99779,11.007149
99799,11.007149
99819,11.007149
99839,11.007149
99859,11.007149
99879,11.007149
99899,11.007149
99919,11.007149
99939,11.007149
99959,11.007149
99979,11.007149
99999,11.007149
