19,-5.620609
39,-0.431930
59,-1.774455
79,-5.620609
99,-0.847339
119,-4.153616
139,-1.314389
159,-5.620609
179,-1.334895
199,1.182112
219,-0.835920
239,2.937950
259,0.511467
279,-2.263295
299,-2.271327
319,-3.181585
339,-5.620609
359,-2.756647
379,-1.820134
399,0.439997
419,-5.620609
439,-5.133991
459,-2.279320
479,-5.620609
499,-4.157194
519,-5.620609
539,-0.419663
559,2.561209
579,-1.375326
599,-0.419663
619,0.093677
639,0.860873
659,0.728597
679,-5.620609
699,-4.679432
719,-0.039214
739,2.996171
759,2.213492
779,-1.801993
799,0.397910
819,-1.746517
839,-5.620609
859,-5.129208
879,-1.304062
899,0.425903
919,-5.136347
939,0.891019
959,3.817593
979,0.026450
999,-5.132804
1019,0.425903
1039,1.260125
1059,1.652118
1079,4.379391
1099,3.449686
1119,2.524187
1139,2.524187
1159,3.881654
1179,3.775364
1199,2.106664
1219,2.124266
1239,3.449686
1259,0.356403
1279,1.702046
1299,2.880510
1319,3.881654
1339,2.177556
1359,3.449686
1379,2.957269
1399,3.449686
1419,2.159711
1439,2.159711
1459,2.617377
1479,4.578948
1499,4.578948
1519,4.578948
1539,2.159711
1559,1.702046
1579,3.055190
1599,3.429165
1619,0.891019
1639,4.578948
1659,3.449686
1679,3.449686
1699,5.416919
1719,4.578948
1739,4.244862
1759,3.860204
1779,3.449686
1799,3.429165
1819,5.416919
1839,5.416919
1859,4.739751
1879,1.244380
1899,3.429165
1919,2.159711
1939,3.408736
1959,4.601613
1979,4.311671
1999,4.311671
2019,5.416919
2039,4.578948
2059,3.838851
2079,1.718841
2099,4.601613
2119,4.244862
2139,4.601613
2159,4.578948
2179,5.416919
2199,5.416919
2219,5.416919
2239,5.416919
2259,5.416919
2279,5.416919
2299,5.416919
2319,5.416919
2339,5.416919
2359,5.416919
2379,5.416919
2399,5.416919
2419,5.416919
2439,5.416919
2459,5.416919
2479,5.416919
2499,5.416919
2519,5.416919
2539,5.416919
2559,5.416919
2579,5.416919
2599,5.416919
2619,5.416919
2639,5.416919
2659,5.416919
2679,5.416919
2699,5.416919
2719,5.416919
2739,5.416919
2759,5.416919
2779,5.416919
2799,5.416919
2819,5.416919
2839,5.416919
2859,5.416919
2879,5.416919
2899,5.416919
2919,5.416919
2939,5.416919
2959,5.416919
2979,5.416919
2999,5.416919
3019,5.416919
3039,5.416919
3059,5.416919
3079,5.416919
3099,5.416919
3119,5.416919
3139,5.416919
3159,5.416919
3179,5.416919
3199,5.416919
3219,5.416919
3239,5.416919
3259,5.416919
3279,5.416919
3299,5.416919
3319,5.416919
3339,5.416919
3359,5.416919
3379,5.416919
3399,5.416919
3419,5.416919
3439,5.416919
3459,5.416919
3479,5.416919
3499,5.416919
3519,5.416919
3539,5.416919
3559,5.416919
3579,5.416919
3599,5.416919
3619,5.416919
3639,5.416919
3659,5.416919
3679,5.416919
3699,2.487499
3719,5.416919
3739,3.449686
3759,5.416919
3779,1.244380
3799,5.416919
3819,1.652118
3839,3.449686
3859,5.416919
3879,3.449686
3899,3.449686
3919,5.416919
3939,5.416919
3959,3.449686
3979,5.416919
3999,5.416919
4019,5.416919
4039,5.416919
4059,5.416919
4079,5.416919
4099,5.416919
4119,5.416919
4139,5.416919
4159,5.416919
4179,5.416919
4199,5.416919
4219,5.416919
4239,5.416919
4259,5.416919
4279,5.416919
4299,5.416919
4319,5.416919
4339,5.416919
4359,4.244862
4379,5.416919
4399,5.416919
4419,5.416919
4439,3.449686
4459,5.416919
4479,5.416919
4499,5.416919
4519,5.416919
4539,5.416919
4559,5.416919
4579,4.578948
4599,4.244862
4619,3.449686
4639,5.416919
4659,5.416919
4679,5.416919
4699,5.416919
4719,5.416919
4739,5.416919
4759,5.416919
4779,5.416919
4799,5.416919
4819,5.416919
4839,5.416919
4859,5.416919
4879,5.416919
4899,5.416919
4919,5.416919
4939,5.416919
4959,5.416919
4979,5.416919
4999,5.416919
5019,5.416919
5039,5.416919
5059,5.416919
5079,5.416919
5099,5.416919
5119,5.416919
5139,5.416919
5159,5.416919
5179,5.416919
5199,-0.077884
5219,5.416919
5239,1.652118
5259,5.416919
5279,5.416919
5299,5.416919
5319,5.416919
5339,5.416919
5359,5.416919
5379,5.416919
5399,5.416919
5419,5.416919
5439,5.416919
5459,5.416919
5479,5.416919
5499,5.416919
5519,5.416919
5539,5.416919
5559,5.416919
5579,5.416919
5599,5.416919
5619,5.416919
5639,5.416919
5659,5.416919
5679,5.416919
5699,5.416919
5719,5.416919
5739,3.449686
5759,5.416919
5779,5.416919
5799,5.416919
5819,5.416919
5839,5.416919
5859,5.416919
5879,5.416919
5899,5.416919
5919,5.416919
5939,5.416919
5959,5.416919
5979,5.416919
5999,5.416919
6019,5.416919
6039,5.416919
6059,5.416919
6079,5.416919
6099,5.416919
6119,5.416919
6139,5.416919
6159,5.416919
6179,5.416919
6199,5.416919
6219,5.416919
6239,5.416919
6259,5.416919
6279,5.416919
6299,5.416919
6319,5.416919
6339,5.416919
6359,5.416919
6379,5.416919
6399,5.416919
6419,5.416919
6439,5.416919
6459,5.416919
6479,5.416919
6499,5.416919
6519,5.416919
6539,5.416919
6559,5.416919
6579,5.416919
6599,5.416919
6619,5.416919
6639,5.416919
6659,5.416919
6679,5.416919
6699,5.416919
6719,5.416919
6739,5.416919
6759,5.416919
6779,5.416919
6799,5.416919
6819,5.416919
6839,5.416919
6859,5.416919
6879,5.416919
6899,5.416919
6919,5.416919
6939,5.416919
6959,5.416919
6979,5.416919
6999,5.416919
7019,5.416919
7039,5.416919
7059,5.416919
7079,5.416919
7099,5.416919
7119,5.416919
7139,5.416919
7159,5.416919
7179,5.416919
7199,5.416919
7219,5.416919
7239,5.416919
7259,5.416919
7279,5.416919
7299,5.416919
7319,5.416919
7339,5.416919
7359,5.416919
7379,5.416919
7399,5.416919
7419,5.416919
7439,5.416919
7459,5.416919
7479,5.416919
7499,5.416919
7519,5.416919
7539,5.416919
7559,5.416919
7579,5.416919
7599,5.416919
7619,5.416919
7639,5.416919
7659,5.416919
7679,5.416919
7699,5.416919
7719,5.416919
7739,5.416919
7759,5.416919
7779,5.416919
7799,5.416919
7819,5.416919
7839,5.416919
7859,5.416919
7879,5.416919
7899,5.416919
7919,5.416919
7939,5.416919
7959,5.416919
7979,5.416919
7999,5.416919
8019,5.416919
8039,3.327937
8059,5.416919
8079,5.416919
8099,5.416919
8119,5.416919
8139,5.416919
8159,5.416919
8179,5.416919
8199,5.416919
8219,5.416919
8239,5.416919
8259,5.416919
8279,5.416919
8299,5.416919
8319,5.416919
8339,5.416919
8359,5.416919
8379,5.416919
8399,5.416919
8419,5.416919
8439,5.416919
8459,5.416919
8479,5.416919
8499,5.416919
8519,5.416919
8539,5.416919
8559,5.416919
8579,5.416919
8599,5.416919
8619,5.416919
8639,5.416919
8659,5.416919
8679,5.416919
8699,5.416919
8719,4.533916
8739,5.416919
8759,5.416919
8779,5.416919
8799,5.416919
8819,5.416919
8839,5.416919
8859,5.416919
8879,5.416919
8899,5.416919
8919,5.416919
8939,3.429165
8959,5.416919
8979,5.416919
8999,5.416919
9019,5.416919
9039,5.416919
9059,5.416919
9079,5.416919
9099,5.416919
9119,5.416919
9139,5.416919
9159,5.416919
9179,5.416919
9199,5.416919
9219,5.416919
9239,5.416919
9259,5.416919
9279,5.416919
9299,5.416919
9319,5.416919
9339,5.416919
9359,5.416919
9379,-0.013132
9399,5.416919
9419,5.416919
9439,5.416919
9459,5.416919
9479,5.416919
9499,5.416919
9519,5.416919
9539,5.416919
9559,5.416919
9579,5.416919
9599,5.416919
9619,5.416919
9639,5.416919
9659,5.416919
9679,5.416919
9699,5.416919
9719,5.416919
9739,5.416919
9759,5.416919
9779,5.416919
9799,5.416919
9819,5.416919
9839,5.416919
9859,5.416919
9879,5.416919
9899,5.416919
9919,5.416919
9939,5.416919
9959,5.416919
9979,5.416919
9999,5.416919
10019,5.416919
10039,5.416919
10059,5.416919
10079,5.416919
10099,5.416919
10119,5.416919
10139,5.416919
10159,5.416919
10179,5.416919
10199,5.416919
10219,5.416919
10239,5.416919
10259,5.416919
10279,5.416919
10299,5.416919
10319,5.416919
10339,5.416919
10359,5.416919
10379,5.416919
10399,5.416919
10419,5.416919
10439,5.416919
10459,5.416919
10479,5.416919
10499,5.416919
10519,5.416919
10539,5.416919
10559,5.416919
10579,5.416919
10599,5.416919
10619,5.416919
10639,5.416919
10659,5.416919
10679,5.416919
10699,5.416919
10719,5.416919
10739,5.416919
10759,5.416919
10779,5.416919
10799,5.416919
10819,5.416919
10839,5.416919
10859,5.416919
10879,5.416919
10899,5.416919
10919,5.416919
10939,5.416919
10959,5.416919
10979,5.416919
10999,5.416919
11019,5.416919
11039,5.416919
11059,5.416919
11079,5.416919
11099,5.416919
11119,5.416919
11139,5.416919
11159,5.416919
11179,5.416919
11199,5.416919
11219,5.416919
11239,5.416919
11259,5.416919
11279,5.416919
11299,5.416919
11319,5.416919
11339,5.416919
11359,5.416919
11379,5.416919
11399,5.416919
11419,5.416919
11439,5.416919
11459,5.416919
11479,5.416919
11499,5.416919
11519,5.416919
11539,5.416919
11559,5.416919
11579,5.416919
11599,5.416919
11619,5.416919
11639,5.416919
11659,5.416919
11679,5.416919
11699,5.416919
11719,5.416919
11739,5.416919
11759,5.416919
11779,5.416919
11799,5.416919
11819,5.416919
11839,5.416919
11859,5.416919
11879,5.416919
11899,5.416919
11919,5.416919
11939,5.416919
11959,5.416919
11979,5.416919
11999,5.416919
12019,5.416919
12039,5.416919
12059,5.416919
12079,5.416919
12099,5.416919
12119,5.416919
12139,5.416919
12159,5.416919
12179,5.416919
12199,5.416919
12219,5.416919
12239,5.416919
12259,5.416919
12279,5.416919
12299,5.416919
12319,5.416919
12339,5.416919
12359,5.416919
12379,5.416919
12399,5.416919
12419,5.416919
12439,5.416919
12459,5.416919
12479,5.416919
12499,5.416919
12519,5.416919
12539,5.416919
12559,5.416919
12579,5.416919
12599,5.416919
12619,5.416919
12639,5.416919
12659,5.416919
12679,5.416919
12699,5.416919
12719,5.416919
12739,5.416919
12759,5.416919
12779,5.416919
12799,5.416919
12819,5.416919
12839,5.416919
12859,5.416919
12879,5.416919
12899,5.416919
12919,5.416919
12939,5.416919
12959,5.416919
12979,5.416919
12999,5.416919
13019,5.416919
13039,5.416919
13059,5.416919
13079,5.416919
13099,5.416919
13119,5.416919
13139,5.416919
13159,5.416919
13179,5.416919
13199,5.416919
13219,5.416919
13239,5.416919
13259,5.416919
13279,5.416919
13299,5.416919
13319,5.416919
13339,5.416919
13359,5.416919
13379,5.416919
13399,5.416919
13419,5.416919
13439,5.416919
13459,5.416919
13479,5.416919
13499,5.416919
13519,5.416919
13539,5.416919
13559,5.416919
13579,5.416919
13599,5.416919
13619,5.416919
13639,0.370175
13659,5.416919
13679,5.416919
13699,5.416919
13719,5.416919
13739,5.416919
13759,5.416919
13779,5.416919
13799,5.416919
13819,5.416919
13839,5.416919
13859,5.416919
13879,5.416919
13899,5.416919
13919,5.416919
13939,5.416919
13959,5.416919
13979,5.416919
13999,5.416919
14019,5.416919
14039,5.416919
14059,5.416919
14079,5.416919
14099,5.416919
14119,5.416919
14139,5.416919
14159,5.416919
14179,5.416919
14199,5.416919
14219,5.416919
14239,5.416919
14259,5.416919
14279,5.416919
14299,5.416919
14319,5.416919
14339,5.416919
14359,5.416919
14379,5.416919
14399,5.416919
14419,5.416919
14439,5.416919
14459,5.416919
14479,5.416919
14499,5.416919
14519,5.416919
14539,5.416919
14559,5.416919
14579,5.416919
14599,5.416919
14619,5.416919
14639,5.416919
14659,1.323836
14679,-2.271327
14699,5.416919
14719,5.416919
14739,5.416919
14759,5.416919
14779,5.416919
14799,5.416919
14819,5.416919
14839,5.416919
14859,5.416919
14879,5.416919
14899,5.416919
14919,5.416919
14939,5.416919
14959,5.416919
14979,5.416919
14999,5.416919
15019,5.416919
15039,5.416919
15059,5.416919
15079,5.416919
15099,2.561209
15119,5.416919
15139,5.416919
15159,5.416919
15179,5.416919
15199,5.416919
15219,5.416919
15239,5.416919
15259,5.416919
15279,5.416919
15299,5.416919
15319,4.244862
15339,5.416919
15359,5.416919
15379,5.416919
15399,5.416919
15419,5.416919
15439,5.416919
15459,5.416919
15479,5.416919
15499,5.416919
15519,5.416919
15539,5.416919
15559,5.416919
15579,4.578948
15599,5.416919
15619,5.416919
15639,5.416919
15659,5.416919
15679,5.416919
15699,5.416919
15719,5.416919
15739,4.578948
15759,5.416919
15779,5.416919
15799,5.416919
15819,5.416919
15839,5.416919
15859,5.416919
15879,5.416919
15899,5.416919
15919,5.416919
15939,5.416919
15959,4.578948
15979,5.416919
15999,5.416919
16019,5.416919
16039,5.416919
16059,5.416919
16079,5.416919
16099,5.416919
16119,5.416919
16139,5.416919
16159,4.578948
16179,5.416919
16199,4.578948
16219,5.416919
16239,5.416919
16259,5.416919
16279,5.416919
16299,5.416919
16319,5.416919
16339,5.416919
16359,5.416919
16379,5.416919
16399,5.416919
16419,5.416919
16439,5.416919
16459,5.416919
16479,5.416919
16499,5.416919
16519,5.416919
16539,5.416919
16559,5.416919
16579,5.416919
16599,5.416919
16619,5.416919
16639,5.416919
16659,4.578948
16679,5.416919
16699,5.416919
16719,5.416919
16739,5.416919
16759,5.416919
16779,5.416919
16799,5.416919
16819,5.416919
16839,5.416919
16859,5.416919
16879,5.416919
16899,5.416919
16919,5.416919
16939,5.416919
16959,5.416919
16979,5.416919
16999,5.416919
17019,5.416919
17039,5.416919
17059,5.416919
17079,5.416919
17099,5.416919
17119,5.416919
17139,4.578948
17159,5.416919
17179,5.416919
17199,5.416919
17219,5.416919
17239,5.416919
17259,5.416919
17279,5.416919
17299,5.416919
17319,5.416919
17339,5.416919
17359,5.416919
17379,5.416919
17399,5.416919
17419,5.416919
17439,5.416919
17459,5.416919
17479,5.416919
17499,5.416919
17519,5.416919
17539,5.416919
17559,5.416919
17579,5.416919
17599,5.416919
17619,5.416919
17639,5.416919
17659,5.416919
17679,5.416919
17699,5.416919
17719,5.416919
17739,5.416919
17759,5.416919
17779,5.416919
17799,5.416919
17819,5.416919
17839,5.416919
17859,5.416919
17879,5.416919
17899,5.416919
17919,5.416919
17939,5.416919
17959,5.416919
17979,5.416919
17999,5.416919
18019,5.416919
18039,5.416919
18059,5.416919
18079,5.416919
18099,5.416919
18119,5.416919
18139,5.416919
18159,5.416919
18179,5.416919
18199,5.416919
18219,5.416919
18239,5.416919
18259,5.416919
18279,5.416919
18299,5.416919
18319,5.416919
18339,5.416919
18359,5.416919
18379,5.416919
18399,5.416919
18419,5.416919
18439,5.416919
18459,5.416919
18479,5.416919
18499,5.416919
18519,5.416919
18539,5.416919
18559,5.416919
18579,5.416919
18599,5.416919
18619,5.416919
18639,5.416919
18659,5.416919
18679,5.416919
18699,5.416919
18719,4.578948
18739,5.416919
18759,5.416919
18779,5.416919
18799,5.416919
18819,5.416919
18839,5.416919
18859,5.416919
18879,5.416919
18899,5.416919
18919,5.416919
18939,5.416919
18959,5.416919
18979,5.416919
18999,5.416919
19019,5.416919
19039,5.416919
19059,5.416919
19079,5.416919
19099,5.416919
19119,5.416919
19139,5.416919
19159,5.416919
19179,5.416919
19199,5.416919
19219,5.416919
19239,5.416919
19259,5.416919
19279,5.416919
19299,5.416919
19319,5.416919
19339,5.416919
19359,5.416919
19379,4.578948
19399,5.416919
19419,5.416919
19439,5.416919
19459,5.416919
19479,5.416919
19499,5.416919
19519,5.416919
19539,5.416919
19559,5.416919
19579,5.416919
19599,5.416919
19619,5.416919
19639,5.416919
19659,5.416919
19679,5.416919
19699,5.416919
19719,5.416919
19739,5.416919
19759,5.416919
19779,5.416919
19799,5.416919
19819,5.416919
19839,5.416919
19859,5.416919
19879,5.416919
19899,5.416919
19919,5.416919
19939,5.416919
19959,5.416919
19979,5.416919
19999,5.416919
20019,5.416919
20039,5.416919
20059,5.416919
20079,5.416919
20099,5.416919
20119,5.416919
20139,5.416919
20159,5.416919
20179,5.416919
20199,5.416919
20219,5.416919
20239,5.416919
20259,5.416919
20279,5.416919
20299,5.416919
20319,5.416919
20339,5.416919
20359,5.416919
20379,5.416919
20399,5.416919
20419,5.416919
20439,5.416919
20459,5.416919
20479,5.416919
20499,5.416919
20519,5.416919
20539,5.416919
20559,5.416919
20579,5.416919
20599,5.416919
20619,5.416919
20639,5.416919
20659,5.416919
20679,5.416919
20699,5.416919
20719,5.416919
20739,5.416919
20759,5.416919
20779,5.416919
20799,5.416919
20819,5.416919
20839,5.416919
20859,5.416919
20879,5.416919
20899,5.416919
20919,5.416919
20939,5.416919
20959,5.416919
20979,5.416919
20999,5.416919
21019,5.416919
21039,5.416919
21059,5.416919
21079,5.416919
21099,5.416919
21119,5.416919
21139,5.416919
21159,5.416919
21179,5.416919
21199,5.416919
21219,5.416919
21239,5.416919
21259,5.416919
21279,5.416919
21299,5.416919
21319,5.416919
21339,5.416919
21359,5.416919
21379,5.416919
21399,5.416919
21419,5.416919
21439,5.416919
21459,5.416919
21479,5.416919
21499,5.416919
21519,5.416919
21539,5.416919
21559,5.416919
21579,5.416919
21599,5.416919
21619,5.416919
21639,5.416919
21659,5.416919
21679,5.416919
21699,5.416919
21719,5.416919
21739,5.416919
21759,5.416919
21779,5.416919
21799,5.416919
21819,5.416919
21839,5.416919
21859,5.416919
21879,5.416919
21899,5.416919
21919,5.416919
21939,5.416919
21959,5.416919
21979,5.416919
21999,5.416919
22019,5.416919
22039,5.416919
22059,5.416919
22079,5.416919
22099,5.416919
22119,5.416919
22139,5.416919
22159,5.416919
22179,5.416919
22199,5.416919
22219,5.416919
22239,5.416919
22259,5.416919
22279,5.416919
22299,5.416919
22319,5.416919
22339,5.416919
22359,5.416919
22379,5.416919
22399,5.416919
22419,5.416919
22439,5.416919
22459,5.416919
22479,5.416919
22499,5.416919
22519,5.416919
22539,5.416919
22559,5.416919
22579,5.416919
22599,5.416919
22619,5.416919
22639,5.416919
22659,5.416919
22679,5.416919
22699,5.416919
22719,5.416919
22739,5.416919
22759,5.416919
22779,5.416919
22799,5.416919
22819,5.416919
22839,5.416919
22859,5.416919
22879,5.416919
22899,5.416919
22919,5.416919
22939,5.416919
22959,5.416919
22979,5.416919
22999,5.416919
23019,5.416919
23039,5.416919
23059,5.416919
23079,5.416919
23099,5.416919
23119,5.416919
23139,5.416919
23159,5.416919
23179,5.416919
23199,5.416919
23219,5.416919
23239,5.416919
23259,5.416919
23279,5.416919
23299,5.416919
23319,5.416919
23339,5.416919
23359,5.416919
23379,5.416919
23399,5.416919
23419,5.416919
23439,5.416919
23459,5.416919
23479,5.416919
23499,5.416919
23519,5.416919
23539,5.416919
23559,5.416919
23579,5.416919
23599,5.416919
23619,5.416919
23639,5.416919
23659,5.416919
23679,5.416919
23699,5.416919
23719,5.416919
23739,5.416919
23759,5.416919
23779,5.416919
23799,5.416919
23819,5.416919
23839,5.416919
23859,5.416919
23879,5.416919
23899,5.416919
23919,5.416919
23939,5.416919
23959,5.416919
23979,5.416919
23999,5.416919
24019,5.416919
24039,5.416919
24059,5.416919
24079,5.416919
24099,5.416919
24119,5.416919
24139,5.416919
24159,5.416919
24179,5.416919
24199,5.416919
24219,5.416919
24239,5.416919
24259,5.416919
24279,5.416919
24299,5.416919
24319,5.416919
24339,5.416919
24359,5.416919
24379,5.416919
24399,5.416919
24419,5.416919
24439,5.416919
24459,5.416919
24479,5.416919
24499,5.416919
24519,5.416919
24539,5.416919
24559,5.416919
24579,5.416919
24599,5.416919
24619,5.416919
24639,5.416919
24659,5.416919
24679,5.416919
24699,5.416919
24719,5.416919
24739,5.416919
24759,5.416919
24779,5.416919
24799,5.416919
24819,5.416919
24839,5.416919
24859,5.416919
24879,5.416919
24899,5.416919
24919,5.416919
24939,5.416919
24959,5.416919
24979,5.416919
24999,5.416919
25019,5.416919
25039,5.416919
25059,5.416919
25079,5.416919
25099,5.416919
25119,5.416919
25139,5.416919
25159,5.416919
25179,5.416919
25199,5.416919
25219,5.416919
25239,5.416919
25259,5.416919
25279,5.416919
25299,5.416919
25319,5.416919
25339,5.416919
25359,5.416919
25379,5.416919
25399,5.416919
25419,5.416919
25439,5.416919
25459,5.416919
25479,5.416919
25499,5.416919
25519,5.416919
25539,5.416919
25559,5.416919
25579,5.416919
25599,5.416919
25619,5.416919
25639,5.416919
25659,5.416919
25679,5.416919
25699,5.416919
25719,5.416919
25739,5.416919
25759,5.416919
25779,5.416919
25799,5.416919
25819,5.416919
25839,5.416919
25859,5.416919
25879,5.416919
25899,5.416919
25919,5.416919
25939,5.416919
25959,5.416919
25979,5.416919
25999,5.416919
26019,5.416919
26039,5.416919
26059,5.416919
26079,5.416919
26099,5.416919
26119,5.416919
26139,5.416919
26159,5.416919
26179,5.416919
26199,5.416919
26219,5.416919
26239,5.416919
26259,5.416919
26279,5.416919
26299,5.416919
26319,5.416919
26339,5.416919
26359,5.416919
26379,5.416919
26399,5.416919
26419,5.416919
26439,5.416919
26459,5.416919
26479,5.416919
26499,5.416919
26519,5.416919
26539,5.416919
26559,5.416919
26579,5.416919
26599,5.416919
26619,5.416919
26639,5.416919
26659,5.416919
26679,5.416919
26699,5.416919
26719,5.416919
26739,5.416919
26759,5.416919
26779,5.416919
26799,5.416919
26819,5.416919
26839,5.416919
26859,5.416919
26879,5.416919
26899,5.416919
26919,5.416919
26939,5.416919
26959,5.416919
26979,5.416919
26999,5.416919
27019,5.416919
27039,5.416919
27059,5.416919
27079,5.416919
27099,5.416919
27119,5.416919
27139,5.416919
27159,5.416919
27179,5.416919
27199,5.416919
27219,5.416919
27239,5.416919
27259,5.416919
27279,5.416919
27299,5.416919
27319,5.416919
27339,5.416919
27359,5.416919
27379,5.416919
27399,5.416919
27419,5.416919
27439,5.416919
27459,5.416919
27479,5.416919
27499,5.416919
27519,5.416919
27539,5.416919
27559,5.416919
27579,5.416919
27599,5.416919
27619,5.416919
27639,5.416919
27659,5.416919
27679,5.416919
27699,5.416919
27719,5.416919
27739,5.416919
27759,5.416919
27779,5.416919
27799,5.416919
27819,5.416919
27839,5.416919
27859,5.416919
27879,5.416919
27899,5.416919
27919,5.416919
27939,5.416919
27959,5.416919
27979,5.416919
27999,5.416919
28019,5.416919
28039,5.416919
28059,5.416919
28079,5.416919
28099,5.416919
28119,5.416919
28139,5.416919
28159,5.416919
28179,5.416919
28199,5.416919
28219,5.416919
28239,5.416919
28259,5.416919
28279,5.416919
28299,5.416919
28319,5.416919
28339,5.416919
28359,5.416919
28379,5.416919
28399,5.416919
28419,5.416919
28439,5.416919
28459,5.416919
28479,5.416919
28499,5.416919
28519,5.416919
28539,5.416919
28559,5.416919
28579,5.416919
28599,5.416919
28619,5.416919
28639,5.416919
28659,5.416919
28679,5.416919
28699,5.416919
28719,5.416919
28739,5.416919
28759,5.416919
28779,5.416919
28799,5.416919
28819,5.416919
28839,5.416919
28859,5.416919
28879,5.416919
28899,5.416919
28919,5.416919
28939,5.416919
28959,5.416919
28979,5.416919
28999,5.416919
29019,5.416919
29039,5.416919
29059,5.416919
29079,5.416919
29099,5.416919
29119,5.416919
29139,5.416919
29159,5.416919
29179,5.416919
29199,5.416919
29219,5.416919
29239,5.416919
29259,5.416919
29279,5.416919
29299,5.416919
29319,5.416919
29339,5.416919
29359,5.416919
29379,5.416919
29399,5.416919
29419,5.416919
29439,5.416919
29459,5.416919
29479,5.416919
29499,5.416919
29519,5.416919
29539,5.416919
29559,5.416919
29579,5.416919
29599,5.416919
29619,5.416919
29639,5.416919
29659,5.416919
29679,5.416919
29699,5.416919
29719,5.416919
29739,5.416919
29759,5.416919
29779,5.416919
29799,5.416919
29819,5.416919
29839,5.416919
29859,5.416919
29879,5.416919
29899,5.416919
29919,5.416919
29939,5.416919
29959,5.416919
29979,5.416919
29999,5.416919
30019,5.416919
30039,5.416919
30059,5.416919
30079,5.416919
30099,5.416919
30119,5.416919
30139,5.416919
30159,5.416919
30179,5.416919
30199,5.416919
30219,5.416919
30239,5.416919
30259,5.416919
30279,5.416919
30299,5.416919
30319,5.416919
30339,5.416919
30359,5.416919
30379,5.416919
30399,5.416919
30419,5.416919
30439,5.416919
30459,5.416919
30479,5.416919
30499,5.416919
30519,5.416919
30539,5.416919
30559,5.416919
30579,5.416919
30599,5.416919
30619,5.416919
30639,5.416919
30659,5.416919
30679,5.416919
30699,5.416919
30719,5.416919
30739,5.416919
30759,5.416919
30779,5.416919
30799,5.416919
30819,5.416919
30839,5.416919
30859,5.416919
30879,5.416919
30899,5.416919
30919,5.416919
30939,5.416919
30959,5.416919
30979,5.416919
30999,5.416919
31019,5.416919
31039,5.416919
31059,5.416919
31079,5.416919
31099,5.416919
31119,5.416919
31139,5.416919
31159,5.416919
31179,5.416919
31199,5.416919
31219,5.416919
31239,5.416919
31259,5.416919
31279,5.416919
31299,5.416919
31319,5.416919
31339,5.416919
31359,5.416919
31379,5.416919
31399,5.416919
31419,5.416919
31439,5.416919
31459,5.416919
31479,5.416919
31499,5.416919
31519,5.416919
31539,5.416919
31559,5.416919
31579,5.416919
31599,5.416919
31619,5.416919
31639,5.416919
31659,5.416919
31679,5.416919
31699,5.416919
31719,5.416919
31739,5.416919
31759,5.416919
31779,5.416919
31799,5.416919
31819,5.416919
31839,5.416919
31859,5.416919
31879,5.416919
31899,5.416919
31919,5.416919
31939,5.416919
31959,5.416919
31979,5.416919
31999,5.416919
32019,5.416919
32039,5.416919
32059,5.416919
32079,5.416919
32099,5.416919
32119,5.416919
32139,5.416919
32159,5.416919
32179,5.416919
32199,5.416919
32219,5.416919
32239,5.416919
32259,5.416919
32279,5.416919
32299,5.416919
32319,5.416919
32339,5.416919
32359,5.416919
32379,5.416919
32399,5.416919
32419,5.416919
32439,5.416919
32459,5.416919
32479,5.416919
32499,5.416919
32519,5.416919
32539,5.416919
32559,5.416919
32579,5.416919
32599,5.416919
32619,5.416919
32639,5.416919
32659,5.416919
32679,5.416919
32699,5.416919
32719,5.416919
32739,5.416919
32759,5.416919
32779,5.416919
32799,5.416919
32819,5.416919
32839,5.416919
32859,5.416919
32879,5.416919
32899,5.416919
32919,5.416919
32939,5.416919
32959,5.416919
32979,5.416919
32999,5.416919
33019,5.416919
33039,5.416919
33059,5.416919
33079,5.416919
33099,5.416919
33119,5.416919
33139,5.416919
33159,5.416919
33179,5.416919
33199,5.416919
33219,5.416919
33239,5.416919
33259,5.416919
33279,5.416919
33299,5.416919
33319,5.416919
33339,5.416919
33359,5.416919
33379,5.416919
33399,5.416919
33419,5.416919
33439,5.416919
33459,5.416919
33479,5.416919
33499,5.416919
33519,5.416919
33539,5.416919
33559,5.416919
33579,5.416919
33599,5.416919
33619,5.416919
33639,5.416919
33659,5.416919
33679,5.416919
33699,5.416919
33719,5.416919
33739,5.416919
33759,5.416919
33779,5.416919
33799,5.416919
33819,5.416919
33839,5.416919
33859,5.416919
33879,5.416919
33899,5.416919
33919,5.416919
33939,5.416919
33959,5.416919
33979,5.416919
33999,5.416919
34019,5.416919
34039,5.416919
34059,5.416919
34079,5.416919
34099,5.416919
34119,5.416919
34139,5.416919
34159,5.416919
34179,5.416919
34199,5.416919
34219,5.416919
34239,5.416919
34259,5.416919
34279,5.416919
34299,5.416919
34319,5.416919
34339,5.416919
34359,5.416919
34379,5.416919
34399,5.416919
34419,5.416919
34439,5.416919
34459,5.416919
34479,5.416919
34499,5.416919
34519,5.416919
34539,5.416919
34559,5.416919
34579,5.416919
34599,5.416919
34619,5.416919
34639,5.416919
34659,5.416919
34679,5.416919
34699,5.416919
34719,5.416919
34739,5.416919
34759,5.416919
34779,5.416919
34799,5.416919
34819,5.416919
34839,5.416919
34859,5.416919
34879,5.416919
34899,5.416919
34919,5.416919
34939,5.416919
34959,5.416919
34979,5.416919
34999,5.416919
35019,5.416919
35039,5.416919
35059,5.416919
35079,5.416919
35099,5.416919
35119,5.416919
35139,5.416919
35159,5.416919
35179,5.416919
35199,5.416919
35219,5.416919
35239,5.416919
35259,5.416919
35279,5.416919
35299,5.416919
35319,5.416919
35339,5.416919
35359,5.416919
35379,5.416919
35399,5.416919
35419,5.416919
35439,5.416919
35459,5.416919
35479,5.416919
35499,5.416919
35519,5.416919
35539,5.416919
35559,5.416919
35579,5.416919
35599,5.416919
35619,5.416919
35639,5.416919
35659,5.416919
35679,5.416919
35699,5.416919
35719,5.416919
35739,5.416919
35759,5.416919
35779,5.416919
35799,5.416919
35819,5.416919
35839,5.416919
35859,5.416919
35879,5.416919
35899,5.416919
35919,5.416919
35939,5.416919
35959,5.416919
35979,5.416919
35999,5.416919
36019,5.416919
36039,5.416919
36059,5.416919
36079,5.416919
36099,5.416919
36119,5.416919
36139,5.416919
36159,5.416919
36179,5.416919
36199,5.416919
36219,5.416919
36239,5.416919
36259,5.416919
36279,5.416919
36299,5.416919
36319,5.416919
36339,5.416919
36359,5.416919
36379,5.416919
36399,5.416919
36419,5.416919
36439,5.416919
36459,5.416919
36479,5.416919
36499,5.416919
36519,5.416919
36539,5.416919
36559,5.416919
36579,5.416919
36599,5.416919
36619,5.416919
36639,5.416919
36659,5.416919
36679,5.416919
36699,5.416919
36719,5.416919
36739,5.416919
36759,5.416919
36779,5.416919
36799,5.416919
36819,5.416919
36839,5.416919
36859,5.416919
36879,5.416919
36899,5.416919
36919,5.416919
36939,5.416919
36959,5.416919
36979,5.416919
36999,5.416919
37019,5.416919
37039,5.416919
37059,5.416919
37079,5.416919
37099,5.416919
37119,5.416919
37139,5.416919
37159,5.416919
37179,5.416919
37199,5.416919
37219,5.416919
37239,5.416919
37259,5.416919
37279,5.416919
37299,5.416919
37319,5.416919
37339,5.416919
37359,5.416919
37379,5.416919
37399,5.416919
37419,5.416919
37439,5.416919
37459,5.416919
37479,5.416919
37499,5.416919
37519,5.416919
37539,5.416919
37559,5.416919
37579,5.416919
37599,5.416919
37619,5.416919
37639,5.416919
37659,5.416919
37679,5.416919
37699,5.416919
37719,5.416919
37739,5.416919
37759,5.416919
37779,5.416919
37799,5.416919
37819,5.416919
37839,5.416919
37859,5.416919
37879,5.416919
37899,5.416919
37919,5.416919
37939,5.416919
37959,5.416919
37979,5.416919
37999,5.416919
38019,5.416919
38039,5.416919
38059,5.416919
38079,5.416919
38099,5.416919
38119,5.416919
38139,5.416919
38159,5.416919
38179,5.416919
38199,5.416919
38219,5.416919
38239,5.416919
38259,5.416919
38279,5.416919
38299,5.416919
38319,5.416919
38339,5.416919
38359,5.416919
38379,5.416919
38399,5.416919
38419,5.416919
38439,5.416919
38459,5.416919
38479,5.416919
38499,5.416919
38519,5.416919
38539,5.416919
38559,5.416919
38579,5.416919
38599,5.416919
38619,5.416919
38639,5.416919
38659,5.416919
38679,5.416919
38699,5.416919
38719,5.416919
38739,5.416919
38759,5.416919
38779,5.416919
38799,5.416919
38819,5.416919
38839,5.416919
38859,5.416919
38879,5.416919
38899,5.416919
38919,5.416919
38939,5.416919
38959,5.416919
38979,5.416919
38999,5.416919
39019,5.416919
39039,5.416919
39059,5.416919
39079,5.416919
39099,5.416919
39119,5.416919
39139,5.416919
39159,5.416919
39179,5.416919
39199,5.416919
39219,5.416919
39239,5.416919
39259,5.416919
39279,5.416919
39299,5.416919
39319,5.416919
39339,5.416919
39359,5.416919
39379,5.416919
39399,5.416919
39419,5.416919
39439,5.416919
39459,5.416919
39479,5.416919
39499,5.416919
39519,5.416919
39539,5.416919
39559,5.416919
39579,5.416919
39599,5.416919
39619,5.416919
39639,5.416919
39659,5.416919
39679,5.441338
39699,-0.039214
39719,5.416919
39739,5.416919
39759,5.416919
39779,5.416919
39799,5.416919
39819,5.416919
39839,5.416919
39859,5.416919
39879,5.416919
39899,5.416919
39919,5.416919
39939,5.416919
39959,5.416919
39979,5.416919
39999,5.416919
40019,5.416919
40039,5.416919
40059,5.416919
40079,5.416919
40099,5.416919
40119,5.416919
40139,5.416919
40159,5.416919
40179,5.416919
40199,5.416919
40219,2.937950
40239,2.937950
40259,4.157169
40279,5.368402
40299,5.416919
40319,5.416919
40339,5.416919
40359,5.416919
40379,5.416919
40399,5.416919
40419,5.416919
40439,5.416919
40459,5.416919
40479,5.416919
40499,5.416919
40519,5.416919
40539,5.416919
40559,5.416919
40579,5.416919
40599,5.416919
40619,5.416919
40639,5.416919
40659,5.416919
40679,5.416919
40699,5.416919
40719,5.416919
40739,5.416919
40759,5.416919
40779,5.416919
40799,5.416919
40819,5.416919
40839,5.416919
40859,5.416919
40879,5.416919
40899,5.416919
40919,5.416919
40939,5.416919
40959,5.416919
40979,5.416919
40999,5.416919
41019,5.416919
41039,5.416919
41059,5.416919
41079,5.416919
41099,5.416919
41119,5.416919
41139,5.416919
41159,5.416919
41179,5.416919
41199,5.416919
41219,5.416919
41239,5.416919
41259,5.416919
41279,5.416919
41299,5.416919
41319,5.416919
41339,5.416919
41359,5.416919
41379,5.416919
41399,5.416919
41419,5.416919
41439,5.416919
41459,5.416919
41479,5.416919
41499,5.416919
41519,5.416919
41539,5.416919
41559,5.416919
41579,5.416919
41599,5.416919
41619,5.416919
41639,5.416919
41659,5.416919
41679,5.416919
41699,5.416919
41719,5.416919
41739,5.416919
41759,5.416919
41779,5.416919
41799,5.416919
41819,5.416919
41839,5.416919
41859,5.416919
41879,5.416919
41899,5.416919
41919,5.416919
41939,5.416919
41959,5.416919
41979,5.416919
41999,5.416919
42019,5.416919
42039,5.416919
42059,2.141948
42079,5.416919
42099,5.416919
42119,5.416919
42139,5.416919
42159,5.416919
42179,5.416919
42199,5.416919
42219,5.416919
42239,5.416919
42259,5.416919
42279,5.416919
42299,5.416919
42319,5.416919
42339,5.416919
42359,5.416919
42379,5.416919
42399,5.416919
42419,5.416919
42439,5.416919
42459,5.416919
42479,5.416919
42499,5.416919
42519,5.416919
42539,5.416919
42559,5.416919
42579,5.416919
42599,5.416919
42619,5.416919
42639,5.416919
42659,5.416919
42679,5.416919
42699,5.416919
42719,5.416919
42739,5.416919
42759,5.416919
42779,5.416919
42799,5.416919
42819,5.416919
42839,5.416919
42859,5.416919
42879,5.416919
42899,5.416919
42919,5.416919
42939,5.416919
42959,5.416919
42979,5.416919
42999,5.416919
43019,5.416919
43039,5.416919
43059,5.416919
43079,5.416919
43099,5.416919
43119,5.416919
43139,5.416919
43159,5.416919
43179,5.416919
43199,5.416919
43219,5.416919
43239,5.416919
43259,5.416919
43279,5.416919
43299,5.416919
43319,5.416919
43339,5.416919
43359,5.416919
43379,5.416919
43399,5.416919
43419,5.416919
43439,5.416919
43459,5.416919
43479,5.416919
43499,5.416919
43519,5.416919
43539,5.416919
43559,5.416919
43579,5.416919
43599,5.416919
43619,5.416919
43639,5.416919
43659,5.416919
43679,5.416919
43699,5.416919
43719,5.416919
43739,5.416919
43759,5.416919
43779,5.416919
43799,5.416919
43819,5.416919
43839,5.416919
43859,5.416919
43879,5.416919
43899,5.416919
43919,5.416919
43939,5.416919
43959,5.416919
43979,5.416919
43999,5.416919
44019,5.416919
44039,5.416919
44059,5.416919
44079,5.416919
44099,5.416919
44119,5.416919
44139,5.416919
44159,5.416919
44179,5.416919
44199,5.416919
44219,5.416919
44239,5.416919
44259,5.416919
44279,5.416919
44299,5.416919
44319,5.416919
44339,5.416919
44359,5.416919
44379,5.416919
44399,5.416919
44419,5.416919
44439,5.416919
44459,5.416919
44479,5.416919
44499,5.416919
44519,5.416919
44539,5.416919
44559,5.416919
44579,5.416919
44599,5.416919
44619,5.416919
44639,5.416919
44659,5.416919
44679,5.416919
44699,5.416919
44719,5.416919
44739,5.416919
44759,5.416919
44779,5.416919
44799,5.416919
44819,5.416919
44839,5.416919
44859,5.416919
44879,5.416919
44899,5.416919
44919,5.416919
44939,5.416919
44959,5.416919
44979,5.416919
44999,5.416919
45019,5.416919
45039,5.416919
45059,5.416919
45079,5.416919
45099,5.416919
45119,5.416919
45139,5.416919
45159,5.416919
45179,5.416919
45199,5.416919
45219,5.416919
45239,5.416919
45259,5.416919
45279,5.416919
45299,5.416919
45319,5.416919
45339,5.416919
45359,5.416919
45379,5.416919
45399,5.416919
45419,5.416919
45439,5.416919
45459,5.416919
45479,5.416919
45499,5.416919
45519,5.416919
45539,5.416919
45559,5.416919
45579,5.416919
45599,5.416919
45619,5.416919
45639,5.416919
45659,5.416919
45679,5.416919
45699,5.416919
45719,5.416919
45739,5.416919
45759,5.416919
45779,5.416919
45799,5.416919
45819,5.416919
45839,5.416919
45859,5.416919
45879,5.416919
45899,5.416919
45919,5.416919
45939,5.416919
45959,5.416919
45979,5.416919
45999,5.416919
46019,5.416919
46039,5.416919
46059,5.416919
46079,5.416919
46099,5.416919
46119,5.416919
46139,5.416919
46159,5.416919
46179,5.416919
46199,5.416919
46219,5.416919
46239,5.416919
46259,5.416919
46279,5.416919
46299,5.416919
46319,5.416919
46339,5.416919
46359,5.416919
46379,5.416919
46399,5.416919
46419,5.416919
46439,5.416919
46459,5.416919
46479,5.416919
46499,5.416919
46519,5.416919
46539,5.416919
46559,5.416919
46579,5.416919
46599,5.416919
46619,5.416919
46639,5.416919
46659,5.416919
46679,5.416919
46699,5.416919
46719,5.416919
46739,5.416919
46759,5.416919
46779,5.416919
46799,5.416919
46819,5.416919
46839,5.416919
46859,5.416919
46879,5.416919
46899,5.416919
46919,5.416919
46939,5.416919
46959,5.416919
46979,5.416919
46999,5.416919
47019,5.416919
47039,5.416919
47059,5.416919
47079,5.416919
47099,5.416919
47119,5.416919
47139,5.416919
47159,5.416919
47179,5.416919
47199,5.416919
47219,5.416919
47239,5.416919
47259,5.416919
47279,5.416919
47299,5.416919
47319,5.416919
47339,5.416919
47359,5.416919
47379,5.416919
47399,5.416919
47419,5.416919
47439,5.416919
47459,5.416919
47479,5.416919
47499,5.416919
47519,5.416919
47539,5.416919
47559,5.416919
47579,5.416919
47599,5.416919
47619,5.416919
47639,5.416919
47659,5.416919
47679,5.416919
47699,5.416919
47719,5.416919
47739,5.416919
47759,5.416919
47779,5.416919
47799,5.416919
47819,5.416919
47839,5.416919
47859,5.416919
47879,5.416919
47899,5.416919
47919,5.416919
47939,5.416919
47959,5.416919
47979,5.416919
47999,5.416919
48019,5.416919
48039,5.416919
48059,5.416919
48079,5.416919
48099,5.416919
48119,5.416919
48139,5.416919
48159,5.416919
48179,5.416919
48199,5.416919
48219,5.416919
48239,5.416919
48259,5.416919
48279,5.416919
48299,5.416919
48319,5.416919
48339,5.416919
48359,5.416919
48379,5.416919
48399,5.416919
48419,5.416919
48439,5.416919
48459,5.416919
48479,5.416919
48499,5.416919
48519,5.416919
48539,5.416919
48559,5.416919
48579,5.416919
48599,5.416919
48619,5.416919
48639,5.416919
48659,5.416919
48679,5.416919
48699,5.416919
48719,5.416919
48739,5.416919
48759,5.416919
48779,5.416919
48799,5.416919
48819,5.416919
48839,5.416919
48859,5.416919
48879,5.416919
48899,5.416919
48919,5.416919
48939,5.416919
48959,5.416919
48979,5.416919
48999,5.416919
49019,5.416919
49039,5.416919
49059,5.416919
49079,5.416919
49099,5.416919
49119,5.416919
49139,5.416919
49159,5.416919
49179,5.416919
49199,5.416919
49219,5.416919
49239,5.416919
49259,5.416919
49279,5.416919
49299,5.416919
49319,5.416919
49339,5.416919
49359,5.416919
49379,5.416919
49399,5.416919
49419,5.416919
49439,5.416919
49459,5.416919
49479,5.416919
49499,5.416919
49519,5.416919
49539,5.416919
49559,5.416919
49579,5.416919
49599,5.416919
49619,5.416919
49639,5.416919
49659,5.416919
49679,5.416919
49699,5.416919
49719,5.416919
49739,5.416919
49759,5.416919
49779,5.416919
49799,5.416919
49819,5.416919
49839,5.416919
49859,5.416919
49879,5.416919
49899,5.416919
49919,5.416919
49939,5.416919
49959,5.416919
49979,5.416919
49999,5.416919
50019,5.416919
50039,5.416919
50059,4.716470
50079,5.416919
50099,5.416919
50119,5.416919
50139,5.416919
50159,5.416919
50179,5.416919
50199,5.416919
50219,5.416919
50239,5.416919
50259,5.416919
50279,4.578948
50299,5.416919
50319,5.416919
50339,5.416919
50359,5.416919
50379,5.416919
50399,5.416919
50419,5.416919
50439,5.416919
50459,5.416919
50479,5.416919
50499,5.416919
50519,5.416919
50539,5.416919
50559,5.416919
50579,5.416919
50599,5.416919
50619,5.416919
50639,5.416919
50659,5.416919
50679,5.416919
50699,5.416919
50719,5.416919
50739,5.416919
50759,5.416919
50779,5.416919
50799,5.416919
50819,5.416919
50839,5.416919
50859,5.416919
50879,5.416919
50899,5.416919
50919,5.416919
50939,5.416919
50959,5.416919
50979,5.416919
50999,5.416919
51019,5.416919
51039,5.416919
51059,5.416919
51079,5.416919
51099,5.416919
51119,5.416919
51139,5.416919
51159,5.416919
51179,5.416919
51199,5.416919
51219,5.416919
51239,5.416919
51259,5.416919
51279,5.416919
51299,5.416919
51319,5.416919
51339,5.416919
51359,5.416919
51379,5.416919
51399,5.416919
51419,5.416919
51439,5.416919
51459,5.416919
51479,5.416919
51499,5.416919
51519,5.416919
51539,5.416919
51559,5.416919
51579,5.416919
51599,5.416919
51619,5.416919
51639,5.416919
51659,5.416919
51679,5.416919
51699,5.416919
51719,5.416919
51739,5.416919
51759,5.416919
51779,5.416919
51799,5.416919
51819,5.416919
51839,5.416919
51859,5.416919
51879,5.416919
51899,5.416919
51919,5.416919
51939,5.416919
51959,5.416919
51979,5.416919
51999,5.416919
52019,5.416919
52039,5.416919
52059,5.416919
52079,5.416919
52099,5.416919
52119,5.416919
52139,5.416919
52159,5.416919
52179,5.416919
52199,5.416919
52219,5.416919
52239,5.416919
52259,5.416919
52279,5.416919
52299,5.416919
52319,5.416919
52339,5.416919
52359,5.416919
52379,5.416919
52399,5.416919
52419,5.416919
52439,5.416919
52459,5.416919
52479,5.416919
52499,5.416919
52519,5.416919
52539,5.416919
52559,5.416919
52579,5.416919
52599,5.416919
52619,5.416919
52639,5.416919
52659,5.416919
52679,5.416919
52699,5.416919
52719,5.416919
52739,5.416919
52759,5.416919
52779,5.416919
52799,5.416919
52819,5.416919
52839,5.416919
52859,5.416919
52879,5.416919
52899,5.416919
52919,5.416919
52939,5.416919
52959,5.416919
52979,5.416919
52999,5.416919
53019,5.416919
53039,5.416919
53059,5.416919
53079,5.416919
53099,5.416919
53119,5.416919
53139,5.416919
53159,5.416919
53179,5.416919
53199,5.416919
53219,5.416919
53239,5.416919
53259,5.416919
53279,5.416919
53299,5.416919
53319,5.416919
53339,5.416919
53359,5.416919
53379,5.416919
53399,5.416919
53419,5.416919
53439,5.416919
53459,5.416919
53479,5.416919
53499,5.416919
53519,5.416919
53539,5.416919
53559,5.416919
53579,5.416919
53599,5.416919
53619,5.416919
53639,5.416919
53659,5.416919
53679,5.416919
53699,5.416919
53719,5.416919
53739,5.416919
53759,5.416919
53779,5.416919
53799,5.416919
53819,5.416919
53839,5.416919
53859,5.416919
53879,5.416919
53899,5.416919
53919,5.416919
53939,5.416919
53959,5.416919
53979,5.416919
53999,5.416919
54019,5.416919
54039,5.416919
54059,5.416919
54079,5.416919
54099,5.416919
54119,5.416919
54139,5.416919
54159,5.416919
54179,5.416919
54199,5.416919
54219,5.416919
54239,5.416919
54259,5.416919
54279,5.416919
54299,5.416919
54319,5.416919
54339,5.416919
54359,5.416919
54379,5.416919
54399,5.416919
54419,5.416919
54439,5.416919
54459,5.416919
54479,5.416919
54499,5.416919
54519,4.578948
54539,5.416919
54559,5.416919
54579,5.416919
54599,5.416919
54619,5.416919
54639,5.416919
54659,5.416919
54679,0.356403
54699,5.416919
54719,5.416919
54739,5.416919
54759,5.416919
54779,5.416919
54799,5.416919
54819,5.416919
54839,5.416919
54859,5.416919
54879,5.416919
54899,5.416919
54919,5.416919
54939,5.416919
54959,5.416919
54979,5.416919
54999,5.416919
55019,5.416919
55039,5.416919
55059,5.416919
55079,5.416919
55099,5.416919
55119,5.416919
55139,5.416919
55159,5.416919
55179,5.416919
55199,5.416919
55219,5.416919
55239,5.416919
55259,5.416919
55279,5.416919
55299,5.416919
55319,5.416919
55339,5.416919
55359,5.416919
55379,5.416919
55399,5.416919
55419,5.416919
55439,5.416919
55459,5.416919
55479,5.416919
55499,5.416919
55519,5.416919
55539,5.416919
55559,5.416919
55579,5.416919
55599,5.416919
55619,5.416919
55639,5.416919
55659,5.416919
55679,5.416919
55699,5.416919
55719,5.416919
55739,5.416919
55759,5.416919
55779,5.416919
55799,5.416919
55819,5.416919
55839,5.416919
55859,5.416919
55879,5.416919
55899,5.416919
55919,5.416919
55939,5.416919
55959,5.416919
55979,5.416919
55999,5.416919
56019,5.416919
56039,5.416919
56059,5.416919
56079,5.416919
56099,5.416919
56119,5.416919
56139,5.416919
56159,5.416919
56179,5.416919
56199,5.416919
56219,5.416919
56239,5.416919
56259,5.416919
56279,5.416919
56299,5.416919
56319,5.416919
56339,5.416919
56359,5.416919
56379,5.416919
56399,5.416919
56419,5.416919
56439,5.416919
56459,5.416919
56479,5.416919
56499,5.416919
56519,5.416919
56539,5.416919
56559,5.416919
56579,5.416919
56599,5.416919
56619,5.416919
56639,5.416919
56659,5.416919
56679,5.416919
56699,5.416919
56719,5.416919
56739,5.416919
56759,5.416919
56779,5.416919
56799,5.416919
56819,5.416919
56839,5.416919
56859,5.416919
56879,5.416919
56899,5.416919
56919,5.416919
56939,5.416919
56959,5.416919
56979,5.416919
56999,5.416919
57019,5.416919
57039,5.416919
57059,5.416919
57079,5.416919
57099,5.416919
57119,5.416919
57139,5.416919
57159,5.416919
57179,5.416919
57199,4.578948
57219,5.416919
57239,5.416919
57259,5.416919
57279,5.416919
57299,5.416919
57319,5.416919
57339,5.416919
57359,5.416919
57379,5.416919
57399,5.416919
57419,5.416919
57439,5.416919
57459,5.416919
57479,5.416919
57499,5.416919
57519,5.416919
57539,5.416919
57559,5.416919
57579,5.416919
57599,5.416919
57619,5.416919
57639,5.416919
57659,5.416919
57679,5.416919
57699,5.416919
57719,5.416919
57739,5.416919
57759,5.416919
57779,5.416919
57799,5.416919
57819,5.416919
57839,5.416919
57859,5.416919
57879,5.416919
57899,5.416919
57919,5.416919
57939,5.416919
57959,5.416919
57979,5.416919
57999,5.416919
58019,5.416919
58039,5.416919
58059,5.416919
58079,5.416919
58099,5.416919
58119,5.416919
58139,5.416919
58159,5.416919
58179,5.416919
58199,5.416919
58219,5.416919
58239,5.416919
58259,5.416919
58279,5.416919
58299,5.416919
58319,5.416919
58339,5.416919
58359,5.416919
58379,5.416919
58399,5.416919
58419,5.416919
58439,5.416919
58459,5.416919
58479,5.416919
58499,5.416919
58519,5.416919
58539,5.416919
58559,5.416919
58579,5.416919
58599,5.416919
58619,5.416919
58639,5.416919
58659,5.416919
58679,5.416919
58699,5.416919
58719,5.416919
58739,5.416919
58759,5.416919
58779,5.416919
58799,5.416919
58819,5.416919
58839,5.416919
58859,5.416919
58879,5.416919
58899,5.416919
58919,5.416919
58939,5.416919
58959,5.416919
58979,5.416919
58999,5.416919
59019,5.416919
59039,5.416919
59059,5.416919
59079,5.416919
59099,5.416919
59119,5.416919
59139,5.416919
59159,5.416919
59179,5.416919
59199,5.416919
59219,5.416919
59239,5.416919
59259,5.416919
59279,5.416919
59299,5.416919
59319,5.416919
59339,5.416919
59359,5.416919
59379,5.416919
59399,5.416919
59419,5.416919
59439,5.416919
59459,5.416919
59479,5.416919
59499,5.416919
59519,5.416919
59539,5.416919
59559,5.416919
59579,5.416919
59599,5.416919
59619,5.416919
59639,5.416919
59659,5.416919
59679,5.416919
59699,5.416919
59719,5.416919
59739,5.416919
59759,5.416919
59779,5.416919
59799,5.416919
59819,5.416919
59839,5.416919
59859,5.416919
59879,5.416919
59899,5.416919
59919,5.416919
59939,4.578948
59959,4.244862
59979,5.416919
59999,5.416919
60019,5.416919
60039,5.416919
60059,5.416919
60079,5.416919
60099,5.416919
60119,5.416919
60139,5.416919
60159,5.416919
60179,5.416919
60199,5.416919
60219,5.416919
60239,5.416919
60259,5.416919
60279,5.416919
60299,5.416919
60319,5.416919
60339,5.416919
60359,5.416919
60379,5.416919
60399,5.416919
60419,5.416919
60439,5.416919
60459,5.416919
60479,5.416919
60499,5.416919
60519,5.416919
60539,5.416919
60559,5.416919
60579,5.416919
60599,5.416919
60619,5.416919
60639,5.416919
60659,5.416919
60679,5.416919
60699,5.416919
60719,5.416919
60739,5.416919
60759,5.416919
60779,5.416919
60799,5.416919
60819,5.416919
60839,5.416919
60859,5.416919
60879,5.416919
60899,5.416919
60919,5.416919
60939,5.416919
60959,5.416919
60979,5.416919
60999,5.416919
61019,5.416919
61039,5.416919
61059,5.416919
61079,5.416919
61099,5.416919
61119,5.416919
61139,5.416919
61159,5.416919
61179,5.416919
61199,5.416919
61219,5.416919
61239,5.416919
61259,5.416919
61279,5.416919
61299,5.416919
61319,5.416919
61339,5.416919
61359,5.416919
61379,5.416919
61399,5.416919
61419,5.416919
61439,5.416919
61459,5.416919
61479,5.416919
61499,5.416919
61519,5.416919
61539,5.416919
61559,5.416919
61579,5.416919
61599,5.416919
61619,5.416919
61639,5.416919
61659,5.416919
61679,5.416919
61699,5.416919
61719,5.416919
61739,5.416919
61759,5.416919
61779,5.416919
61799,5.416919
61819,5.416919
61839,5.416919
61859,5.416919
61879,5.416919
61899,5.416919
61919,5.416919
61939,5.416919
61959,5.416919
61979,5.416919
61999,5.416919
62019,5.416919
62039,5.416919
62059,5.416919
62079,5.416919
62099,5.416919
62119,5.416919
62139,5.416919
62159,5.416919
62179,5.416919
62199,5.416919
62219,5.416919
62239,5.416919
62259,5.416919
62279,5.416919
62299,5.416919
62319,5.416919
62339,5.416919
62359,5.416919
62379,5.416919
62399,5.416919
62419,5.416919
62439,5.416919
62459,5.416919
62479,5.416919
62499,5.416919
62519,5.416919
62539,5.416919
62559,5.416919
62579,5.416919
62599,5.416919
62619,5.416919
62639,5.416919
62659,5.416919
62679,5.416919
62699,5.416919
62719,5.416919
62739,5.416919
62759,5.416919
62779,5.416919
62799,5.416919
62819,5.416919
62839,5.416919
62859,5.416919
62879,5.416919
62899,5.416919
62919,5.416919
62939,5.416919
62959,5.416919
62979,5.416919
62999,5.416919
63019,5.416919
63039,5.416919
63059,5.416919
63079,5.416919
63099,5.416919
63119,5.416919
63139,5.416919
63159,5.416919
63179,5.416919
63199,5.416919
63219,5.416919
63239,5.416919
63259,5.416919
63279,5.416919
63299,5.416919
63319,5.416919
63339,5.416919
63359,5.416919
63379,5.416919
63399,5.416919
63419,5.416919
63439,5.416919
63459,5.416919
63479,5.416919
63499,5.416919
63519,5.416919
63539,5.416919
63559,5.416919
63579,5.416919
63599,5.416919
63619,5.416919
63639,5.416919
63659,5.416919
63679,5.416919
63699,5.416919
63719,5.416919
63739,5.416919
63759,5.416919
63779,5.416919
63799,5.416919
63819,5.416919
63839,5.416919
63859,5.416919
63879,5.416919
63899,5.416919
63919,5.416919
63939,5.416919
63959,5.416919
63979,5.416919
63999,5.416919
64019,5.416919
64039,5.416919
64059,5.416919
64079,5.416919
64099,5.416919
64119,5.416919
64139,5.416919
64159,5.416919
64179,5.416919
64199,5.416919
64219,5.416919
64239,5.416919
64259,5.416919
64279,5.416919
64299,5.416919
64319,5.416919
64339,5.416919
64359,5.416919
64379,5.416919
64399,5.416919
64419,5.416919
64439,5.416919
64459,5.416919
64479,5.416919
64499,5.416919
64519,5.416919
64539,5.416919
64559,5.416919
64579,5.416919
64599,5.416919
64619,5.416919
64639,5.416919
64659,5.416919
64679,5.416919
64699,5.416919
64719,5.416919
64739,5.416919
64759,5.416919
64779,5.416919
64799,5.416919
64819,5.416919
64839,5.416919
64859,5.416919
64879,5.416919
64899,5.416919
64919,5.416919
64939,5.416919
64959,5.416919
64979,5.416919
64999,5.416919
65019,5.416919
65039,5.416919
65059,5.416919
65079,5.416919
65099,5.416919
65119,5.416919
65139,5.416919
65159,5.416919
65179,5.416919
65199,5.416919
65219,5.416919
65239,5.416919
65259,5.416919
65279,5.416919
65299,5.416919
65319,5.416919
65339,5.416919
65359,5.416919
65379,5.416919
65399,5.416919
65419,5.416919
65439,5.416919
65459,5.416919
65479,5.416919
65499,5.416919
65519,5.416919
65539,5.416919
65559,5.416919
65579,5.416919
65599,5.416919
65619,5.416919
65639,5.416919
65659,5.416919
65679,5.416919
65699,5.416919
65719,5.416919
65739,5.416919
65759,5.416919
65779,5.416919
65799,5.416919
65819,5.416919
65839,5.416919
65859,5.416919
65879,5.416919
65899,5.416919
65919,5.416919
65939,5.416919
65959,5.416919
65979,5.416919
65999,5.416919
66019,5.416919
66039,5.416919
66059,5.416919
66079,5.416919
66099,5.416919
66119,5.416919
66139,5.416919
66159,5.416919
66179,5.416919
66199,5.416919
66219,5.416919
66239,5.416919
66259,5.416919
66279,5.416919
66299,5.416919
66319,5.416919
66339,5.416919
66359,5.416919
66379,5.416919
66399,5.416919
66419,5.416919
66439,5.416919
66459,5.416919
66479,5.416919
66499,5.416919
66519,5.416919
66539,5.416919
66559,5.416919
66579,5.416919
66599,5.416919
66619,5.416919
66639,5.416919
66659,5.416919
66679,5.416919
66699,5.416919
66719,5.416919
66739,5.416919
66759,5.416919
66779,5.416919
66799,5.416919
66819,5.416919
66839,5.416919
66859,5.416919
66879,5.416919
66899,5.416919
66919,5.416919
66939,5.416919
66959,5.416919
66979,5.416919
66999,5.416919
67019,5.416919
67039,5.416919
67059,5.416919
67079,5.416919
67099,5.416919
67119,5.416919
67139,5.416919
67159,5.416919
67179,5.416919
67199,5.416919
67219,5.416919
67239,5.416919
67259,5.416919
67279,5.416919
67299,5.416919
67319,5.416919
67339,5.416919
67359,5.416919
67379,5.416919
67399,5.416919
67419,5.416919
67439,5.416919
67459,5.416919
67479,5.416919
67499,5.416919
67519,5.416919
67539,5.416919
67559,5.416919
67579,5.416919
67599,5.416919
67619,5.416919
67639,5.416919
67659,5.416919
67679,5.416919
67699,5.416919
67719,5.416919
67739,5.416919
67759,5.416919
67779,5.416919
67799,5.416919
67819,5.416919
67839,5.416919
67859,5.416919
67879,3.754391
67899,5.416919
67919,5.416919
67939,5.416919
67959,5.416919
67979,5.416919
67999,5.416919
68019,5.416919
68039,5.416919
68059,5.416919
68079,5.416919
68099,5.416919
68119,5.416919
68139,5.416919
68159,5.416919
68179,5.416919
68199,5.416919
68219,5.416919
68239,5.416919
68259,5.416919
68279,5.416919
68299,5.416919
68319,5.416919
68339,5.416919
68359,5.416919
68379,5.416919
68399,5.416919
68419,5.416919
68439,5.416919
68459,5.416919
68479,5.416919
68499,5.416919
68519,5.416919
68539,5.416919
68559,5.416919
68579,5.416919
68599,5.416919
68619,5.416919
68639,5.416919
68659,5.416919
68679,5.416919
68699,5.416919
68719,5.416919
68739,5.416919
68759,5.416919
68779,5.416919
68799,5.416919
68819,5.416919
68839,5.416919
68859,5.416919
68879,5.416919
68899,5.416919
68919,5.416919
68939,5.416919
68959,5.416919
68979,5.416919
68999,5.416919
69019,5.416919
69039,5.416919
69059,5.416919
69079,5.416919
69099,5.416919
69119,5.416919
69139,5.416919
69159,5.416919
69179,5.416919
69199,5.416919
69219,5.416919
69239,5.416919
69259,5.416919
69279,5.416919
69299,5.416919
69319,5.416919
69339,5.416919
69359,5.416919
69379,5.416919
69399,5.416919
69419,5.416919
69439,5.416919
69459,5.416919
69479,5.416919
69499,5.416919
69519,5.416919
69539,5.416919
69559,5.416919
69579,5.416919
69599,5.416919
69619,5.416919
69639,5.416919
69659,5.416919
69679,5.416919
69699,5.416919
69719,5.416919
69739,5.416919
69759,5.416919
69779,5.416919
69799,5.416919
69819,5.416919
69839,5.416919
69859,5.416919
69879,5.416919
69899,5.416919
69919,5.416919
69939,5.416919
69959,5.416919
69979,5.416919
69999,5.416919
70019,5.416919
70039,5.416919
70059,5.416919
70079,5.416919
70099,5.416919
70119,5.416919
70139,5.416919
70159,5.416919
70179,5.416919
70199,5.416919
70219,5.416919
70239,5.416919
70259,5.416919
70279,5.416919
70299,5.416919
70319,5.416919
70339,5.416919
70359,5.416919
70379,5.416919
70399,5.416919
70419,5.416919
70439,5.416919
70459,5.416919
70479,5.416919
70499,5.416919
70519,5.416919
70539,5.416919
70559,5.416919
70579,5.416919
70599,5.416919
70619,5.416919
70639,5.416919
70659,5.416919
70679,5.416919
70699,5.416919
70719,5.416919
70739,5.416919
70759,5.416919
70779,5.416919
70799,5.416919
70819,5.416919
70839,5.416919
70859,5.416919
70879,5.416919
70899,5.416919
70919,5.416919
70939,5.416919
70959,5.416919
70979,5.416919
70999,5.416919
71019,5.416919
71039,5.416919
71059,5.416919
71079,5.416919
71099,5.416919
71119,5.416919
71139,5.416919
71159,5.416919
71179,5.416919
71199,5.416919
71219,5.416919
71239,5.416919
71259,5.416919
71279,5.416919
71299,5.416919
71319,5.416919
71339,5.416919
71359,5.416919
71379,5.416919
71399,5.416919
71419,5.416919
71439,5.416919
71459,5.416919
71479,5.416919
71499,5.416919
71519,5.416919
71539,5.416919
71559,5.416919
71579,5.416919
71599,5.416919
71619,5.416919
71639,5.416919
71659,5.416919
71679,5.416919
71699,5.416919
71719,5.416919
71739,5.416919
71759,5.416919
71779,5.416919
71799,5.416919
71819,5.416919
71839,5.416919
71859,5.416919
71879,5.416919
71899,5.416919
71919,5.416919
71939,5.416919
71959,5.416919
71979,5.416919
71999,5.416919
72019,5.416919
72039,5.416919
72059,5.416919
72079,5.416919
72099,5.416919
72119,5.416919
72139,5.416919
72159,5.416919
72179,5.416919
72199,5.416919
72219,5.416919
72239,5.416919
72259,5.416919
72279,5.416919
72299,5.416919
72319,5.416919
72339,5.416919
72359,5.416919
72379,5.416919
72399,5.416919
72419,5.416919
72439,5.416919
72459,5.416919
72479,5.416919
72499,5.416919
72519,5.416919
72539,5.416919
72559,5.416919
72579,5.416919
72599,5.416919
72619,5.416919
72639,5.416919
72659,5.416919
72679,5.416919
72699,5.416919
72719,5.416919
72739,5.416919
72759,5.416919
72779,5.416919
72799,5.416919
72819,5.416919
72839,5.416919
72859,5.416919
72879,5.416919
72899,5.416919
72919,5.416919
72939,5.416919
72959,5.416919
72979,5.416919
72999,5.416919
73019,5.416919
73039,5.416919
73059,5.416919
73079,5.416919
73099,5.416919
73119,5.416919
73139,5.416919
73159,5.416919
73179,5.416919
73199,5.416919
73219,5.416919
73239,5.416919
73259,5.416919
73279,5.416919
73299,5.416919
73319,5.416919
73339,5.416919
73359,5.416919
73379,5.416919
73399,5.416919
73419,5.416919
73439,5.416919
73459,5.416919
73479,5.416919
73499,5.416919
73519,5.416919
73539,5.416919
73559,5.416919
73579,5.416919
73599,5.416919
73619,5.416919
73639,2.542656
73659,5.416919
73679,5.416919
73699,5.416919
73719,5.416919
73739,5.416919
73759,5.416919
73779,5.416919
73799,5.416919
73819,5.416919
73839,5.416919
73859,5.416919
73879,5.416919
73899,5.416919
73919,5.416919
73939,5.416919
73959,5.416919
73979,5.416919
73999,5.416919
74019,5.416919
74039,5.416919
74059,5.416919
74079,5.416919
74099,5.416919
74119,5.416919
74139,5.416919
74159,5.416919
74179,5.416919
74199,5.416919
74219,5.416919
74239,5.416919
74259,5.416919
74279,5.416919
74299,5.416919
74319,5.441338
74339,5.416919
74359,5.368402
74379,5.441338
74399,5.416919
74419,5.441338
74439,5.416919
74459,5.416919
74479,5.416919
74499,5.416919
74519,5.416919
74539,5.416919
74559,5.416919
74579,5.416919
74599,5.416919
74619,5.416919
74639,5.416919
74659,5.416919
74679,5.416919
74699,5.416919
74719,5.416919
74739,5.416919
74759,5.416919
74779,5.416919
74799,5.416919
74819,5.416919
74839,5.416919
74859,5.416919
74879,5.416919
74899,5.416919
74919,5.416919
74939,5.416919
74959,5.416919
74979,5.416919
74999,5.416919
75019,5.416919
75039,5.416919
75059,5.416919
75079,5.416919
75099,5.416919
75119,5.416919
75139,5.416919
75159,5.416919
75179,5.416919
75199,5.416919
75219,5.416919
75239,5.416919
75259,5.416919
75279,5.416919
75299,5.416919
75319,5.416919
75339,5.416919
75359,5.416919
75379,5.416919
75399,5.416919
75419,5.416919
75439,5.416919
75459,5.416919
75479,5.416919
75499,5.416919
75519,5.416919
75539,5.416919
75559,5.416919
75579,5.416919
75599,5.416919
75619,5.416919
75639,5.416919
75659,5.416919
75679,5.416919
75699,5.416919
75719,5.416919
75739,5.416919
75759,5.416919
75779,5.416919
75799,5.416919
75819,5.416919
75839,5.416919
75859,5.416919
75879,5.416919
75899,5.416919
75919,5.416919
75939,5.416919
75959,5.416919
75979,5.416919
75999,5.416919
76019,5.416919
76039,5.416919
76059,5.416919
76079,5.416919
76099,5.416919
76119,5.416919
76139,5.416919
76159,5.416919
76179,5.416919
76199,5.416919
76219,5.416919
76239,5.416919
76259,5.416919
76279,5.416919
76299,5.416919
76319,5.416919
76339,5.416919
76359,5.416919
76379,5.416919
76399,5.416919
76419,5.416919
76439,5.416919
76459,5.416919
76479,5.416919
76499,5.416919
76519,5.416919
76539,5.416919
76559,5.416919
76579,5.416919
76599,5.416919
76619,5.416919
76639,5.416919
76659,5.416919
76679,5.416919
76699,5.416919
76719,5.416919
76739,5.416919
76759,5.416919
76779,5.416919
76799,5.416919
76819,5.416919
76839,5.416919
76859,5.416919
76879,5.416919
76899,5.416919
76919,5.416919
76939,5.416919
76959,5.416919
76979,5.416919
76999,5.416919
77019,5.416919
77039,5.416919
77059,5.416919
77079,5.416919
77099,5.416919
77119,5.416919
77139,5.416919
77159,5.416919
77179,5.416919
77199,5.416919
77219,5.416919
77239,5.416919
77259,5.416919
77279,5.416919
77299,5.416919
77319,5.416919
77339,5.416919
77359,5.416919
77379,5.416919
77399,5.416919
77419,5.416919
77439,5.416919
77459,5.416919
77479,5.416919
77499,5.416919
77519,5.416919
77539,5.416919
77559,5.416919
77579,5.416919
77599,5.416919
77619,5.416919
77639,5.416919
77659,5.416919
77679,5.416919
77699,5.416919
77719,5.416919
77739,5.416919
77759,5.416919
77779,5.416919
77799,5.416919
77819,5.416919
77839,5.416919
77859,5.416919
77879,5.416919
77899,5.416919
77919,5.416919
77939,5.416919
77959,5.416919
77979,5.416919
77999,5.416919
78019,5.416919
78039,5.416919
78059,5.416919
78079,5.416919
78099,5.416919
78119,5.416919
78139,5.416919
78159,5.416919
78179,5.416919
78199,5.416919
78219,5.416919
78239,5.416919
78259,5.416919
78279,5.416919
78299,5.416919
78319,5.416919
78339,5.416919
78359,5.416919
78379,5.416919
78399,5.416919
78419,5.416919
78439,5.416919
78459,5.416919
78479,5.416919
78499,5.416919
78519,5.416919
78539,5.416919
78559,5.416919
78579,5.416919
78599,5.416919
78619,5.416919
78639,5.416919
78659,5.416919
78679,5.416919
78699,5.416919
78719,5.416919
78739,5.416919
78759,5.416919
78779,5.416919
78799,5.416919
78819,5.416919
78839,5.416919
78859,5.416919
78879,5.416919
78899,5.416919
78919,5.416919
78939,5.416919
78959,5.416919
78979,5.416919
78999,5.416919
79019,5.416919
79039,5.416919
79059,5.416919
79079,5.416919
79099,5.416919
79119,5.416919
79139,5.416919
79159,5.416919
79179,5.416919
79199,5.416919
79219,5.416919
79239,5.416919
79259,5.416919
79279,5.416919
79299,5.416919
79319,5.416919
79339,5.416919
79359,5.416919
79379,5.416919
79399,5.416919
79419,5.416919
79439,5.416919
79459,5.416919
79479,5.416919
79499,5.416919
79519,5.416919
79539,5.416919
79559,5.416919
79579,5.416919
79599,5.416919
79619,5.416919
79639,5.416919
79659,5.416919
79679,5.416919
79699,5.416919
79719,5.416919
79739,5.416919
79759,5.416919
79779,5.416919
79799,5.416919
79819,5.416919
79839,5.416919
79859,5.416919
79879,5.416919
79899,5.416919
79919,5.416919
79939,5.416919
79959,5.416919
79979,5.416919
79999,5.416919
80019,5.416919
80039,5.416919
80059,5.416919
80079,5.416919
80099,5.416919
80119,5.416919
80139,5.416919
80159,5.416919
80179,5.416919
80199,5.416919
80219,5.416919
80239,5.416919
80259,5.416919
80279,5.416919
80299,5.416919
80319,5.416919
80339,5.416919
80359,5.416919
80379,5.416919
80399,5.416919
80419,5.416919
80439,5.416919
80459,5.416919
80479,5.416919
80499,5.416919
80519,5.416919
80539,5.416919
80559,5.416919
80579,5.416919
80599,5.416919
80619,5.416919
80639,5.416919
80659,5.416919
80679,5.416919
80699,5.416919
80719,5.416919
80739,5.416919
80759,5.416919
80779,5.416919
80799,5.416919
80819,5.416919
80839,5.416919
80859,5.416919
80879,5.416919
80899,5.416919
80919,5.416919
80939,5.416919
80959,5.416919
80979,5.416919
80999,5.416919
81019,5.416919
81039,5.416919
81059,5.416919
81079,5.416919
81099,5.416919
81119,5.416919
81139,5.416919
81159,5.416919
81179,5.416919
81199,5.416919
81219,5.416919
81239,5.416919
81259,5.416919
81279,5.416919
81299,5.416919
81319,5.416919
81339,5.416919
81359,5.416919
81379,5.416919
81399,5.416919
81419,5.416919
81439,5.416919
81459,5.416919
81479,5.416919
81499,5.416919
81519,5.416919
81539,5.416919
81559,5.416919
81579,5.416919
81599,5.416919
81619,5.416919
81639,5.416919
81659,5.416919
81679,5.416919
81699,5.416919
81719,5.416919
81739,5.416919
81759,5.416919
81779,5.416919
81799,5.416919
81819,5.416919
81839,5.416919
81859,5.416919
81879,5.416919
81899,5.416919
81919,5.416919
81939,5.416919
81959,5.416919
81979,5.416919
81999,5.416919
82019,5.416919
82039,5.416919
82059,5.416919
82079,5.416919
82099,5.416919
82119,5.416919
82139,5.416919
82159,5.416919
82179,5.416919
82199,5.416919
82219,5.416919
82239,5.416919
82259,5.416919
82279,5.416919
82299,5.416919
82319,5.416919
82339,5.416919
82359,5.416919
82379,5.416919
82399,5.416919
82419,5.416919
82439,5.416919
82459,5.416919
82479,5.416919
82499,5.416919
82519,5.416919
82539,5.416919
82559,5.416919
82579,5.416919
82599,5.416919
82619,5.416919
82639,5.416919
82659,5.416919
82679,5.416919
82699,5.416919
82719,5.416919
82739,5.416919
82759,5.416919
82779,5.416919
82799,5.416919
82819,5.416919
82839,5.416919
82859,5.416919
82879,5.416919
82899,5.416919
82919,5.416919
82939,5.416919
82959,5.416919
82979,5.416919
82999,5.416919
83019,5.416919
83039,5.416919
83059,5.416919
83079,5.416919
83099,5.416919
83119,5.416919
83139,5.416919
83159,5.416919
83179,5.416919
83199,5.416919
83219,5.416919
83239,5.416919
83259,5.416919
83279,5.416919
83299,5.416919
83319,5.416919
83339,5.416919
83359,5.416919
83379,5.416919
83399,5.416919
83419,5.416919
83439,5.416919
83459,5.416919
83479,5.416919
83499,5.416919
83519,5.416919
83539,5.416919
83559,5.416919
83579,5.416919
83599,5.416919
83619,5.416919
83639,5.416919
83659,5.416919
83679,5.416919
83699,5.416919
83719,5.416919
83739,5.416919
83759,5.416919
83779,5.416919
83799,5.416919
83819,5.416919
83839,5.416919
83859,5.416919
83879,5.416919
83899,5.416919
83919,5.416919
83939,5.416919
83959,5.416919
83979,5.416919
83999,5.416919
84019,5.416919
84039,5.416919
84059,5.416919
84079,5.416919
84099,5.416919
84119,5.416919
84139,5.416919
84159,5.416919
84179,5.416919
84199,5.416919
84219,5.416919
84239,5.416919
84259,5.416919
84279,5.416919
84299,5.416919
84319,5.416919
84339,5.416919
84359,5.416919
84379,5.416919
84399,5.416919
84419,5.416919
84439,5.416919
84459,5.416919
84479,5.416919
84499,5.416919
84519,5.416919
84539,5.416919
84559,5.416919
84579,5.416919
84599,5.416919
84619,5.416919
84639,5.416919
84659,5.416919
84679,5.416919
84699,5.416919
84719,5.416919
84739,5.416919
84759,5.416919
84779,5.416919
84799,5.416919
84819,5.416919
84839,5.416919
84859,5.416919
84879,5.416919
84899,5.416919
84919,5.416919
84939,5.416919
84959,5.416919
84979,5.416919
84999,5.416919
85019,5.416919
85039,5.416919
85059,5.416919
85079,5.416919
85099,5.416919
85119,5.416919
85139,5.416919
85159,5.416919
85179,5.416919
85199,5.416919
85219,5.416919
85239,5.416919
85259,5.416919
85279,5.416919
85299,5.416919
85319,5.416919
85339,5.416919
85359,5.416919
85379,5.416919
85399,5.416919
85419,5.416919
85439,5.416919
85459,5.416919
85479,5.416919
85499,5.416919
85519,5.416919
85539,5.416919
85559,5.416919
85579,5.416919
85599,5.416919
85619,5.416919
85639,5.416919
85659,5.416919
85679,5.416919
85699,5.416919
85719,5.416919
85739,5.416919
85759,5.416919
85779,5.416919
85799,5.416919
85819,5.416919
85839,5.416919
85859,5.416919
85879,5.416919
85899,5.416919
85919,5.416919
85939,5.416919
85959,5.416919
85979,5.416919
85999,5.416919
86019,5.416919
86039,5.416919
86059,5.416919
86079,5.416919
86099,5.416919
86119,5.416919
86139,5.416919
86159,5.416919
86179,5.416919
86199,5.416919
86219,5.416919
86239,5.416919
86259,5.416919
86279,5.416919
86299,5.416919
86319,5.416919
86339,5.416919
86359,4.578948
86379,5.416919
86399,5.416919
86419,5.416919
86439,5.416919
86459,5.416919
86479,5.416919
86499,5.416919
86519,5.416919
86539,5.416919
86559,5.416919
86579,5.416919
86599,5.416919
86619,5.416919
86639,5.416919
86659,5.416919
86679,5.416919
86699,5.416919
86719,5.416919
86739,5.416919
86759,5.416919
86779,5.416919
86799,5.416919
86819,5.416919
86839,5.416919
86859,5.416919
86879,5.416919
86899,5.416919
86919,5.416919
86939,5.416919
86959,5.416919
86979,5.416919
86999,5.416919
87019,5.416919
87039,5.416919
87059,5.416919
87079,5.416919
87099,5.416919
87119,5.416919
87139,1.339948
87159,5.416919
87179,5.416919
87199,5.416919
87219,5.416919
87239,5.416919
87259,5.416919
87279,5.416919
87299,5.416919
87319,5.416919
87339,5.416919
87359,5.416919
87379,5.416919
87399,5.416919
87419,5.416919
87439,5.416919
87459,5.416919
87479,5.416919
87499,5.416919
87519,5.416919
87539,5.416919
87559,5.416919
87579,5.416919
87599,5.416919
87619,5.416919
87639,5.416919
87659,5.416919
87679,5.416919
87699,5.416919
87719,5.416919
87739,5.416919
87759,5.416919
87779,5.416919
87799,5.416919
87819,5.416919
87839,5.416919
87859,5.416919
87879,5.416919
87899,5.416919
87919,5.416919
87939,5.416919
87959,5.416919
87979,5.416919
87999,5.416919
88019,5.416919
88039,5.416919
88059,5.416919
88079,5.416919
88099,5.416919
88119,5.416919
88139,5.416919
88159,5.416919
88179,5.416919
88199,5.416919
88219,5.416919
88239,5.416919
88259,5.416919
88279,5.416919
88299,5.416919
88319,5.416919
88339,5.416919
88359,5.416919
88379,5.416919
88399,5.416919
88419,5.416919
88439,5.416919
88459,5.416919
88479,5.416919
88499,5.416919
88519,5.416919
88539,5.416919
88559,5.416919
88579,5.416919
88599,5.416919
88619,5.416919
88639,5.416919
88659,5.416919
88679,5.416919
88699,5.416919
88719,5.416919
88739,5.416919
88759,5.416919
88779,5.416919
88799,5.416919
88819,5.416919
88839,5.416919
88859,5.416919
88879,5.416919
88899,5.416919
88919,5.416919
88939,5.416919
88959,5.416919
88979,5.416919
88999,5.416919
89019,5.416919
89039,5.416919
89059,5.416919
89079,5.416919
89099,5.416919
89119,5.416919
89139,5.416919
89159,5.416919
89179,5.416919
89199,5.416919
89219,5.416919
89239,5.416919
89259,5.416919
89279,5.416919
89299,5.416919
89319,5.416919
89339,5.416919
89359,5.416919
89379,5.416919
89399,5.416919
89419,5.416919
89439,5.416919
89459,5.416919
89479,5.416919
89499,5.416919
89519,5.416919
89539,5.416919
89559,5.416919
89579,5.416919
89599,5.416919
89619,5.416919
89639,5.416919
89659,5.416919
89679,5.416919
89699,5.416919
89719,5.416919
89739,5.416919
89759,5.416919
89779,5.416919
89799,5.416919
89819,5.416919
89839,5.416919
89859,5.416919
89879,5.416919
89899,5.416919
89919,5.416919
89939,5.416919
89959,5.416919
89979,5.416919
89999,5.416919
90019,5.416919
90039,5.416919
90059,5.416919
90079,5.416919
90099,5.416919
90119,5.416919
90139,5.416919
90159,5.416919
90179,5.416919
90199,5.416919
90219,5.416919
90239,5.416919
90259,5.416919
90279,5.416919
90299,5.416919
90319,5.416919
90339,5.416919
90359,5.416919
90379,5.416919
90399,5.416919
90419,5.416919
90439,5.416919
90459,5.416919
90479,5.416919
90499,5.416919
90519,5.416919
90539,5.416919
90559,5.416919
90579,5.416919
90599,5.416919
90619,5.416919
90639,5.416919
90659,5.416919
90679,5.416919
90699,5.416919
90719,5.416919
90739,5.416919
90759,5.416919
90779,5.416919
90799,5.416919
90819,5.416919
90839,5.416919
90859,5.416919
90879,5.416919
90899,5.416919
90919,5.416919
90939,5.416919
90959,5.416919
90979,5.416919
90999,5.416919
91019,5.416919
91039,5.416919
91059,5.416919
91079,5.416919
91099,5.416919
91119,5.416919
91139,5.416919
91159,5.416919
91179,5.416919
91199,5.416919
91219,5.416919
91239,5.416919
91259,5.416919
91279,5.416919
91299,5.416919
91319,5.416919
91339,5.416919
91359,5.416919
91379,5.416919
91399,5.416919
91419,5.416919
91439,5.416919
91459,5.416919
91479,5.416919
91499,5.416919
91519,5.416919
91539,5.416919
91559,5.416919
91579,5.416919
91599,5.416919
91619,5.416919
91639,5.416919
91659,5.416919
91679,5.416919
91699,5.416919
91719,5.416919
91739,5.416919
91759,5.416919
91779,5.416919
91799,5.416919
91819,5.416919
91839,5.416919
91859,5.416919
91879,5.416919
91899,5.416919
91919,5.416919
91939,5.416919
91959,5.416919
91979,5.416919
91999,5.416919
92019,5.416919
92039,5.416919
92059,5.416919
92079,5.416919
92099,5.416919
92119,5.416919
92139,5.416919
92159,5.416919
92179,5.416919
92199,5.416919
92219,5.416919
92239,5.416919
92259,5.416919
92279,5.416919
92299,5.416919
92319,5.416919
92339,5.416919
92359,5.416919
92379,5.416919
92399,5.416919
92419,5.416919
92439,5.416919
92459,5.416919
92479,5.416919
92499,5.416919
92519,5.416919
92539,5.416919
92559,5.416919
92579,5.416919
92599,5.416919
92619,5.416919
92639,5.416919
92659,5.416919
92679,5.416919
92699,5.416919
92719,5.416919
92739,5.416919
92759,5.416919
92779,5.416919
92799,5.416919
92819,5.416919
92839,5.416919
92859,5.416919
92879,5.416919
92899,5.416919
92919,5.416919
92939,5.416919
92959,5.416919
92979,5.416919
92999,5.416919
93019,5.416919
93039,5.416919
93059,5.416919
93079,5.416919
93099,5.416919
93119,5.416919
93139,5.416919
93159,5.416919
93179,5.416919
93199,5.416919
93219,5.416919
93239,5.416919
93259,5.416919
93279,5.416919
93299,5.416919
93319,5.416919
93339,5.416919
93359,5.416919
93379,5.416919
93399,5.416919
93419,5.416919
93439,5.416919
93459,5.416919
93479,5.416919
93499,5.416919
93519,5.416919
93539,5.416919
93559,5.416919
93579,5.416919
93599,5.416919
93619,5.416919
93639,5.416919
93659,5.416919
93679,5.416919
93699,5.416919
93719,5.416919
93739,5.416919
93759,5.416919
93779,5.416919
93799,5.416919
93819,5.416919
93839,5.416919
93859,5.416919
93879,5.416919
93899,5.416919
93919,5.416919
93939,5.416919
93959,5.416919
93979,5.416919
93999,5.416919
94019,5.416919
94039,5.416919
94059,5.416919
94079,5.416919
94099,5.416919
94119,5.416919
94139,5.416919
94159,5.416919
94179,5.416919
94199,5.416919
94219,5.416919
94239,5.416919
94259,5.416919
94279,5.416919
94299,5.416919
94319,5.416919
94339,5.416919
94359,5.416919
94379,5.416919
94399,5.416919
94419,5.416919
94439,5.416919
94459,5.416919
94479,5.416919
94499,5.416919
94519,5.416919
94539,5.416919
94559,5.416919
94579,5.416919
94599,5.416919
94619,5.416919
94639,5.416919
94659,5.416919
94679,5.416919
94699,5.416919
94719,5.416919
94739,5.416919
94759,5.416919
94779,5.416919
94799,5.416919
94819,5.416919
94839,5.416919
94859,5.416919
94879,5.416919
94899,5.416919
94919,5.416919
94939,5.416919
94959,5.416919
94979,5.416919
94999,5.416919
95019,5.416919
95039,5.416919
95059,5.416919
95079,5.416919
95099,5.416919
95119,5.416919
95139,5.416919
95159,5.416919
95179,5.416919
95199,5.416919
95219,5.416919
95239,5.416919
95259,5.416919
95279,5.416919
95299,5.416919
95319,5.416919
95339,5.416919
95359,5.416919
95379,5.416919
95399,5.416919
95419,5.416919
95439,5.416919
95459,5.416919
95479,5.416919
95499,5.416919
95519,5.416919
95539,5.416919
95559,5.416919
95579,5.416919
95599,5.416919
95619,5.416919
95639,5.416919
95659,5.416919
95679,5.416919
95699,5.416919
95719,5.416919
95739,5.416919
95759,5.416919
95779,5.416919
95799,5.416919
95819,5.416919
95839,5.416919
95859,5.416919
95879,5.416919
95899,5.416919
95919,5.416919
95939,5.416919
95959,5.416919
95979,5.416919
95999,5.416919
96019,5.416919
96039,5.416919
96059,5.416919
96079,5.416919
96099,5.416919
96119,5.416919
96139,5.416919
96159,5.416919
96179,5.416919
96199,5.416919
96219,5.416919
96239,5.416919
96259,5.416919
96279,5.416919
96299,5.416919
96319,5.416919
96339,5.416919
96359,5.416919
96379,5.416919
96399,5.416919
96419,5.416919
96439,5.416919
96459,5.416919
96479,5.416919
96499,5.416919
96519,5.416919
96539,5.416919
96559,5.416919
96579,5.416919
96599,5.416919
96619,5.416919
96639,5.416919
96659,5.416919
96679,5.416919
96699,5.416919
96719,5.416919
96739,5.416919
96759,5.416919
96779,5.416919
96799,5.416919
96819,5.416919
96839,5.416919
96859,5.416919
96879,5.416919
96899,5.416919
96919,5.416919
96939,5.416919
96959,5.416919
96979,5.416919
96999,5.416919
97019,5.416919
97039,5.416919
97059,5.416919
97079,5.416919
97099,5.416919
97119,5.416919
97139,5.416919
97159,5.416919
97179,5.416919
97199,5.416919
97219,5.416919
97239,5.416919
97259,5.416919
97279,5.416919
97299,5.416919
97319,5.416919
97339,5.416919
97359,5.416919
97379,5.416919
97399,5.416919
97419,5.416919
97439,5.416919
97459,5.416919
97479,5.416919
97499,5.416919
97519,5.416919
97539,5.416919
97559,5.416919
97579,5.416919
97599,5.416919
97619,5.416919
97639,5.416919
97659,5.416919
97679,5.416919
97699,5.416919
97719,5.416919
97739,5.416919
97759,5.416919
97779,5.416919
97799,5.416919
97819,5.416919
97839,5.416919
97859,5.416919
97879,5.416919
97899,5.416919
97919,5.416919
97939,5.416919
97959,5.416919
97979,5.416919
97999,5.416919
98019,5.416919
98039,5.416919
98059,5.416919
98079,5.416919
98099,5.416919
98119,5.416919
98139,5.416919
98159,5.416919
98179,5.416919
98199,5.416919
98219,5.416919
98239,5.416919
98259,5.416919
98279,5.416919
98299,5.416919
98319,5.416919
98339,5.416919
98359,5.416919
98379,5.416919
98399,5.416919
98419,5.416919
98439,5.416919
98459,5.416919
98479,5.416919
98499,5.416919
98519,5.416919
98539,5.416919
98559,5.416919
98579,5.416919
98599,5.416919
98619,5.416919
98639,5.416919
98659,5.416919
98679,5.416919
98699,5.416919
98719,5.416919
98739,5.416919
98759,5.416919
98779,5.416919
98799,5.416919
98819,5.416919
98839,5.416919
98859,5.416919
98879,5.416919
98899,5.416919
98919,5.416919
98939,5.416919
98959,5.416919
98979,5.416919
98999,5.416919
99019,5.416919
99039,5.416919
99059,5.416919
99079,5.416919
99099,5.416919
99119,5.416919
99139,5.416919
99159,5.416919
99179,5.416919
99199,5.416919
99219,5.416919
99239,5.416919
99259,5.416919
99279,5.416919
99299,5.416919
99319,5.416919
99339,5.416919
99359,5.416919
99379,5.416919
99399,5.416919
99419,5.416919
99439,5.416919
99459,5.416919
99479,5.416919
99499,5.416919
99519,5.416919
99539,5.416919
99559,5.416919
99579,5.416919
99599,5.416919
99619,5.416919
99639,5.416919
99659,5.416919
99679,5.416919
99699,5.416919
99719,5.416919
99739,5.416919
99759,5.416919
99779,5.416919
99799,5.416919
99819,5.416919
99839,5.416919
99859,5.416919
99879,5.416919
99899,5.416919
99919,5.416919
99939,5.416919
99959,5.416919
99979,5.416919
99999,5.416919
