19,-17.630854
39,-4.591544
59,-0.681701
79,-17.630854
99,-6.384369
119,-0.048436
139,-7.700367
159,-17.630854
179,-17.630854
199,1.930389
219,-0.005622
239,-6.454383
259,-4.246533
279,-4.864897
299,3.469236
319,-15.943090
339,-11.587969
359,4.073182
379,-10.311368
399,-17.630854
419,0.367309
439,0.600687
459,-16.635829
479,-2.187575
499,-3.427399
519,2.514337
539,2.387344
559,-3.047521
579,-10.268891
599,-13.934755
619,1.522001
639,-0.716356
659,2.459644
679,0.382145
699,3.232455
719,-17.630854
739,-2.384217
759,-9.136646
779,-1.751837
799,-17.630854
819,-17.630854
839,4.024076
859,-1.327536
879,-15.720026
899,1.486793
919,4.092665
939,2.478835
959,-17.414638
979,0.567846
999,-0.684858
1019,2.695825
1039,4.849075
1059,2.583815
1079,3.431252
1099,0.032439
1119,3.676219
1139,5.201004
1159,4.847022
1179,3.015466
1199,3.021320
1219,1.302970
1239,3.146020
1259,4.847022
1279,2.405247
1299,2.863199
1319,4.492250
1339,2.387180
1359,1.712212
1379,3.937773
1399,1.617542
1419,4.000352
1439,3.355693
1459,4.434459
1479,4.296644
1499,2.909687
1519,0.064999
1539,4.216393
1559,4.847022
1579,3.034016
1599,3.383639
1619,4.053734
1639,4.964027
1659,3.383639
1679,2.881967
1699,2.478835
1719,4.669409
1739,4.669409
1759,3.355693
1779,4.669409
1799,4.513258
1819,3.554065
1839,4.096662
1859,3.259246
1879,4.135426
1899,4.591368
1919,4.789075
1939,4.789075
1959,4.789075
1979,4.789075
1999,4.591368
2019,4.789075
2039,4.591368
2059,4.492250
2079,4.492250
2099,4.591368
2119,3.554065
2139,4.789075
2159,4.058035
2179,3.259246
2199,4.058035
2219,4.058035
2239,4.551932
2259,2.863199
2279,2.863199
2299,4.789075
2319,4.058035
2339,4.551932
2359,3.554065
2379,4.789075
2399,4.551932
2419,4.551932
2439,4.789075
2459,4.789075
2479,4.789075
2499,4.789075
2519,3.243365
2539,4.789075
2559,4.197008
2579,4.200132
2599,4.200132
2619,4.200132
2639,4.200132
2659,4.200132
2679,4.551932
2699,4.611139
2719,4.591368
2739,4.789075
2759,4.789075
2779,4.591368
2799,3.259246
2819,4.394013
2839,3.383639
2859,4.789075
2879,4.492250
2899,3.497167
2919,3.259246
2939,3.259246
2959,4.789075
2979,4.789075
2999,4.789075
3019,4.789075
3039,4.789075
3059,4.492250
3079,4.789075
3099,3.383639
3119,4.789075
3139,4.789075
3159,4.135426
3179,4.135426
3199,4.135426
3219,4.789075
3239,4.135426
3259,4.789075
3279,4.591368
3299,4.591368
3319,2.863199
3339,4.789075
3359,4.789075
3379,4.789075
3399,4.492250
3419,4.789075
3439,3.383639
3459,4.789075
3479,4.058035
3499,3.259246
3519,3.383639
3539,4.611139
3559,4.492250
3579,4.135426
3599,4.135426
3619,4.135426
3639,4.135426
3659,4.591368
3679,4.789075
3699,4.789075
3719,4.492250
3739,4.789075
3759,2.863199
3779,4.789075
3799,4.789075
3819,4.058035
3839,2.863199
3859,4.492250
3879,2.476866
3899,4.789075
3919,3.976289
3939,3.383639
3959,4.551932
3979,4.789075
3999,4.135426
4019,4.135426
4039,4.789075
4059,4.789075
4079,4.135426
4099,4.492250
4119,3.259246
4139,4.769146
4159,4.669409
4179,5.588143
4199,4.354962
4219,5.588143
4239,5.588143
4259,4.669409
4279,5.588143
4299,3.259246
4319,4.472533
4339,4.492250
4359,4.492250
4379,5.588143
4399,5.588143
4419,5.588143
4439,4.670663
4459,4.492250
4479,4.789075
4499,5.588143
4519,5.588143
4539,5.588143
4559,5.588143
4579,3.259246
4599,5.588143
4619,3.976289
4639,5.588143
4659,5.588143
4679,3.918567
4699,4.492250
4719,4.492250
4739,5.588143
4759,5.588143
4779,5.588143
4799,5.588143
4819,5.588143
4839,5.588143
4859,5.588143
4879,5.588143
4899,3.355693
4919,5.588143
4939,5.588143
4959,5.588143
4979,5.588143
4999,5.588143
5019,5.588143
5039,5.588143
5059,5.588143
5079,5.588143
5099,4.492250
5119,4.591368
5139,4.492250
5159,5.588143
5179,5.588143
5199,5.588143
5219,4.492250
5239,5.588143
5259,5.588143
5279,5.588143
5299,5.588143
5319,5.588143
5339,5.588143
5359,5.588143
5379,5.588143
5399,5.588143
5419,5.588143
5439,5.588143
5459,5.588143
5479,5.588143
5499,5.588143
5519,5.588143
5539,3.355693
5559,5.588143
5579,5.588143
5599,5.588143
5619,5.722965
5639,5.588143
5659,5.588143
5679,5.588143
5699,5.722965
5719,5.722965
5739,4.077331
5759,4.689784
5779,4.376188
5799,4.376188
5819,4.571633
5839,4.493817
5859,5.160665
5879,4.571789
5899,5.160665
5919,3.139065
5939,5.160665
5959,2.333175
5979,4.376188
5999,4.571633
6019,4.689784
6039,4.571789
6059,5.276635
6079,3.259246
6099,3.431093
6119,5.276635
6139,3.431093
6159,5.588143
6179,5.276635
6199,3.880257
6219,3.880257
6239,4.571789
6259,5.276635
6279,5.276635
6299,4.294280
6319,5.432526
6339,4.864752
6359,4.906857
6379,5.160665
6399,4.789075
6419,4.493817
6439,4.316049
6459,5.160665
6479,5.432526
6499,5.588143
6519,5.588143
6539,5.276635
6559,5.276635
6579,5.276635
6599,4.906857
6619,4.904357
6639,4.904357
6659,4.906857
6679,4.906857
6699,4.906857
6719,5.588143
6739,4.906857
6759,4.906857
6779,4.906857
6799,4.906857
6819,4.611139
6839,5.276635
6859,4.493817
6879,5.276635
6899,5.276635
6919,5.276635
6939,5.276635
6959,5.276635
6979,5.276635
6999,5.276635
7019,3.880257
7039,3.487158
7059,3.497167
7079,5.377996
7099,5.276635
7119,4.200132
7139,3.336888
7159,4.135426
7179,4.135426
7199,4.135426
7219,2.478835
7239,5.377996
7259,5.377996
7279,5.276635
7299,4.376188
7319,5.160665
7339,5.160665
7359,5.160665
7379,5.276635
7399,5.160665
7419,5.160665
7439,5.160665
7459,4.906857
7479,5.160665
7499,5.276635
7519,5.276635
7539,5.276635
7559,5.276635
7579,5.276635
7599,5.276635
7619,5.276635
7639,5.276635
7659,5.276635
7679,5.276635
7699,5.276635
7719,4.906857
7739,4.983987
7759,5.276635
7779,5.276635
7799,5.276635
7819,5.276635
7839,5.276635
7859,5.276635
7879,5.276635
7899,5.276635
7919,5.276635
7939,4.433203
7959,5.276635
7979,4.983987
7999,4.433203
8019,5.276635
8039,5.276635
8059,5.276635
8079,5.276635
8099,4.906857
8119,4.906857
8139,4.906857
8159,5.276635
8179,5.276635
8199,5.276635
8219,5.276635
8239,5.276635
8259,5.276635
8279,4.906857
8299,5.276635
8319,5.276635
8339,5.276635
8359,4.906857
8379,4.906857
8399,4.906857
8419,5.276635
8439,5.276635
8459,5.276635
8479,5.276635
8499,5.276635
8519,5.276635
8539,4.906857
8559,5.276635
8579,4.906857
8599,5.276635
8619,5.276635
8639,5.276635
8659,5.276635
8679,4.906857
8699,4.906857
8719,5.276635
8739,5.276635
8759,5.276635
8779,5.276635
8799,5.276635
8819,5.276635
8839,5.276635
8859,5.276635
8879,5.276635
8899,4.906857
8919,5.276635
8939,5.276635
8959,4.906857
8979,5.276635
8999,4.906857
9019,5.276635
9039,4.906857
9059,5.276635
9079,4.906857
9099,4.906857
9119,5.276635
9139,4.906857
9159,4.906857
9179,5.276635
9199,4.906857
9219,5.276635
9239,4.906857
9259,5.160665
9279,4.906857
9299,5.276635
9319,5.276635
9339,5.276635
9359,4.906857
9379,5.160665
9399,5.276635
9419,5.276635
9439,5.276635
9459,4.906857
9479,4.906857
9499,4.906857
9519,4.906857
9539,5.276635
9559,5.276635
9579,5.276635
9599,5.276635
9619,5.276635
9639,5.276635
9659,5.276635
9679,5.276635
9699,5.276635
9719,4.906857
9739,5.276635
9759,5.276635
9779,4.906857
9799,5.276635
9819,5.276635
9839,4.906857
9859,5.160665
9879,5.276635
9899,5.276635
9919,5.160665
9939,5.160665
9959,5.160665
9979,5.160665
9999,5.160665
10019,5.160665
10039,5.160665
10059,5.160665
10079,5.160665
10099,5.160665
10119,5.160665
10139,5.160665
10159,5.160665
10179,5.160665
10199,5.160665
10219,5.160665
10239,5.160665
10259,5.160665
10279,5.160665
10299,5.160665
10319,5.160665
10339,5.160665
10359,5.160665
10379,5.160665
10399,5.160665
10419,5.160665
10439,5.160665
10459,5.160665
10479,5.160665
10499,5.160665
10519,5.160665
10539,5.160665
10559,5.160665
10579,5.160665
10599,5.160665
10619,5.160665
10639,5.160665
10659,5.160665
10679,5.160665
10699,5.160665
10719,5.160665
10739,5.160665
10759,5.160665
10779,5.160665
10799,5.160665
10819,5.160665
10839,5.160665
10859,5.160665
10879,5.160665
10899,5.160665
10919,5.160665
10939,5.160665
10959,5.160665
10979,5.160665
10999,5.160665
11019,5.160665
11039,5.160665
11059,5.160665
11079,5.160665
11099,5.160665
11119,5.160665
11139,5.160665
11159,5.160665
11179,5.160665
11199,5.160665
11219,5.160665
11239,5.160665
11259,5.160665
11279,5.160665
11299,5.160665
11319,5.160665
11339,5.160665
11359,5.160665
11379,5.160665
11399,5.160665
11419,5.160665
11439,5.160665
11459,5.160665
11479,5.160665
11499,5.160665
11519,5.160665
11539,5.160665
11559,5.160665
11579,5.160665
11599,5.160665
11619,5.160665
11639,5.160665
11659,5.160665
11679,5.160665
11699,5.160665
11719,5.160665
11739,5.160665
11759,5.160665
11779,5.160665
11799,4.689784
11819,4.689784
11839,5.160665
11859,5.160665
11879,0.060021
11899,4.767735
11919,5.160665
11939,5.160665
11959,5.160665
11979,5.160665
11999,3.976289
12019,5.160665
12039,5.160665
12059,5.160665
12079,5.160665
12099,5.160665
12119,5.160665
12139,5.160665
12159,5.160665
12179,5.160665
12199,5.160665
12219,5.160665
12239,5.160665
12259,5.160665
12279,5.160665
12299,5.160665
12319,5.160665
12339,5.160665
12359,5.160665
12379,5.160665
12399,5.160665
12419,5.160665
12439,5.160665
12459,5.160665
12479,5.160665
12499,5.160665
12519,5.160665
12539,5.160665
12559,5.160665
12579,5.160665
12599,5.160665
12619,5.160665
12639,5.160665
12659,5.160665
12679,5.160665
12699,5.160665
12719,5.160665
12739,5.160665
12759,5.160665
12779,5.160665
12799,5.160665
12819,5.160665
12839,5.160665
12859,5.160665
12879,5.160665
12899,5.160665
12919,5.160665
12939,5.160665
12959,5.160665
12979,5.160665
12999,5.160665
13019,5.160665
13039,5.160665
13059,5.160665
13079,5.160665
13099,5.160665
13119,5.160665
13139,5.160665
13159,5.160665
13179,5.160665
13199,5.160665
13219,5.160665
13239,5.160665
13259,5.160665
13279,4.689784
13299,5.160665
13319,5.160665
13339,5.160665
13359,5.160665
13379,5.160665
13399,5.160665
13419,4.689784
13439,5.160665
13459,5.160665
13479,5.160665
13499,5.160665
13519,5.160665
13539,5.160665
13559,5.160665
13579,5.160665
13599,5.160665
13619,5.160665
13639,5.160665
13659,5.160665
13679,5.160665
13699,5.160665
13719,5.160665
13739,5.160665
13759,5.160665
13779,5.160665
13799,5.160665
13819,5.160665
13839,5.160665
13859,5.160665
13879,5.160665
13899,4.689784
13919,5.160665
13939,5.160665
13959,5.160665
13979,5.160665
13999,5.160665
14019,5.160665
14039,5.160665
14059,5.160665
14079,5.160665
14099,5.160665
14119,5.160665
14139,5.160665
14159,5.160665
14179,5.160665
14199,5.160665
14219,5.160665
14239,5.160665
14259,5.160665
14279,5.160665
14299,5.160665
14319,5.160665
14339,5.160665
14359,5.160665
14379,5.160665
14399,5.160665
14419,5.160665
14439,5.160665
14459,5.160665
14479,4.689784
14499,5.160665
14519,5.160665
14539,5.160665
14559,5.160665
14579,5.160665
14599,5.160665
14619,5.160665
14639,5.160665
14659,5.160665
14679,5.160665
14699,5.160665
14719,5.160665
14739,5.160665
14759,5.160665
14779,5.160665
14799,5.160665
14819,5.160665
14839,5.160665
14859,5.160665
14879,5.160665
14899,5.160665
14919,5.160665
14939,5.160665
14959,5.160665
14979,5.160665
14999,5.160665
15019,5.160665
15039,5.160665
15059,5.160665
15079,5.160665
15099,5.160665
15119,5.160665
15139,5.160665
15159,5.160665
15179,5.160665
15199,5.160665
15219,5.160665
15239,5.160665
15259,5.160665
15279,5.160665
15299,5.160665
15319,5.160665
15339,5.160665
15359,5.160665
15379,5.160665
15399,5.160665
15419,5.160665
15439,5.160665
15459,5.160665
15479,5.160665
15499,5.160665
15519,5.160665
15539,5.160665
15559,5.160665
15579,5.160665
15599,5.160665
15619,5.160665
15639,5.160665
15659,2.659001
15679,3.497167
15699,4.394013
15719,4.709572
15739,2.550964
15759,2.799254
15779,5.160665
15799,5.160665
15819,4.571789
15839,5.160665
15859,5.160665
15879,5.160665
15899,5.160665
15919,5.160665
15939,5.160665
15959,5.160665
15979,5.160665
15999,5.160665
16019,5.160665
16039,4.354962
16059,5.160665
16079,5.160665
16099,5.160665
16119,5.160665
16139,5.160665
16159,5.160665
16179,5.160665
16199,5.160665
16219,5.160665
16239,5.160665
16259,5.160665
16279,5.160665
16299,5.160665
16319,2.891198
16339,5.160665
16359,4.689784
16379,5.160665
16399,5.160665
16419,5.160665
16439,5.160665
16459,5.160665
16479,5.160665
16499,5.160665
16519,5.160665
16539,5.160665
16559,5.160665
16579,5.160665
16599,5.160665
16619,5.160665
16639,5.160665
16659,5.160665
16679,5.160665
16699,5.160665
16719,5.160665
16739,5.160665
16759,5.160665
16779,5.160665
16799,5.160665
16819,5.160665
16839,5.160665
16859,5.160665
16879,5.160665
16899,5.160665
16919,5.160665
16939,5.160665
16959,5.160665
16979,5.160665
16999,5.160665
17019,5.160665
17039,5.160665
17059,5.160665
17079,5.160665
17099,5.160665
17119,5.160665
17139,5.160665
17159,5.160665
17179,5.160665
17199,5.160665
17219,5.160665
17239,5.160665
17259,5.160665
17279,5.160665
17299,5.160665
17319,5.160665
17339,5.160665
17359,5.160665
17379,5.160665
17399,5.160665
17419,5.160665
17439,5.160665
17459,5.160665
17479,5.160665
17499,5.160665
17519,5.160665
17539,5.160665
17559,5.160665
17579,5.160665
17599,5.160665
17619,4.372724
17639,4.374470
17659,5.160665
17679,5.160665
17699,5.160665
17719,5.160665
17739,5.160665
17759,5.160665
17779,5.160665
17799,5.160665
17819,5.160665
17839,5.160665
17859,5.160665
17879,5.160665
17899,5.160665
17919,5.160665
17939,5.160665
17959,4.372724
17979,5.160665
17999,5.160665
18019,4.372724
18039,4.372724
18059,4.372724
18079,4.372724
18099,4.372724
18119,4.372724
18139,4.372724
18159,4.372724
18179,4.372724
18199,4.372724
18219,4.372724
18239,4.372724
18259,4.372724
18279,4.372724
18299,4.372724
18319,4.372724
18339,4.372724
18359,4.374470
18379,4.372724
18399,4.372724
18419,4.372724
18439,4.372724
18459,4.374470
18479,4.372724
18499,4.372724
18519,4.372724
18539,4.374470
18559,3.899395
18579,3.899395
18599,3.899395
18619,3.899395
18639,4.372724
18659,3.899395
18679,3.899395
18699,3.899395
18719,3.899395
18739,3.899395
18759,3.899395
18779,3.899395
18799,3.899395
18819,3.899395
18839,3.899395
18859,4.374470
18879,3.899395
18899,4.374470
18919,4.374470
18939,4.372724
18959,4.372724
18979,4.372724
18999,4.374470
19019,4.374470
19039,4.374470
19059,4.374470
19079,4.372724
19099,4.374470
19119,4.374470
19139,4.372724
19159,4.374470
19179,4.374470
19199,4.372724
19219,4.372724
19239,4.372724
19259,4.374470
19279,4.372724
19299,4.374470
19319,4.372724
19339,4.372724
19359,4.374470
19379,4.372724
19399,4.372724
19419,4.372724
19439,4.372724
19459,4.372724
19479,4.372724
19499,4.372724
19519,4.372724
19539,4.372724
19559,4.374470
19579,4.374470
19599,4.372724
19619,4.372724
19639,4.372724
19659,4.372724
19679,4.374470
19699,4.372724
19719,4.372724
19739,4.372724
19759,4.372724
19779,4.372724
19799,4.372724
19819,4.372724
19839,4.372724
19859,4.372724
19879,4.372724
19899,4.372724
19919,4.372724
19939,4.372724
19959,4.372724
19979,4.372724
19999,4.372724
20019,4.372724
20039,4.372724
20059,4.372724
20079,4.372724
20099,4.372724
20119,4.372724
20139,4.372724
20159,4.372724
20179,4.372724
20199,4.372724
20219,4.372724
20239,4.372724
20259,4.372724
20279,4.372724
20299,4.372724
20319,4.372724
20339,4.372724
20359,4.372724
20379,4.372724
20399,4.372724
20419,4.372724
20439,4.372724
20459,4.372724
20479,4.372724
20499,4.372724
20519,4.372724
20539,4.372724
20559,4.372724
20579,4.372724
20599,4.372724
20619,4.372724
20639,4.372724
20659,4.372724
20679,4.372724
20699,4.372724
20719,4.372724
20739,4.372724
20759,4.372724
20779,4.372724
20799,4.372724
20819,4.372724
20839,4.372724
20859,4.372724
20879,4.372724
20899,4.372724
20919,4.372724
20939,4.372724
20959,4.372724
20979,4.372724
20999,4.372724
21019,4.372724
21039,4.372724
21059,4.372724
21079,4.372724
21099,4.372724
21119,4.571789
21139,4.374470
21159,4.372724
21179,4.372724
21199,4.372724
21219,4.374470
21239,4.372724
21259,4.372724
21279,4.372724
21299,4.372724
21319,4.372724
21339,4.372724
21359,4.372724
21379,4.372724
21399,4.372724
21419,4.372724
21439,4.372724
21459,4.372724
21479,4.372724
21499,4.372724
21519,4.372724
21539,4.372724
21559,4.372724
21579,4.374470
21599,4.372724
21619,4.372724
21639,4.372724
21659,4.372724
21679,4.372724
21699,4.372724
21719,4.372724
21739,4.372724
21759,4.372724
21779,4.372724
21799,4.372724
21819,4.372724
21839,4.374470
21859,4.372724
21879,4.374470
21899,4.372724
21919,4.372724
21939,4.374470
21959,4.374470
21979,4.374470
21999,4.372724
22019,4.374470
22039,4.372724
22059,4.372724
22079,4.372724
22099,4.372724
22119,4.374470
22139,4.372724
22159,4.374470
22179,4.374470
22199,4.372724
22219,4.372724
22239,4.372724
22259,4.372724
22279,4.372724
22299,4.372724
22319,4.374470
22339,4.372724
22359,4.372724
22379,4.372724
22399,4.372724
22419,4.372724
22439,4.372724
22459,4.372724
22479,4.372724
22499,4.374470
22519,4.374470
22539,4.374470
22559,4.372724
22579,4.372724
22599,4.374470
22619,4.372724
22639,4.374470
22659,4.374470
22679,4.374470
22699,4.374470
22719,4.374470
22739,4.374470
22759,4.374470
22779,4.372724
22799,4.374470
22819,4.374470
22839,4.374470
22859,4.374470
22879,4.374470
22899,4.372724
22919,4.372724
22939,4.374470
22959,4.374470
22979,4.372724
22999,4.372724
23019,4.374470
23039,4.374470
23059,4.374470
23079,4.374470
23099,4.374470
23119,4.374470
23139,4.374470
23159,4.374470
23179,4.374470
23199,4.374470
23219,4.374470
23239,4.374470
23259,4.374470
23279,4.374470
23299,4.372724
23319,4.374470
23339,4.374470
23359,4.374470
23379,4.374470
23399,4.372724
23419,4.374470
23439,4.374470
23459,4.374470
23479,4.372724
23499,4.374470
23519,4.374470
23539,4.374470
23559,4.374470
23579,4.374470
23599,4.374470
23619,4.374470
23639,4.374470
23659,4.374470
23679,4.374470
23699,4.374470
23719,4.374470
23739,4.374470
23759,4.374470
23779,4.374470
23799,4.374470
23819,4.374470
23839,4.374470
23859,4.374470
23879,4.374470
23899,4.374470
23919,4.374470
23939,4.374470
23959,4.374470
23979,4.374470
23999,4.374470
24019,4.374470
24039,4.374470
24059,4.374470
24079,4.374470
24099,4.374470
24119,4.374470
24139,4.374470
24159,4.374470
24179,4.374470
24199,4.374470
24219,4.374470
24239,4.374470
24259,4.374470
24279,4.374470
24299,4.374470
24319,4.374470
24339,4.374470
24359,4.374470
24379,4.374470
24399,4.374470
24419,4.374470
24439,4.374470
24459,4.374470
24479,4.374470
24499,4.374470
24519,4.374470
24539,4.374470
24559,4.374470
24579,4.374470
24599,4.374470
24619,4.374470
24639,4.374470
24659,4.374470
24679,4.374470
24699,4.374470
24719,4.374470
24739,4.374470
24759,4.374470
24779,4.374470
24799,4.374470
24819,4.374470
24839,4.374470
24859,4.374470
24879,4.374470
24899,4.374470
24919,4.374470
24939,4.374470
24959,4.374470
24979,4.374470
24999,4.374470
25019,4.374470
25039,4.374470
25059,4.374470
25079,4.374470
25099,4.374470
25119,4.374470
25139,4.374470
25159,4.374470
25179,4.374470
25199,4.374470
25219,4.374470
25239,4.374470
25259,4.374470
25279,4.374470
25299,4.374470
25319,4.374470
25339,4.374470
25359,4.374470
25379,4.374470
25399,4.374470
25419,4.374470
25439,4.374470
25459,4.374470
25479,4.374470
25499,4.374470
25519,4.374470
25539,4.374470
25559,4.374470
25579,4.374470
25599,4.374470
25619,4.374470
25639,4.374470
25659,4.374470
25679,4.374470
25699,4.374470
25719,4.374470
25739,4.372724
25759,4.374470
25779,4.374470
25799,4.374470
25819,4.374470
25839,4.374470
25859,3.259246
25879,4.374470
25899,4.374470
25919,4.374470
25939,4.374470
25959,4.374470
25979,4.374470
25999,4.374470
26019,4.374470
26039,4.611139
26059,4.374470
26079,4.374470
26099,4.374470
26119,4.374470
26139,4.374470
26159,4.374470
26179,4.374470
26199,4.374470
26219,4.374470
26239,4.374470
26259,4.374470
26279,4.374470
26299,4.374470
26319,4.374470
26339,4.374470
26359,4.374470
26379,4.374470
26399,4.374470
26419,4.374470
26439,4.374470
26459,4.374470
26479,4.374470
26499,4.374470
26519,4.374470
26539,4.374470
26559,4.374470
26579,4.374470
26599,4.374470
26619,4.374470
26639,4.374470
26659,4.374470
26679,4.374470
26699,4.374470
26719,4.374470
26739,4.374470
26759,4.374470
26779,4.374470
26799,4.374470
26819,4.374470
26839,4.374470
26859,4.374470
26879,4.374470
26899,4.374470
26919,4.374470
26939,4.374470
26959,4.374470
26979,4.374470
26999,4.374470
27019,4.374470
27039,4.374470
27059,4.374470
27079,4.374470
27099,4.374470
27119,4.374470
27139,4.374470
27159,4.374470
27179,4.374470
27199,4.374470
27219,4.374470
27239,4.374470
27259,4.374470
27279,4.374470
27299,4.374470
27319,4.374470
27339,4.374470
27359,4.374470
27379,4.374470
27399,4.374470
27419,4.374470
27439,4.374470
27459,4.374470
27479,4.374470
27499,4.374470
27519,4.374470
27539,4.374470
27559,4.374470
27579,4.374470
27599,4.374470
27619,4.374470
27639,4.374470
27659,4.374470
27679,4.374470
27699,4.374470
27719,4.374470
27739,4.374470
27759,4.374470
27779,4.374470
27799,4.374470
27819,4.374470
27839,4.374470
27859,4.374470
27879,4.374470
27899,4.374470
27919,4.374470
27939,4.374470
27959,4.374470
27979,4.374470
27999,4.374470
28019,4.374470
28039,4.374470
28059,4.374470
28079,4.374470
28099,4.374470
28119,4.374470
28139,4.374470
28159,4.374470
28179,4.374470
28199,4.374470
28219,4.374470
28239,4.374470
28259,4.374470
28279,4.374470
28299,4.374470
28319,4.374470
28339,4.374470
28359,4.374470
28379,4.374470
28399,4.374470
28419,4.374470
28439,4.374470
28459,4.374470
28479,4.374470
28499,4.374470
28519,4.374470
28539,-1.721763
28559,4.374470
28579,4.374470
28599,4.374470
28619,4.374470
28639,4.374470
28659,4.374470
28679,4.374470
28699,4.374470
28719,4.374470
28739,4.374470
28759,4.374470
28779,4.374470
28799,4.374470
28819,4.374470
28839,4.374470
28859,4.374470
28879,4.374470
28899,4.374470
28919,4.374470
28939,4.374470
28959,4.374470
28979,4.374470
28999,4.374470
29019,4.374470
29039,4.374470
29059,4.374470
29079,4.374470
29099,4.374470
29119,4.374470
29139,4.374470
29159,4.374470
29179,4.374470
29199,4.374470
29219,4.374470
29239,4.374470
29259,4.374470
29279,4.374470
29299,4.374470
29319,4.374470
29339,4.374470
29359,4.374470
29379,4.374470
29399,4.374470
29419,4.376188
29439,4.374470
29459,4.372724
29479,4.374470
29499,4.372724
29519,4.374470
29539,4.374470
29559,4.372724
29579,4.374470
29599,4.374470
29619,4.374470
29639,4.374470
29659,4.374470
29679,4.374470
29699,4.374470
29719,4.374470
29739,4.374470
29759,4.374470
29779,4.374470
29799,4.374470
29819,4.235813
29839,4.374470
29859,3.412311
29879,4.372724
29899,3.176321
29919,4.374470
29939,4.372724
29959,4.372724
29979,4.372724
29999,4.372724
30019,4.372724
30039,4.372724
30059,4.372724
30079,4.372724
30099,4.372724
30119,4.374470
30139,4.372724
30159,4.374470
30179,4.372724
30199,4.374470
30219,4.374470
30239,4.374470
30259,4.374470
30279,4.372724
30299,4.374470
30319,4.372724
30339,4.372724
30359,4.372724
30379,4.372724
30399,4.374470
30419,4.374470
30439,4.372724
30459,4.374470
30479,4.374470
30499,4.374470
30519,4.374470
30539,4.374470
30559,4.374470
30579,4.374470
30599,4.374470
30619,4.374470
30639,4.374470
30659,4.374470
30679,4.374470
30699,4.374470
30719,4.374470
30739,4.374470
30759,4.374470
30779,4.374470
30799,4.374470
30819,4.374470
30839,4.374470
30859,4.374470
30879,4.374470
30899,4.374470
30919,4.374470
30939,4.374470
30959,4.374470
30979,4.374470
30999,4.374470
31019,4.374470
31039,4.374470
31059,4.374470
31079,4.374470
31099,4.374470
31119,4.374470
31139,4.374470
31159,4.374470
31179,4.374470
31199,4.374470
31219,4.374470
31239,4.374470
31259,4.374470
31279,4.374470
31299,4.374470
31319,4.374470
31339,4.374470
31359,4.374470
31379,4.374470
31399,4.374470
31419,4.374470
31439,4.374470
31459,4.374470
31479,4.374470
31499,4.374470
31519,4.374470
31539,4.374470
31559,4.374470
31579,4.374470
31599,4.374470
31619,4.374470
31639,4.374470
31659,4.374470
31679,4.374470
31699,4.374470
31719,4.374470
31739,4.374470
31759,4.374470
31779,4.374470
31799,4.372724
31819,4.374470
31839,4.374470
31859,4.374470
31879,4.374470
31899,4.374470
31919,4.374470
31939,4.374470
31959,4.374470
31979,4.374470
31999,4.374470
32019,4.374470
32039,4.374470
32059,4.374470
32079,4.374470
32099,4.374470
32119,4.374470
32139,4.374470
32159,4.374470
32179,4.374470
32199,4.374470
32219,4.374470
32239,4.374470
32259,4.374470
32279,4.374470
32299,4.374470
32319,4.374470
32339,4.374470
32359,4.374470
32379,4.374470
32399,4.374470
32419,4.374470
32439,4.374470
32459,4.374470
32479,4.374470
32499,4.374470
32519,4.374470
32539,4.374470
32559,4.374470
32579,4.374470
32599,4.374470
32619,4.374470
32639,4.374470
32659,4.374470
32679,4.374470
32699,4.374470
32719,4.374470
32739,4.374470
32759,4.374470
32779,4.374470
32799,4.374470
32819,4.374470
32839,4.374470
32859,4.374470
32879,4.374470
32899,4.374470
32919,4.374470
32939,4.374470
32959,4.374470
32979,4.374470
32999,4.374470
33019,4.374470
33039,4.374470
33059,4.374470
33079,4.374470
33099,4.374470
33119,4.374470
33139,4.374470
33159,4.374470
33179,4.374470
33199,4.374470
33219,4.374470
33239,4.374470
33259,4.374470
33279,4.374470
33299,4.374470
33319,4.374470
33339,4.374470
33359,4.374470
33379,4.374470
33399,4.374470
33419,4.374470
33439,4.374470
33459,4.374470
33479,4.374470
33499,4.374470
33519,4.374470
33539,4.374470
33559,4.374470
33579,4.374470
33599,4.374470
33619,4.374470
33639,4.374470
33659,4.374470
33679,4.374470
33699,4.374470
33719,4.374470
33739,4.374470
33759,4.374470
33779,4.374470
33799,4.374470
33819,4.374470
33839,4.374470
33859,4.374470
33879,4.374470
33899,4.374470
33919,4.374470
33939,4.374470
33959,4.374470
33979,4.374470
33999,4.374470
34019,4.374470
34039,4.374470
34059,4.374470
34079,4.374470
34099,4.374470
34119,4.374470
34139,4.374470
34159,4.374470
34179,4.374470
34199,4.374470
34219,4.374470
34239,4.374470
34259,4.374470
34279,4.374470
34299,4.374470
34319,4.374470
34339,4.374470
34359,4.374470
34379,4.374470
34399,4.374470
34419,4.374470
34439,4.374470
34459,4.374470
34479,4.374470
34499,4.374470
34519,4.374470
34539,4.374470
34559,4.374470
34579,4.374470
34599,4.374470
34619,4.374470
34639,4.374470
34659,4.374470
34679,4.374470
34699,4.374470
34719,4.374470
34739,4.374470
34759,4.235813
34779,4.374470
34799,4.235813
34819,4.374470
34839,4.374470
34859,4.374470
34879,4.374470
34899,4.374470
34919,4.374470
34939,4.374470
34959,4.374470
34979,4.374470
34999,4.374470
35019,4.374470
35039,4.374470
35059,4.374470
35079,4.374470
35099,4.374470
35119,4.374470
35139,4.235813
35159,4.374470
35179,4.374470
35199,4.374470
35219,4.374470
35239,4.374470
35259,4.374470
35279,4.374470
35299,4.374470
35319,4.374470
35339,4.374470
35359,4.374470
35379,4.374470
35399,4.374470
35419,4.374470
35439,4.374470
35459,4.235813
35479,4.374470
35499,4.374470
35519,4.374470
35539,4.374470
35559,4.374470
35579,4.374470
35599,4.235813
35619,4.374470
35639,4.374470
35659,4.374470
35679,4.374470
35699,4.374470
35719,4.374470
35739,4.374470
35759,4.374470
35779,4.374470
35799,4.374470
35819,4.374470
35839,4.374470
35859,4.374470
35879,4.374470
35899,4.374470
35919,4.374470
35939,4.374470
35959,4.374470
35979,4.374470
35999,4.374470
36019,4.374470
36039,4.374470
36059,4.374470
36079,4.374470
36099,4.374470
36119,4.374470
36139,4.374470
36159,4.235813
36179,4.374470
36199,4.374470
36219,4.374470
36239,4.374470
36259,4.374470
36279,4.374470
36299,4.374470
36319,4.374470
36339,4.374470
36359,4.374470
36379,4.374470
36399,4.374470
36419,4.374470
36439,4.374470
36459,4.374470
36479,4.374470
36499,4.374470
36519,4.235813
36539,4.374470
36559,4.374470
36579,4.374470
36599,4.374470
36619,4.374470
36639,4.374470
36659,4.374470
36679,4.374470
36699,4.235813
36719,4.374470
36739,4.235813
36759,4.374470
36779,4.374470
36799,4.374470
36819,4.235813
36839,4.235813
36859,4.374470
36879,4.372724
36899,4.235813
36919,4.374470
36939,4.372724
36959,4.235813
36979,4.374470
36999,4.235813
37019,4.235813
37039,4.374470
37059,4.374470
37079,4.235813
37099,4.235813
37119,4.235813
37139,4.374470
37159,4.235813
37179,4.374470
37199,4.235813
37219,4.235813
37239,4.235813
37259,4.235813
37279,4.235813
37299,4.235813
37319,4.235813
37339,4.235813
37359,4.235813
37379,4.235813
37399,4.235813
37419,4.235813
37439,4.235813
37459,4.235813
37479,4.235813
37499,4.235813
37519,4.235813
37539,4.235813
37559,4.235813
37579,4.235813
37599,4.235813
37619,4.235813
37639,4.235813
37659,4.235813
37679,4.235813
37699,4.235813
37719,4.235813
37739,4.235813
37759,4.235813
37779,4.235813
37799,4.235813
37819,4.235813
37839,4.235813
37859,4.235813
37879,4.235813
37899,4.235813
37919,4.235813
37939,4.235813
37959,4.235813
37979,4.235813
37999,4.235813
38019,4.235813
38039,4.235813
38059,4.235813
38079,4.235813
38099,4.235813
38119,4.235813
38139,4.235813
38159,4.235813
38179,4.235813
38199,4.235813
38219,4.235813
38239,4.235813
38259,4.235813
38279,4.235813
38299,4.235813
38319,4.235813
38339,4.235813
38359,4.235813
38379,4.235813
38399,4.235813
38419,4.235813
38439,4.235813
38459,4.235813
38479,4.235813
38499,4.235813
38519,4.235813
38539,4.235813
38559,4.235813
38579,4.235813
38599,4.235813
38619,4.235813
38639,4.235813
38659,4.235813
38679,4.235813
38699,4.235813
38719,4.235813
38739,4.235813
38759,4.235813
38779,4.235813
38799,4.235813
38819,4.235813
38839,4.235813
38859,4.235813
38879,4.235813
38899,4.235813
38919,4.235813
38939,4.235813
38959,4.235813
38979,4.235813
38999,4.235813
39019,4.235813
39039,4.235813
39059,4.235813
39079,4.235813
39099,4.235813
39119,4.235813
39139,4.235813
39159,4.235813
39179,4.235813
39199,4.235813
39219,4.235813
39239,4.235813
39259,4.235813
39279,4.235813
39299,4.235813
39319,4.235813
39339,4.235813
39359,4.235813
39379,4.235813
39399,4.235813
39419,4.235813
39439,4.235813
39459,4.235813
39479,4.235813
39499,4.235813
39519,4.235813
39539,4.235813
39559,4.235813
39579,4.235813
39599,4.235813
39619,4.235813
39639,4.235813
39659,4.235813
39679,4.235813
39699,4.235813
39719,4.235813
39739,4.235813
39759,4.235813
39779,4.235813
39799,4.235813
39819,4.235813
39839,4.235813
39859,4.235813
39879,4.235813
39899,4.235813
39919,4.235813
39939,2.332848
39959,4.235813
39979,4.235813
39999,4.235813
40019,4.235813
40039,4.235813
40059,4.235813
40079,4.235813
40099,4.235813
40119,4.235813
40139,4.235813
40159,4.235813
40179,4.235813
40199,4.235813
40219,4.235813
40239,4.235813
40259,4.235813
40279,4.235813
40299,4.235813
40319,4.235813
40339,4.235813
40359,4.235813
40379,4.235813
40399,4.235813
40419,4.235813
40439,4.235813
40459,4.235813
40479,4.235813
40499,4.235813
40519,4.235813
40539,4.235813
40559,4.235813
40579,4.235813
40599,4.235813
40619,4.235813
40639,4.235813
40659,4.235813
40679,4.235813
40699,4.235813
40719,4.235813
40739,4.235813
40759,4.235813
40779,4.235813
40799,4.235813
40819,4.235813
40839,4.235813
40859,4.235813
40879,4.235813
40899,4.235813
40919,4.235813
40939,4.235813
40959,4.235813
40979,4.235813
40999,4.235813
41019,4.235813
41039,4.235813
41059,4.235813
41079,4.235813
41099,4.235813
41119,4.235813
41139,4.235813
41159,4.235813
41179,4.235813
41199,4.235813
41219,4.235813
41239,4.235813
41259,4.235813
41279,4.235813
41299,4.235813
41319,4.235813
41339,4.235813
41359,4.235813
41379,4.235813
41399,4.235813
41419,4.235813
41439,4.235813
41459,4.235813
41479,4.235813
41499,4.235813
41519,4.235813
41539,4.235813
41559,4.235813
41579,4.235813
41599,4.235813
41619,4.235813
41639,4.235813
41659,4.235813
41679,4.235813
41699,4.235813
41719,4.235813
41739,4.235813
41759,4.235813
41779,4.235813
41799,4.235813
41819,4.235813
41839,4.235813
41859,4.235813
41879,4.235813
41899,4.235813
41919,4.235813
41939,4.235813
41959,4.235813
41979,4.235813
41999,4.235813
42019,4.235813
42039,4.235813
42059,4.235813
42079,4.235813
42099,4.235813
42119,4.235813
42139,4.235813
42159,4.235813
42179,4.235813
42199,4.235813
42219,4.235813
42239,4.235813
42259,4.235813
42279,4.235813
42299,4.235813
42319,4.235813
42339,4.235813
42359,4.235813
42379,4.235813
42399,4.235813
42419,4.235813
42439,4.235813
42459,4.235813
42479,4.235813
42499,4.235813
42519,4.235813
42539,4.235813
42559,4.235813
42579,4.235813
42599,4.235813
42619,4.235813
42639,4.235813
42659,4.235813
42679,4.235813
42699,4.235813
42719,4.235813
42739,4.235813
42759,4.235813
42779,4.235813
42799,4.235813
42819,4.235813
42839,4.235813
42859,4.235813
42879,4.235813
42899,4.235813
42919,4.235813
42939,4.235813
42959,4.235813
42979,4.235813
42999,4.235813
43019,4.235813
43039,4.235813
43059,4.235813
43079,4.235813
43099,4.235813
43119,4.235813
43139,4.235813
43159,4.235813
43179,4.235813
43199,4.235813
43219,4.235813
43239,4.235813
43259,4.235813
43279,4.235813
43299,4.235813
43319,4.235813
43339,4.235813
43359,4.235813
43379,4.235813
43399,4.235813
43419,4.235813
43439,4.235813
43459,4.235813
43479,4.235813
43499,4.235813
43519,4.235813
43539,4.235813
43559,3.562378
43579,4.235813
43599,4.235813
43619,4.235813
43639,4.235813
43659,4.235813
43679,4.235813
43699,4.235813
43719,4.235813
43739,4.235813
43759,4.235813
43779,4.235813
43799,4.235813
43819,4.235813
43839,4.235813
43859,4.235813
43879,4.235813
43899,4.235813
43919,4.235813
43939,4.235813
43959,4.235813
43979,4.235813
43999,4.235813
44019,4.235813
44039,4.235813
44059,4.235813
44079,4.235813
44099,4.235813
44119,4.235813
44139,4.235813
44159,4.235813
44179,4.235813
44199,4.235813
44219,4.235813
44239,4.235813
44259,4.235813
44279,4.235813
44299,4.235813
44319,4.235813
44339,4.235813
44359,4.235813
44379,4.235813
44399,4.235813
44419,4.235813
44439,4.235813
44459,4.235813
44479,4.235813
44499,4.235813
44519,4.235813
44539,4.235813
44559,4.235813
44579,4.235813
44599,4.235813
44619,4.235813
44639,4.235813
44659,4.235813
44679,4.235813
44699,4.235813
44719,4.235813
44739,4.235813
44759,4.374470
44779,4.235813
44799,4.235813
44819,4.235813
44839,4.235813
44859,4.235813
44879,4.235813
44899,4.235813
44919,4.235813
44939,4.235813
44959,4.235813
44979,4.235813
44999,4.235813
45019,4.235813
45039,4.235813
45059,4.235813
45079,4.235813
45099,4.235813
45119,4.235813
45139,4.235813
45159,4.235813
45179,4.235813
45199,4.235813
45219,4.235813
45239,4.235813
45259,4.235813
45279,4.235813
45299,4.235813
45319,4.235813
45339,4.235813
45359,4.235813
45379,4.235813
45399,4.235813
45419,4.235813
45439,4.235813
45459,4.235813
45479,4.235813
45499,4.235813
45519,4.235813
45539,4.235813
45559,4.235813
45579,4.235813
45599,4.235813
45619,4.235813
45639,4.235813
45659,4.235813
45679,4.235813
45699,4.235813
45719,4.235813
45739,4.235813
45759,4.235813
45779,4.235813
45799,4.235813
45819,4.235813
45839,4.235813
45859,4.235813
45879,4.235813
45899,4.235813
45919,4.235813
45939,4.235813
45959,4.235813
45979,4.235813
45999,4.235813
46019,4.235813
46039,4.235813
46059,4.235813
46079,4.235813
46099,4.235813
46119,4.235813
46139,4.235813
46159,4.235813
46179,4.235813
46199,4.235813
46219,4.235813
46239,4.235813
46259,4.235813
46279,4.235813
46299,4.235813
46319,4.235813
46339,4.235813
46359,4.235813
46379,4.235813
46399,4.235813
46419,4.235813
46439,4.235813
46459,4.235813
46479,4.235813
46499,4.235813
46519,4.235813
46539,4.235813
46559,4.235813
46579,4.235813
46599,4.235813
46619,4.235813
46639,4.235813
46659,4.235813
46679,4.235813
46699,4.235813
46719,4.235813
46739,4.235813
46759,4.235813
46779,4.235813
46799,4.235813
46819,4.235813
46839,4.235813
46859,4.235813
46879,4.235813
46899,4.235813
46919,4.235813
46939,4.235813
46959,4.235813
46979,4.235813
46999,4.235813
47019,4.235813
47039,4.235813
47059,4.235813
47079,4.235813
47099,4.235813
47119,4.235813
47139,4.235813
47159,4.235813
47179,4.235813
47199,4.235813
47219,4.235813
47239,4.235813
47259,4.235813
47279,4.235813
47299,4.235813
47319,4.235813
47339,4.235813
47359,4.235813
47379,4.235813
47399,4.235813
47419,4.235813
47439,4.235813
47459,4.235813
47479,4.235813
47499,4.235813
47519,4.235813
47539,4.235813
47559,4.235813
47579,4.235813
47599,4.235813
47619,4.235813
47639,4.235813
47659,4.235813
47679,4.235813
47699,4.235813
47719,4.235813
47739,4.235813
47759,4.235813
47779,4.235813
47799,4.235813
47819,4.235813
47839,4.235813
47859,4.235813
47879,4.235813
47899,4.235813
47919,4.235813
47939,4.235813
47959,4.235813
47979,4.235813
47999,3.600190
48019,4.235813
48039,4.235813
48059,4.235813
48079,4.235813
48099,4.235813
48119,4.235813
48139,4.235813
48159,4.235813
48179,4.235813
48199,4.235813
48219,4.235813
48239,4.235813
48259,4.235813
48279,4.235813
48299,4.235813
48319,4.235813
48339,4.235813
48359,4.235813
48379,4.235813
48399,4.235813
48419,4.235813
48439,4.235813
48459,4.235813
48479,4.235813
48499,4.235813
48519,4.235813
48539,4.235813
48559,4.235813
48579,4.235813
48599,4.235813
48619,4.235813
48639,4.235813
48659,4.235813
48679,4.235813
48699,4.235813
48719,4.235813
48739,4.235813
48759,4.235813
48779,4.235813
48799,4.235813
48819,4.235813
48839,4.235813
48859,4.235813
48879,4.235813
48899,4.235813
48919,4.235813
48939,4.235813
48959,4.235813
48979,4.235813
48999,4.235813
49019,4.235813
49039,4.235813
49059,4.235813
49079,4.235813
49099,4.235813
49119,4.235813
49139,4.235813
49159,4.235813
49179,4.235813
49199,4.235813
49219,4.235813
49239,4.235813
49259,4.235813
49279,4.235813
49299,4.235813
49319,4.235813
49339,4.235813
49359,4.235813
49379,4.235813
49399,4.235813
49419,4.235813
49439,4.235813
49459,4.235813
49479,4.235813
49499,4.235813
49519,4.235813
49539,4.235813
49559,4.235813
49579,4.235813
49599,4.235813
49619,4.235813
49639,4.235813
49659,4.235813
49679,4.235813
49699,4.235813
49719,4.235813
49739,4.235813
49759,4.235813
49779,4.235813
49799,4.235813
49819,4.235813
49839,4.235813
49859,4.235813
49879,4.235813
49899,4.235813
49919,4.235813
49939,4.235813
49959,4.235813
49979,4.235813
49999,4.235813
50019,4.235813
50039,4.235813
50059,4.235813
50079,4.235813
50099,4.235813
50119,4.235813
50139,4.235813
50159,4.235813
50179,4.235813
50199,4.235813
50219,4.235813
50239,4.193833
50259,4.235813
50279,4.235813
50299,4.235813
50319,4.235813
50339,4.235813
50359,4.235813
50379,4.235813
50399,4.235813
50419,4.235813
50439,4.235813
50459,4.235813
50479,4.235813
50499,4.235813
50519,4.235813
50539,4.235813
50559,4.235813
50579,4.235813
50599,4.235813
50619,4.235813
50639,4.235813
50659,4.235813
50679,4.235813
50699,4.374470
50719,4.235813
50739,4.235813
50759,4.235813
50779,4.235813
50799,4.235813
50819,4.235813
50839,4.235813
50859,4.235813
50879,4.235813
50899,4.235813
50919,4.235813
50939,4.235813
50959,4.235813
50979,4.235813
50999,4.235813
51019,4.235813
51039,4.235813
51059,4.235813
51079,4.235813
51099,4.235813
51119,4.235813
51139,4.235813
51159,4.235813
51179,4.235813
51199,4.235813
51219,4.235813
51239,4.235813
51259,4.235813
51279,4.235813
51299,4.235813
51319,4.235813
51339,4.235813
51359,4.235813
51379,4.235813
51399,4.235813
51419,4.235813
51439,4.235813
51459,4.235813
51479,4.235813
51499,4.235813
51519,4.235813
51539,4.235813
51559,4.235813
51579,4.235813
51599,4.235813
51619,4.235813
51639,4.235813
51659,3.797717
51679,4.235813
51699,4.235813
51719,4.235813
51739,4.235813
51759,4.235813
51779,4.235813
51799,4.235813
51819,4.235813
51839,4.235813
51859,4.235813
51879,4.235813
51899,4.235813
51919,4.235813
51939,4.235813
51959,4.235813
51979,4.235813
51999,4.235813
52019,4.235813
52039,4.235813
52059,4.235813
52079,4.235813
52099,4.235813
52119,4.235813
52139,4.235813
52159,4.235813
52179,4.235813
52199,4.235813
52219,4.235813
52239,4.235813
52259,4.235813
52279,4.235813
52299,4.235813
52319,4.235813
52339,4.235813
52359,4.235813
52379,4.235813
52399,4.235813
52419,4.235813
52439,4.235813
52459,4.235813
52479,4.235813
52499,4.235813
52519,4.235813
52539,4.235813
52559,4.235813
52579,4.235813
52599,4.235813
52619,4.235813
52639,4.235813
52659,4.235813
52679,4.235813
52699,4.235813
52719,4.235813
52739,4.235813
52759,4.235813
52779,4.235813
52799,4.235813
52819,4.235813
52839,4.235813
52859,4.235813
52879,4.235813
52899,4.235813
52919,4.235813
52939,4.235813
52959,4.235813
52979,4.235813
52999,4.235813
53019,4.235813
53039,4.235813
53059,4.235813
53079,4.235813
53099,4.235813
53119,4.235813
53139,4.235813
53159,4.235813
53179,4.235813
53199,4.235813
53219,4.235813
53239,4.235813
53259,4.235813
53279,4.235813
53299,4.235813
53319,4.235813
53339,4.235813
53359,4.235813
53379,4.235813
53399,4.235813
53419,4.235813
53439,4.235813
53459,4.235813
53479,4.235813
53499,4.235813
53519,4.235813
53539,4.235813
53559,4.235813
53579,4.235813
53599,4.235813
53619,4.235813
53639,4.235813
53659,4.235813
53679,4.235813
53699,4.235813
53719,4.235813
53739,4.235813
53759,4.235813
53779,4.235813
53799,4.235813
53819,4.235813
53839,4.235813
53859,4.235813
53879,4.235813
53899,4.235813
53919,4.235813
53939,4.235813
53959,4.235813
53979,4.235813
53999,0.702479
54019,4.374470
54039,4.235813
54059,4.235813
54079,4.235813
54099,4.235813
54119,4.235813
54139,4.235813
54159,4.235813
54179,4.235813
54199,4.235813
54219,4.235813
54239,4.235813
54259,4.235813
54279,4.235813
54299,4.235813
54319,4.235813
54339,4.235813
54359,4.235813
54379,4.235813
54399,4.235813
54419,4.235813
54439,4.235813
54459,4.235813
54479,4.235813
54499,4.235813
54519,4.235813
54539,4.235813
54559,4.235813
54579,4.235813
54599,4.235813
54619,4.235813
54639,4.235813
54659,4.235813
54679,4.235813
54699,4.235813
54719,4.235813
54739,4.235813
54759,4.235813
54779,4.235813
54799,4.235813
54819,4.235813
54839,4.235813
54859,4.235813
54879,4.235813
54899,4.235813
54919,4.235813
54939,4.235813
54959,4.235813
54979,4.235813
54999,4.235813
55019,4.235813
55039,4.235813
55059,4.235813
55079,4.235813
55099,4.235813
55119,4.235813
55139,4.235813
55159,4.235813
55179,4.235813
55199,4.235813
55219,4.235813
55239,4.235813
55259,4.235813
55279,4.235813
55299,4.235813
55319,4.235813
55339,4.235813
55359,4.235813
55379,4.235813
55399,4.235813
55419,4.235813
55439,4.235813
55459,4.235813
55479,4.235813
55499,4.235813
55519,4.235813
55539,4.235813
55559,4.235813
55579,4.235813
55599,4.235813
55619,4.235813
55639,4.235813
55659,4.235813
55679,4.235813
55699,4.235813
55719,4.235813
55739,3.355693
55759,4.235813
55779,4.235813
55799,4.235813
55819,4.235813
55839,4.235813
55859,4.235813
55879,4.235813
55899,4.235813
55919,4.235813
55939,4.235813
55959,4.235813
55979,4.235813
55999,4.235813
56019,4.235813
56039,4.235813
56059,4.235813
56079,4.235813
56099,4.235813
56119,4.235813
56139,4.235813
56159,4.235813
56179,4.235813
56199,4.235813
56219,4.235813
56239,4.235813
56259,4.235813
56279,4.235813
56299,4.235813
56319,4.235813
56339,4.235813
56359,4.235813
56379,4.235813
56399,4.235813
56419,4.235813
56439,4.235813
56459,4.235813
56479,4.235813
56499,4.235813
56519,4.235813
56539,4.235813
56559,4.235813
56579,4.235813
56599,4.235813
56619,4.235813
56639,4.235813
56659,4.235813
56679,4.235813
56699,4.235813
56719,4.235813
56739,4.235813
56759,4.235813
56779,4.235813
56799,4.235813
56819,4.235813
56839,4.235813
56859,4.235813
56879,4.235813
56899,4.235813
56919,4.235813
56939,4.235813
56959,4.235813
56979,4.235813
56999,4.235813
57019,4.235813
57039,4.235813
57059,4.235813
57079,4.235813
57099,4.235813
57119,4.235813
57139,4.235813
57159,4.235813
57179,4.235813
57199,4.235813
57219,4.235813
57239,4.235813
57259,4.235813
57279,4.235813
57299,4.235813
57319,4.235813
57339,4.235813
57359,4.235813
57379,4.235813
57399,4.235813
57419,4.235813
57439,4.235813
57459,4.235813
57479,4.235813
57499,4.235813
57519,4.235813
57539,4.235813
57559,4.235813
57579,4.235813
57599,4.235813
57619,4.235813
57639,4.235813
57659,4.235813
57679,4.235813
57699,4.235813
57719,4.235813
57739,4.235813
57759,4.235813
57779,4.235813
57799,4.235813
57819,4.235813
57839,4.235813
57859,4.235813
57879,4.235813
57899,4.235813
57919,4.235813
57939,4.235813
57959,4.235813
57979,4.235813
57999,4.235813
58019,4.235813
58039,4.235813
58059,4.235813
58079,4.235813
58099,4.235813
58119,4.235813
58139,4.235813
58159,4.235813
58179,4.235813
58199,4.235813
58219,4.235813
58239,4.235813
58259,4.235813
58279,4.235813
58299,4.235813
58319,4.235813
58339,4.235813
58359,4.235813
58379,4.235813
58399,4.235813
58419,4.235813
58439,4.235813
58459,4.235813
58479,4.235813
58499,4.235813
58519,4.235813
58539,4.235813
58559,4.235813
58579,4.235813
58599,4.235813
58619,4.235813
58639,4.235813
58659,4.235813
58679,4.235813
58699,4.235813
58719,4.235813
58739,4.235813
58759,4.235813
58779,4.235813
58799,4.235813
58819,4.235813
58839,4.235813
58859,4.235813
58879,4.235813
58899,4.235813
58919,4.235813
58939,4.235813
58959,4.235813
58979,4.235813
58999,4.235813
59019,4.235813
59039,4.235813
59059,4.235813
59079,4.235813
59099,4.235813
59119,4.235813
59139,4.235813
59159,4.235813
59179,4.235813
59199,4.235813
59219,4.235813
59239,4.235813
59259,4.235813
59279,4.235813
59299,4.235813
59319,4.235813
59339,4.235813
59359,4.235813
59379,4.235813
59399,4.235813
59419,4.235813
59439,4.235813
59459,4.235813
59479,4.235813
59499,4.235813
59519,4.235813
59539,4.235813
59559,4.235813
59579,4.235813
59599,4.235813
59619,4.235813
59639,4.235813
59659,4.235813
59679,4.235813
59699,4.235813
59719,4.235813
59739,4.235813
59759,4.235813
59779,4.235813
59799,4.235813
59819,4.235813
59839,4.235813
59859,4.235813
59879,4.235813
59899,4.235813
59919,4.235813
59939,4.235813
59959,4.235813
59979,4.235813
59999,4.235813
60019,4.235813
60039,4.235813
60059,4.235813
60079,4.235813
60099,4.235813
60119,4.235813
60139,4.235813
60159,4.235813
60179,4.235813
60199,4.235813
60219,4.235813
60239,4.235813
60259,4.235813
60279,4.235813
60299,4.235813
60319,4.235813
60339,4.235813
60359,4.235813
60379,4.235813
60399,4.235813
60419,4.235813
60439,4.235813
60459,4.235813
60479,4.235813
60499,4.235813
60519,4.235813
60539,4.235813
60559,4.235813
60579,4.235813
60599,4.235813
60619,4.235813
60639,4.235813
60659,4.235813
60679,4.235813
60699,4.235813
60719,4.235813
60739,4.235813
60759,4.235813
60779,4.235813
60799,4.235813
60819,4.235813
60839,4.235813
60859,4.235813
60879,4.235813
60899,4.235813
60919,4.235813
60939,4.235813
60959,4.235813
60979,4.235813
60999,4.235813
61019,4.235813
61039,4.235813
61059,4.235813
61079,4.235813
61099,4.235813
61119,4.235813
61139,4.235813
61159,4.235813
61179,4.235813
61199,4.235813
61219,4.235813
61239,4.235813
61259,4.235813
61279,4.235813
61299,4.235813
61319,4.235813
61339,4.235813
61359,4.235813
61379,4.235813
61399,4.235813
61419,4.235813
61439,4.235813
61459,4.235813
61479,4.235813
61499,4.235813
61519,4.235813
61539,4.235813
61559,4.235813
61579,4.235813
61599,4.235813
61619,4.374470
61639,4.235813
61659,4.235813
61679,4.235813
61699,4.235813
61719,4.235813
61739,4.235813
61759,4.235813
61779,4.235813
61799,4.235813
61819,4.235813
61839,4.235813
61859,4.235813
61879,4.235813
61899,4.235813
61919,4.235813
61939,4.235813
61959,4.235813
61979,4.235813
61999,4.235813
62019,4.235813
62039,4.235813
62059,4.235813
62079,4.235813
62099,4.235813
62119,4.235813
62139,3.259246
62159,4.235813
62179,4.235813
62199,4.235813
62219,4.235813
62239,4.235813
62259,4.235813
62279,4.235813
62299,4.235813
62319,4.235813
62339,4.235813
62359,4.235813
62379,4.235813
62399,4.235813
62419,4.235813
62439,4.235813
62459,4.235813
62479,4.235813
62499,4.235813
62519,4.235813
62539,4.235813
62559,4.235813
62579,4.235813
62599,4.235813
62619,4.235813
62639,4.235813
62659,4.235813
62679,4.235813
62699,4.235813
62719,4.235813
62739,4.235813
62759,4.235813
62779,4.235813
62799,4.235813
62819,4.235813
62839,4.235813
62859,4.235813
62879,4.235813
62899,4.235813
62919,4.235813
62939,4.235813
62959,4.235813
62979,4.235813
62999,4.235813
63019,4.235813
63039,4.235813
63059,4.235813
63079,4.235813
63099,4.235813
63119,4.235813
63139,4.235813
63159,4.235813
63179,4.235813
63199,4.235813
63219,4.235813
63239,4.235813
63259,4.235813
63279,4.235813
63299,4.235813
63319,4.235813
63339,4.235813
63359,4.235813
63379,4.235813
63399,4.235813
63419,4.235813
63439,4.235813
63459,4.235813
63479,4.235813
63499,4.235813
63519,4.235813
63539,4.235813
63559,4.235813
63579,4.235813
63599,4.235813
63619,4.235813
63639,4.235813
63659,4.235813
63679,4.235813
63699,4.235813
63719,4.235813
63739,4.235813
63759,4.235813
63779,4.235813
63799,4.235813
63819,4.235813
63839,4.235813
63859,4.235813
63879,4.235813
63899,4.235813
63919,4.235813
63939,4.235813
63959,4.235813
63979,4.235813
63999,4.235813
64019,4.235813
64039,4.235813
64059,4.235813
64079,4.235813
64099,4.235813
64119,4.235813
64139,4.235813
64159,4.235813
64179,4.235813
64199,4.235813
64219,4.235813
64239,3.797717
64259,4.235813
64279,4.235813
64299,4.235813
64319,4.235813
64339,4.235813
64359,4.235813
64379,4.235813
64399,4.235813
64419,4.235813
64439,4.235813
64459,4.235813
64479,4.235813
64499,4.235813
64519,4.235813
64539,4.235813
64559,4.235813
64579,4.235813
64599,4.235813
64619,4.235813
64639,4.235813
64659,4.235813
64679,4.235813
64699,4.235813
64719,4.235813
64739,4.235813
64759,4.235813
64779,4.235813
64799,4.235813
64819,4.235813
64839,4.235813
64859,4.235813
64879,4.235813
64899,4.235813
64919,4.235813
64939,4.235813
64959,4.235813
64979,4.235813
64999,4.235813
65019,4.235813
65039,4.235813
65059,4.235813
65079,4.235813
65099,4.235813
65119,4.235813
65139,4.235813
65159,4.235813
65179,4.235813
65199,4.235813
65219,4.235813
65239,4.235813
65259,4.235813
65279,4.235813
65299,4.235813
65319,4.235813
65339,4.235813
65359,4.235813
65379,4.235813
65399,4.235813
65419,4.235813
65439,4.235813
65459,4.235813
65479,4.235813
65499,4.235813
65519,4.235813
65539,4.235813
65559,4.235813
65579,4.235813
65599,4.235813
65619,4.235813
65639,4.235813
65659,4.235813
65679,4.235813
65699,4.235813
65719,4.235813
65739,4.235813
65759,4.235813
65779,4.235813
65799,4.235813
65819,4.235813
65839,4.235813
65859,4.235813
65879,4.235813
65899,4.235813
65919,4.235813
65939,4.235813
65959,4.235813
65979,4.235813
65999,4.235813
66019,4.235813
66039,4.235813
66059,4.235813
66079,4.235813
66099,4.235813
66119,4.235813
66139,4.235813
66159,4.235813
66179,4.235813
66199,4.235813
66219,4.235813
66239,4.235813
66259,4.235813
66279,4.235813
66299,4.235813
66319,4.235813
66339,4.235813
66359,4.235813
66379,4.235813
66399,4.235813
66419,4.235813
66439,4.235813
66459,4.235813
66479,4.235813
66499,4.235813
66519,4.235813
66539,4.235813
66559,4.235813
66579,4.235813
66599,4.235813
66619,4.235813
66639,4.235813
66659,4.235813
66679,4.235813
66699,4.235813
66719,4.235813
66739,4.235813
66759,4.235813
66779,4.235813
66799,4.235813
66819,4.235813
66839,4.235813
66859,4.235813
66879,4.235813
66899,4.235813
66919,4.235813
66939,4.235813
66959,4.235813
66979,4.235813
66999,4.235813
67019,4.235813
67039,4.235813
67059,4.235813
67079,4.235813
67099,4.235813
67119,4.235813
67139,4.235813
67159,4.235813
67179,4.235813
67199,4.235813
67219,4.235813
67239,4.235813
67259,4.235813
67279,4.235813
67299,4.235813
67319,4.235813
67339,4.235813
67359,4.235813
67379,4.235813
67399,4.235813
67419,4.235813
67439,4.235813
67459,4.235813
67479,4.235813
67499,4.235813
67519,4.235813
67539,4.235813
67559,4.235813
67579,4.235813
67599,4.235813
67619,4.235813
67639,4.235813
67659,4.235813
67679,4.235813
67699,4.235813
67719,4.235813
67739,4.235813
67759,4.235813
67779,4.235813
67799,4.235813
67819,4.235813
67839,0.702479
67859,4.235813
67879,4.235813
67899,4.235813
67919,4.235813
67939,4.235813
67959,4.235813
67979,4.235813
67999,4.235813
68019,4.235813
68039,4.235813
68059,4.235813
68079,4.235813
68099,4.235813
68119,4.235813
68139,4.235813
68159,4.235813
68179,4.235813
68199,4.235813
68219,4.235813
68239,4.235813
68259,4.235813
68279,4.235813
68299,4.235813
68319,4.235813
68339,4.216393
68359,4.235813
68379,4.235813
68399,4.235813
68419,4.235813
68439,4.235813
68459,4.235813
68479,4.235813
68499,4.235813
68519,4.235813
68539,4.235813
68559,4.235813
68579,4.235813
68599,4.235813
68619,4.235813
68639,4.235813
68659,4.235813
68679,4.235813
68699,4.235813
68719,4.235813
68739,4.235813
68759,4.235813
68779,4.235813
68799,4.235813
68819,4.235813
68839,4.235813
68859,4.235813
68879,4.235813
68899,4.235813
68919,4.235813
68939,4.235813
68959,4.235813
68979,4.235813
68999,4.235813
69019,4.235813
69039,4.235813
69059,4.235813
69079,4.235813
69099,4.235813
69119,4.235813
69139,4.235813
69159,4.235813
69179,4.235813
69199,4.235813
69219,4.235813
69239,4.235813
69259,4.235813
69279,4.235813
69299,4.235813
69319,4.235813
69339,4.235813
69359,4.235813
69379,4.235813
69399,4.235813
69419,4.235813
69439,4.235813
69459,4.235813
69479,4.235813
69499,4.235813
69519,4.235813
69539,4.235813
69559,4.235813
69579,4.235813
69599,4.235813
69619,4.235813
69639,4.235813
69659,4.235813
69679,4.235813
69699,4.235813
69719,4.235813
69739,4.235813
69759,4.235813
69779,4.235813
69799,4.235813
69819,4.235813
69839,4.235813
69859,4.235813
69879,4.235813
69899,4.235813
69919,4.235813
69939,4.235813
69959,4.235813
69979,4.235813
69999,4.235813
70019,4.235813
70039,4.235813
70059,4.235813
70079,4.235813
70099,4.235813
70119,4.235813
70139,4.235813
70159,4.235813
70179,4.235813
70199,4.235813
70219,4.235813
70239,4.235813
70259,4.235813
70279,4.235813
70299,4.235813
70319,4.235813
70339,4.216393
70359,4.235813
70379,4.235813
70399,4.235813
70419,4.235813
70439,4.235813
70459,4.216393
70479,4.235813
70499,4.235813
70519,4.235813
70539,4.235813
70559,4.235813
70579,4.235813
70599,4.235813
70619,4.235813
70639,4.235813
70659,4.235813
70679,4.235813
70699,4.235813
70719,4.235813
70739,4.235813
70759,4.235813
70779,4.235813
70799,4.235813
70819,4.235813
70839,4.235813
70859,4.235813
70879,4.235813
70899,4.235813
70919,4.235813
70939,4.235813
70959,4.235813
70979,4.235813
70999,1.859128
71019,-1.258761
71039,4.372724
71059,4.372724
71079,4.235813
71099,4.372724
71119,4.372724
71139,4.372724
71159,4.235813
71179,4.372724
71199,4.235813
71219,4.235813
71239,4.235813
71259,4.235813
71279,4.235813
71299,4.235813
71319,4.235813
71339,4.235813
71359,4.235813
71379,4.235813
71399,4.235813
71419,4.235813
71439,4.235813
71459,4.235813
71479,4.235813
71499,4.235813
71519,4.374470
71539,4.235813
71559,4.235813
71579,4.235813
71599,4.235813
71619,4.235813
71639,4.235813
71659,4.235813
71679,4.235813
71699,4.235813
71719,4.235813
71739,4.235813
71759,4.235813
71779,4.235813
71799,4.235813
71819,4.235813
71839,4.235813
71859,4.235813
71879,4.235813
71899,4.235813
71919,4.235813
71939,4.235813
71959,4.235813
71979,4.235813
71999,4.235813
72019,4.235813
72039,4.235813
72059,4.235813
72079,4.235813
72099,4.235813
72119,4.235813
72139,4.235813
72159,4.235813
72179,4.235813
72199,4.235813
72219,4.235813
72239,4.235813
72259,4.235813
72279,4.235813
72299,4.235813
72319,4.235813
72339,4.235813
72359,4.235813
72379,4.235813
72399,4.235813
72419,4.235813
72439,4.235813
72459,4.235813
72479,4.235813
72499,4.235813
72519,4.235813
72539,4.235813
72559,4.235813
72579,4.235813
72599,4.235813
72619,4.235813
72639,4.235813
72659,4.235813
72679,4.235813
72699,4.235813
72719,4.235813
72739,4.235813
72759,4.235813
72779,4.235813
72799,4.235813
72819,4.235813
72839,4.235813
72859,4.235813
72879,4.235813
72899,4.235813
72919,4.235813
72939,4.235813
72959,4.235813
72979,4.235813
72999,4.354962
73019,4.235813
73039,4.235813
73059,4.235813
73079,4.235813
73099,4.235813
73119,4.235813
73139,4.235813
73159,4.235813
73179,4.235813
73199,4.235813
73219,4.235813
73239,4.235813
73259,4.235813
73279,4.235813
73299,4.235813
73319,4.235813
73339,4.235813
73359,4.235813
73379,3.721459
73399,2.946763
73419,2.946763
73439,3.034016
73459,3.721459
73479,3.721459
73499,2.946763
73519,3.721459
73539,3.657160
73559,4.235813
73579,4.235813
73599,4.235813
73619,4.235813
73639,4.235813
73659,4.235813
73679,4.235813
73699,4.235813
73719,4.235813
73739,4.235813
73759,4.235813
73779,4.235813
73799,4.235813
73819,4.235813
73839,4.235813
73859,4.235813
73879,4.235813
73899,4.235813
73919,4.235813
73939,4.235813
73959,4.235813
73979,4.235813
73999,4.235813
74019,4.235813
74039,4.235813
74059,4.235813
74079,4.235813
74099,4.235813
74119,4.235813
74139,4.235813
74159,4.235813
74179,4.235813
74199,4.235813
74219,4.235813
74239,4.235813
74259,4.235813
74279,4.235813
74299,4.235813
74319,4.235813
74339,4.235813
74359,4.235813
74379,4.235813
74399,4.235813
74419,4.235813
74439,4.235813
74459,4.235813
74479,4.235813
74499,4.235813
74519,4.235813
74539,4.235813
74559,4.235813
74579,4.235813
74599,4.235813
74619,4.235813
74639,4.235813
74659,4.235813
74679,4.235813
74699,4.235813
74719,4.235813
74739,4.235813
74759,4.235813
74779,4.235813
74799,4.235813
74819,4.235813
74839,4.235813
74859,4.235813
74879,4.235813
74899,4.235813
74919,4.235813
74939,4.235813
74959,4.235813
74979,4.235813
74999,4.235813
75019,4.235813
75039,4.235813
75059,4.235813
75079,4.235813
75099,4.235813
75119,4.235813
75139,4.235813
75159,4.235813
75179,4.235813
75199,4.235813
75219,4.235813
75239,4.235813
75259,4.235813
75279,4.235813
75299,4.235813
75319,4.235813
75339,4.235813
75359,4.235813
75379,4.235813
75399,4.235813
75419,4.235813
75439,4.235813
75459,4.235813
75479,4.235813
75499,4.235813
75519,4.235813
75539,4.235813
75559,4.235813
75579,4.235813
75599,4.235813
75619,4.235813
75639,4.235813
75659,4.235813
75679,4.235813
75699,4.235813
75719,4.235813
75739,4.235813
75759,4.235813
75779,4.235813
75799,4.235813
75819,4.235813
75839,4.235813
75859,4.235813
75879,4.235813
75899,4.235813
75919,4.235813
75939,4.235813
75959,4.235813
75979,4.235813
75999,4.235813
76019,4.235813
76039,3.259246
76059,4.235813
76079,4.235813
76099,4.235813
76119,4.235813
76139,4.235813
76159,4.235813
76179,4.235813
76199,4.235813
76219,4.235813
76239,4.235813
76259,4.235813
76279,4.235813
76299,4.235813
76319,4.235813
76339,4.235813
76359,4.235813
76379,4.235813
76399,4.235813
76419,4.235813
76439,4.235813
76459,4.235813
76479,4.235813
76499,4.235813
76519,4.235813
76539,4.235813
76559,4.235813
76579,4.235813
76599,4.235813
76619,4.235813
76639,4.235813
76659,4.235813
76679,4.235813
76699,4.235813
76719,4.235813
76739,4.235813
76759,4.235813
76779,4.235813
76799,4.235813
76819,4.235813
76839,4.235813
76859,4.235813
76879,4.235813
76899,4.235813
76919,4.235813
76939,4.235813
76959,4.235813
76979,4.235813
76999,4.235813
77019,4.235813
77039,4.235813
77059,4.235813
77079,4.235813
77099,4.235813
77119,4.235813
77139,4.235813
77159,4.235813
77179,4.235813
77199,4.235813
77219,4.235813
77239,4.235813
77259,4.235813
77279,4.235813
77299,4.235813
77319,4.235813
77339,4.235813
77359,4.235813
77379,4.235813
77399,4.235813
77419,4.235813
77439,4.235813
77459,4.235813
77479,4.235813
77499,4.235813
77519,4.235813
77539,4.235813
77559,4.235813
77579,4.235813
77599,4.235813
77619,4.235813
77639,4.235813
77659,4.235813
77679,4.235813
77699,4.235813
77719,4.235813
77739,4.235813
77759,4.235813
77779,4.235813
77799,4.235813
77819,4.235813
77839,4.235813
77859,4.235813
77879,4.235813
77899,4.235813
77919,4.235813
77939,4.235813
77959,4.235813
77979,4.235813
77999,4.235813
78019,4.235813
78039,4.235813
78059,4.235813
78079,4.235813
78099,4.235813
78119,4.235813
78139,4.235813
78159,4.235813
78179,4.235813
78199,4.235813
78219,4.235813
78239,3.307774
78259,3.307774
78279,4.235813
78299,4.235813
78319,4.235813
78339,4.235813
78359,4.235813
78379,4.235813
78399,4.235813
78419,4.235813
78439,4.235813
78459,4.235813
78479,4.235813
78499,4.235813
78519,4.235813
78539,4.235813
78559,4.235813
78579,4.235813
78599,4.235813
78619,4.235813
78639,4.235813
78659,4.235813
78679,4.235813
78699,4.235813
78719,4.235813
78739,4.235813
78759,4.235813
78779,4.235813
78799,4.235813
78819,4.235813
78839,4.235813
78859,4.235813
78879,4.235813
78899,4.235813
78919,4.235813
78939,4.235813
78959,4.235813
78979,4.235813
78999,4.235813
79019,4.235813
79039,4.235813
79059,4.235813
79079,4.235813
79099,4.235813
79119,4.235813
79139,4.235813
79159,4.235813
79179,4.235813
79199,4.235813
79219,4.235813
79239,4.235813
79259,4.235813
79279,4.235813
79299,4.235813
79319,4.235813
79339,4.235813
79359,4.235813
79379,4.235813
79399,4.235813
79419,4.235813
79439,4.235813
79459,4.235813
79479,4.235813
79499,4.235813
79519,4.235813
79539,4.235813
79559,4.235813
79579,4.235813
79599,4.235813
79619,4.235813
79639,4.235813
79659,4.235813
79679,4.235813
79699,4.235813
79719,4.235813
79739,4.235813
79759,4.235813
79779,4.235813
79799,4.235813
79819,4.235813
79839,4.235813
79859,4.235813
79879,4.235813
79899,4.235813
79919,4.235813
79939,4.235813
79959,4.235813
79979,4.235813
79999,4.235813
80019,4.235813
80039,4.235813
80059,4.235813
80079,4.235813
80099,4.235813
80119,4.235813
80139,4.235813
80159,4.235813
80179,4.235813
80199,4.235813
80219,4.235813
80239,4.235813
80259,4.235813
80279,4.235813
80299,4.235813
80319,4.235813
80339,4.235813
80359,4.235813
80379,4.235813
80399,4.235813
80419,4.235813
80439,4.235813
80459,4.235813
80479,4.235813
80499,4.235813
80519,4.235813
80539,4.235813
80559,4.235813
80579,4.235813
80599,3.336888
80619,3.797717
80639,3.797717
80659,3.797717
80679,3.797717
80699,3.797717
80719,4.235813
80739,4.235813
80759,4.235813
80779,4.235813
80799,4.235813
80819,4.235813
80839,4.235813
80859,4.235813
80879,4.235813
80899,4.235813
80919,4.235813
80939,4.235813
80959,4.235813
80979,4.235813
80999,4.235813
81019,4.235813
81039,4.235813
81059,4.235813
81079,4.235813
81099,4.235813
81119,4.235813
81139,4.235813
81159,4.235813
81179,4.235813
81199,4.235813
81219,4.235813
81239,4.235813
81259,4.235813
81279,4.235813
81299,4.235813
81319,4.235813
81339,4.235813
81359,4.235813
81379,4.235813
81399,4.235813
81419,4.235813
81439,4.235813
81459,4.235813
81479,4.235813
81499,4.235813
81519,4.235813
81539,4.235813
81559,4.235813
81579,4.235813
81599,4.235813
81619,4.235813
81639,4.235813
81659,4.235813
81679,4.235813
81699,4.235813
81719,4.235813
81739,4.235813
81759,4.235813
81779,4.235813
81799,4.235813
81819,4.235813
81839,4.235813
81859,4.235813
81879,4.235813
81899,4.235813
81919,4.235813
81939,4.235813
81959,4.235813
81979,4.235813
81999,4.235813
82019,4.235813
82039,4.235813
82059,4.235813
82079,4.235813
82099,4.235813
82119,4.235813
82139,4.235813
82159,4.235813
82179,4.235813
82199,4.235813
82219,4.235813
82239,4.235813
82259,4.235813
82279,4.235813
82299,4.235813
82319,4.235813
82339,2.872743
82359,4.235813
82379,4.235813
82399,4.235813
82419,4.235813
82439,4.235813
82459,4.235813
82479,4.235813
82499,4.235813
82519,4.235813
82539,4.235813
82559,4.235813
82579,4.235813
82599,4.235813
82619,4.235813
82639,4.235813
82659,4.235813
82679,4.235813
82699,4.235813
82719,4.235813
82739,4.235813
82759,4.235813
82779,4.235813
82799,4.235813
82819,4.235813
82839,4.235813
82859,4.235813
82879,4.235813
82899,4.235813
82919,4.235813
82939,4.235813
82959,4.235813
82979,4.235813
82999,4.235813
83019,4.235813
83039,4.235813
83059,4.235813
83079,4.235813
83099,4.235813
83119,4.235813
83139,4.235813
83159,4.235813
83179,4.235813
83199,4.235813
83219,4.235813
83239,4.235813
83259,4.235813
83279,4.235813
83299,4.235813
83319,4.235813
83339,4.235813
83359,4.235813
83379,4.235813
83399,4.235813
83419,4.235813
83439,4.235813
83459,4.235813
83479,4.235813
83499,4.235813
83519,4.235813
83539,4.235813
83559,4.235813
83579,4.235813
83599,4.235813
83619,4.235813
83639,4.235813
83659,4.235813
83679,4.235813
83699,4.235813
83719,4.235813
83739,4.235813
83759,4.235813
83779,4.235813
83799,4.235813
83819,4.235813
83839,4.235813
83859,4.235813
83879,4.235813
83899,4.235813
83919,4.235813
83939,4.235813
83959,4.235813
83979,4.235813
83999,4.235813
84019,4.235813
84039,4.235813
84059,4.235813
84079,4.235813
84099,4.235813
84119,4.235813
84139,4.235813
84159,4.235813
84179,4.235813
84199,4.235813
84219,4.235813
84239,4.235813
84259,4.235813
84279,4.235813
84299,4.235813
84319,4.235813
84339,4.235813
84359,4.235813
84379,4.235813
84399,4.235813
84419,4.235813
84439,4.235813
84459,4.235813
84479,4.235813
84499,4.235813
84519,4.235813
84539,4.235813
84559,4.235813
84579,4.235813
84599,4.235813
84619,4.235813
84639,4.235813
84659,4.235813
84679,4.235813
84699,4.235813
84719,4.235813
84739,4.235813
84759,4.235813
84779,4.235813
84799,4.235813
84819,4.235813
84839,4.235813
84859,4.235813
84879,4.235813
84899,4.235813
84919,4.235813
84939,4.235813
84959,4.235813
84979,4.235813
84999,4.235813
85019,4.235813
85039,4.235813
85059,4.235813
85079,4.235813
85099,4.235813
85119,4.235813
85139,4.235813
85159,4.235813
85179,4.235813
85199,4.235813
85219,4.235813
85239,4.235813
85259,4.235813
85279,4.235813
85299,4.235813
85319,4.235813
85339,4.235813
85359,4.235813
85379,4.235813
85399,4.235813
85419,4.235813
85439,4.235813
85459,4.235813
85479,4.235813
85499,4.235813
85519,4.235813
85539,4.235813
85559,4.235813
85579,4.235813
85599,4.235813
85619,4.235813
85639,4.235813
85659,4.235813
85679,4.235813
85699,4.235813
85719,4.235813
85739,4.235813
85759,4.235813
85779,4.235813
85799,4.235813
85819,4.235813
85839,4.235813
85859,4.235813
85879,4.235813
85899,4.235813
85919,4.235813
85939,4.235813
85959,4.235813
85979,4.235813
85999,4.235813
86019,4.235813
86039,4.235813
86059,4.235813
86079,4.235813
86099,4.235813
86119,4.235813
86139,4.235813
86159,4.235813
86179,4.235813
86199,4.235813
86219,4.235813
86239,4.235813
86259,4.235813
86279,4.235813
86299,4.235813
86319,4.235813
86339,4.235813
86359,4.235813
86379,4.235813
86399,4.235813
86419,4.235813
86439,4.235813
86459,4.235813
86479,4.235813
86499,4.235813
86519,4.235813
86539,4.235813
86559,4.235813
86579,4.235813
86599,4.235813
86619,4.235813
86639,4.235813
86659,4.235813
86679,4.235813
86699,4.235813
86719,4.235813
86739,4.235813
86759,4.235813
86779,4.235813
86799,4.235813
86819,4.235813
86839,4.235813
86859,4.235813
86879,4.235813
86899,4.235813
86919,0.000000
86939,4.235813
86959,4.235813
86979,4.235813
86999,4.235813
87019,4.235813
87039,4.235813
87059,4.235813
87079,4.235813
87099,4.235813
87119,4.235813
87139,4.235813
87159,4.235813
87179,4.235813
87199,4.235813
87219,4.235813
87239,4.235813
87259,4.235813
87279,4.235813
87299,4.235813
87319,4.235813
87339,4.235813
87359,4.235813
87379,4.235813
87399,4.235813
87419,4.235813
87439,4.235813
87459,4.235813
87479,4.235813
87499,4.235813
87519,4.235813
87539,4.235813
87559,4.235813
87579,4.235813
87599,4.235813
87619,4.235813
87639,4.235813
87659,4.235813
87679,4.235813
87699,4.235813
87719,4.235813
87739,4.235813
87759,4.235813
87779,4.235813
87799,4.235813
87819,4.235813
87839,4.235813
87859,4.235813
87879,4.235813
87899,4.235813
87919,4.235813
87939,4.235813
87959,4.235813
87979,4.235813
87999,4.235813
88019,4.235813
88039,4.235813
88059,4.235813
88079,4.235813
88099,4.235813
88119,4.235813
88139,4.235813
88159,4.235813
88179,4.235813
88199,4.235813
88219,4.235813
88239,4.235813
88259,4.235813
88279,4.235813
88299,4.235813
88319,4.235813
88339,4.235813
88359,4.235813
88379,4.235813
88399,4.235813
88419,4.235813
88439,4.235813
88459,4.235813
88479,4.235813
88499,4.235813
88519,4.235813
88539,4.235813
88559,4.235813
88579,4.235813
88599,4.235813
88619,4.235813
88639,4.235813
88659,4.235813
88679,4.235813
88699,4.235813
88719,4.235813
88739,4.235813
88759,4.235813
88779,4.235813
88799,4.235813
88819,4.235813
88839,4.235813
88859,4.235813
88879,4.235813
88899,4.235813
88919,4.235813
88939,4.235813
88959,4.235813
88979,4.235813
88999,4.235813
89019,4.235813
89039,4.235813
89059,4.235813
89079,4.235813
89099,4.235813
89119,4.235813
89139,4.235813
89159,4.235813
89179,4.235813
89199,4.235813
89219,4.235813
89239,4.235813
89259,4.235813
89279,4.512636
89299,4.235813
89319,4.235813
89339,4.235813
89359,4.235813
89379,4.235813
89399,4.235813
89419,4.235813
89439,4.235813
89459,4.235813
89479,4.235813
89499,4.235813
89519,4.235813
89539,4.235813
89559,4.235813
89579,4.235813
89599,4.235813
89619,4.235813
89639,4.235813
89659,4.235813
89679,4.235813
89699,4.235813
89719,4.235813
89739,4.235813
89759,4.235813
89779,4.235813
89799,4.235813
89819,4.235813
89839,4.235813
89859,4.235813
89879,4.235813
89899,4.235813
89919,4.235813
89939,4.235813
89959,4.235813
89979,4.235813
89999,4.235813
90019,4.235813
90039,4.235813
90059,4.235813
90079,4.235813
90099,4.235813
90119,4.235813
90139,4.235813
90159,4.235813
90179,4.235813
90199,4.235813
90219,4.235813
90239,4.235813
90259,4.235813
90279,4.235813
90299,4.235813
90319,4.235813
90339,4.235813
90359,4.235813
90379,4.235813
90399,4.235813
90419,4.235813
90439,4.235813
90459,4.235813
90479,4.235813
90499,4.235813
90519,4.235813
90539,4.235813
90559,4.235813
90579,4.235813
90599,4.235813
90619,4.235813
90639,4.235813
90659,4.235813
90679,4.235813
90699,4.235813
90719,4.235813
90739,4.235813
90759,4.235813
90779,4.235813
90799,4.235813
90819,4.235813
90839,4.235813
90859,4.235813
90879,4.235813
90899,4.235813
90919,4.235813
90939,4.235813
90959,4.235813
90979,4.235813
90999,4.235813
91019,4.235813
91039,4.235813
91059,4.235813
91079,4.235813
91099,4.235813
91119,4.235813
91139,4.235813
91159,4.235813
91179,4.235813
91199,4.235813
91219,4.235813
91239,4.235813
91259,4.235813
91279,4.235813
91299,4.235813
91319,4.235813
91339,4.235813
91359,4.235813
91379,4.235813
91399,4.235813
91419,4.235813
91439,4.235813
91459,4.235813
91479,4.235813
91499,4.235813
91519,4.235813
91539,4.235813
91559,4.235813
91579,4.235813
91599,4.235813
91619,4.235813
91639,4.235813
91659,4.235813
91679,4.235813
91699,4.235813
91719,4.235813
91739,4.235813
91759,4.235813
91779,4.235813
91799,4.235813
91819,4.235813
91839,4.235813
91859,4.235813
91879,4.235813
91899,4.235813
91919,4.235813
91939,4.235813
91959,4.235813
91979,4.235813
91999,4.235813
92019,4.235813
92039,4.235813
92059,4.235813
92079,4.235813
92099,4.235813
92119,4.235813
92139,4.235813
92159,4.235813
92179,4.235813
92199,4.038773
92219,4.235813
92239,4.235813
92259,4.235813
92279,4.235813
92299,4.235813
92319,4.235813
92339,4.235813
92359,4.235813
92379,4.235813
92399,4.235813
92419,4.235813
92439,4.235813
92459,4.235813
92479,4.235813
92499,4.235813
92519,4.235813
92539,4.235813
92559,4.235813
92579,4.235813
92599,4.235813
92619,4.235813
92639,4.235813
92659,4.235813
92679,4.235813
92699,4.235813
92719,4.235813
92739,4.235813
92759,4.235813
92779,4.235813
92799,4.235813
92819,4.235813
92839,4.235813
92859,4.235813
92879,4.235813
92899,4.235813
92919,4.235813
92939,4.235813
92959,4.235813
92979,4.235813
92999,4.235813
93019,4.235813
93039,4.235813
93059,4.235813
93079,4.235813
93099,4.235813
93119,4.235813
93139,4.235813
93159,4.235813
93179,4.235813
93199,4.235813
93219,4.235813
93239,4.235813
93259,4.235813
93279,4.235813
93299,4.235813
93319,4.235813
93339,4.235813
93359,4.235813
93379,4.235813
93399,4.235813
93419,4.235813
93439,4.235813
93459,4.235813
93479,4.235813
93499,4.235813
93519,4.235813
93539,4.235813
93559,4.235813
93579,4.235813
93599,4.235813
93619,4.235813
93639,4.235813
93659,4.235813
93679,4.235813
93699,4.235813
93719,4.235813
93739,4.235813
93759,4.235813
93779,4.235813
93799,4.235813
93819,4.235813
93839,4.235813
93859,4.235813
93879,4.235813
93899,4.235813
93919,4.235813
93939,4.235813
93959,4.235813
93979,4.235813
93999,4.235813
94019,4.235813
94039,4.235813
94059,4.235813
94079,4.235813
94099,4.235813
94119,4.235813
94139,4.235813
94159,4.235813
94179,4.235813
94199,4.235813
94219,4.235813
94239,4.235813
94259,4.235813
94279,4.235813
94299,4.235813
94319,4.235813
94339,4.235813
94359,4.235813
94379,4.235813
94399,4.235813
94419,4.235813
94439,4.235813
94459,4.235813
94479,4.235813
94499,4.235813
94519,4.235813
94539,4.235813
94559,4.235813
94579,4.235813
94599,4.235813
94619,4.235813
94639,4.235813
94659,4.235813
94679,4.235813
94699,4.235813
94719,4.235813
94739,4.235813
94759,4.235813
94779,4.235813
94799,4.235813
94819,4.235813
94839,4.235813
94859,4.235813
94879,4.235813
94899,4.235813
94919,4.235813
94939,4.235813
94959,4.235813
94979,4.235813
94999,4.235813
95019,4.235813
95039,4.235813
95059,4.235813
95079,4.235813
95099,4.235813
95119,4.235813
95139,4.235813
95159,4.235813
95179,4.235813
95199,4.235813
95219,4.235813
95239,4.235813
95259,4.235813
95279,4.235813
95299,4.235813
95319,4.235813
95339,4.235813
95359,4.235813
95379,4.235813
95399,4.235813
95419,4.235813
95439,4.235813
95459,4.235813
95479,4.235813
95499,4.235813
95519,4.235813
95539,4.235813
95559,4.235813
95579,4.235813
95599,4.235813
95619,4.235813
95639,4.235813
95659,4.235813
95679,4.235813
95699,4.235813
95719,4.235813
95739,4.235813
95759,4.235813
95779,4.235813
95799,4.235813
95819,4.235813
95839,4.235813
95859,4.235813
95879,4.235813
95899,4.235813
95919,4.235813
95939,4.235813
95959,4.235813
95979,4.235813
95999,4.235813
96019,4.235813
96039,4.235813
96059,4.235813
96079,4.235813
96099,4.235813
96119,4.235813
96139,4.235813
96159,4.235813
96179,4.235813
96199,4.235813
96219,4.235813
96239,4.235813
96259,4.235813
96279,4.235813
96299,4.235813
96319,4.235813
96339,4.235813
96359,4.235813
96379,4.235813
96399,4.235813
96419,4.235813
96439,4.235813
96459,4.235813
96479,4.235813
96499,4.235813
96519,4.235813
96539,4.235813
96559,4.235813
96579,4.235813
96599,4.235813
96619,4.235813
96639,4.235813
96659,4.235813
96679,4.235813
96699,4.235813
96719,4.235813
96739,4.235813
96759,4.235813
96779,4.235813
96799,4.235813
96819,4.235813
96839,4.235813
96859,4.235813
96879,4.235813
96899,4.235813
96919,4.235813
96939,4.235813
96959,4.135426
96979,4.235813
96999,4.235813
97019,4.235813
97039,4.235813
97059,4.235813
97079,4.235813
97099,4.235813
97119,4.235813
97139,4.235813
97159,4.235813
97179,4.235813
97199,4.235813
97219,4.235813
97239,4.235813
97259,4.235813
97279,4.235813
97299,4.235813
97319,4.235813
97339,4.235813
97359,4.235813
97379,4.235813
97399,4.235813
97419,4.235813
97439,4.235813
97459,4.235813
97479,4.235813
97499,4.235813
97519,4.235813
97539,4.235813
97559,4.235813
97579,4.235813
97599,4.235813
97619,4.235813
97639,4.235813
97659,4.235813
97679,4.235813
97699,4.235813
97719,4.235813
97739,4.235813
97759,4.235813
97779,4.235813
97799,4.235813
97819,4.235813
97839,4.235813
97859,4.235813
97879,4.235813
97899,4.235813
97919,4.235813
97939,4.235813
97959,4.235813
97979,4.235813
97999,4.235813
98019,4.235813
98039,4.235813
98059,4.235813
98079,4.235813
98099,4.235813
98119,4.235813
98139,4.235813
98159,4.235813
98179,4.235813
98199,4.235813
98219,4.235813
98239,4.235813
98259,4.235813
98279,4.235813
98299,4.235813
98319,4.235813
98339,4.235813
98359,4.235813
98379,4.235813
98399,4.235813
98419,4.235813
98439,4.235813
98459,4.235813
98479,4.235813
98499,4.235813
98519,4.235813
98539,4.235813
98559,4.235813
98579,4.235813
98599,4.235813
98619,4.235813
98639,4.235813
98659,4.235813
98679,4.235813
98699,4.235813
98719,4.235813
98739,4.235813
98759,4.235813
98779,4.235813
98799,4.235813
98819,4.235813
98839,4.235813
98859,4.235813
98879,4.235813
98899,4.235813
98919,4.235813
98939,4.235813
98959,4.235813
98979,4.235813
98999,4.235813
99019,4.235813
99039,4.235813
99059,4.235813
99079,4.235813
99099,4.235813
99119,4.235813
99139,4.235813
99159,4.235813
99179,4.235813
99199,4.235813
99219,4.235813
99239,4.235813
99259,4.235813
99279,4.235813
99299,4.235813
99319,4.235813
99339,4.235813
99359,4.235813
99379,4.235813
99399,4.235813
99419,4.235813
99439,4.235813
99459,4.235813
99479,4.235813
99499,4.235813
99519,4.235813
99539,4.235813
99559,4.235813
99579,4.235813
99599,4.235813
99619,4.235813
99639,4.235813
99659,4.235813
99679,4.235813
99699,4.235813
99719,4.235813
99739,4.235813
99759,4.235813
99779,4.235813
99799,4.235813
99819,4.235813
99839,4.235813
99859,4.235813
99879,4.235813
99899,4.235813
99919,4.235813
99939,4.235813
99959,4.235813
99979,4.235813
99999,4.235813
