-1,0.272374
19,0.272441
39,0.272441
59,0.272374
79,0.372760
99,0.349854
119,0.345481
139,0.372760
159,0.337013
179,0.337013
199,0.349854
219,0.354909
239,0.354212
259,0.320179
279,0.315315
299,0.330370
319,0.316579
339,0.335777
359,0.330871
379,0.317055
399,0.316105
419,0.271663
439,0.313109
459,0.316105
479,0.316579
499,0.298622
519,0.309434
539,0.316105
559,0.316579
579,0.347323
599,0.329897
619,0.344928
639,0.330627
659,0.309434
679,0.316105
699,0.328182
719,0.323442
739,0.346628
759,0.271507
779,0.322247
799,0.341108
819,0.346628
839,0.335277
859,0.259027
879,0.279106
899,0.328869
919,0.352770
939,0.298033
959,0.337243
979,0.336270
999,0.346628
1019,0.345133
1039,0.330615
1059,0.326740
1079,0.341142
1099,0.307343
1119,0.271663
1139,0.351056
1159,0.340892
1179,0.353367
1199,0.310811
1219,0.335788
1239,0.339927
1259,0.328909
1279,0.347889
1299,0.348651
1319,0.313667
1339,0.329412
1359,0.324685
1379,0.348837
1399,0.347762
1419,0.340176
1439,0.348143
1459,0.357298
1479,0.347762
1499,0.348837
1519,0.351056
1539,0.348837
1559,0.351056
1579,0.356465
1599,0.348837
1619,0.300305
1639,0.347889
1659,0.341536
1679,0.348651
1699,0.351489
1719,0.348651
1739,0.348651
1759,0.348651
1779,0.348651
1799,0.348651
1819,0.348651
1839,0.351489
1859,0.348651
1879,0.351489
1899,0.351489
1919,0.351489
1939,0.351489
1959,0.351489
1979,0.348651
1999,0.348651
2019,0.351489
2039,0.351489
2059,0.351489
2079,0.348651
2099,0.348651
2119,0.348651
2139,0.348651
2159,0.348651
2179,0.348651
2199,0.348651
2219,0.348651
2239,0.348651
2259,0.348651
2279,0.348651
2299,0.348651
2319,0.348651
2339,0.348651
2359,0.348651
2379,0.348651
2399,0.334311
2419,0.334311
2439,0.348651
2459,0.348651
2479,0.348651
2499,0.348651
2519,0.348651
2539,0.348651
2559,0.348651
2579,0.348651
2599,0.348651
2619,0.348651
2639,0.348651
2659,0.348651
2679,0.348651
2699,0.347889
2719,0.347889
2739,0.348651
2759,0.348651
2779,0.348651
2799,0.348651
2819,0.348651
2839,0.348651
2859,0.347889
2879,0.347889
2899,0.347889
2919,0.348651
2939,0.348651
2959,0.348651
2979,0.348651
2999,0.348651
3019,0.347889
3039,0.347889
3059,0.348651
3079,0.348651
3099,0.348651
3119,0.348651
3139,0.348651
3159,0.348651
3179,0.348651
3199,0.348651
3219,0.348651
3239,0.348651
3259,0.348651
3279,0.348651
3299,0.348651
3319,0.348651
3339,0.348651
3359,0.348651
3379,0.348651
3399,0.348651
3419,0.348651
3439,0.348651
3459,0.348651
3479,0.348651
3499,0.348651
3519,0.348651
3539,0.348651
3559,0.348651
3579,0.348651
3599,0.348651
3619,0.348651
3639,0.348651
3659,0.348651
3679,0.348651
3699,0.348651
3719,0.348651
3739,0.348651
3759,0.348651
3779,0.348651
3799,0.348651
3819,0.348651
3839,0.348651
3859,0.348651
3879,0.348651
3899,0.348651
3919,0.348651
3939,0.348651
3959,0.348651
3979,0.348651
3999,0.348651
4019,0.348651
4039,0.348651
4059,0.348651
4079,0.348651
4099,0.348651
4119,0.348651
4139,0.348651
4159,0.348651
4179,0.348651
4199,0.348651
4219,0.348651
4239,0.348651
4259,0.348651
4279,0.348651
4299,0.348651
4319,0.348651
4339,0.348651
4359,0.345282
4379,0.348651
4399,0.348651
4419,0.348651
4439,0.345282
4459,0.345282
4479,0.345788
4499,0.347059
4519,0.348651
4539,0.345788
4559,0.345788
4579,0.345282
4599,0.349415
4619,0.348018
4639,0.348651
4659,0.348651
4679,0.348651
4699,0.348651
4719,0.348651
4739,0.348651
4759,0.348651
4779,0.348651
4799,0.348651
4819,0.348651
4839,0.348651
4859,0.323725
4879,0.348651
4899,0.348651
4919,0.348651
4939,0.348651
4959,0.348651
4979,0.348651
4999,0.348651
5019,0.348651
5039,0.348651
5059,0.348651
5079,0.351489
5099,0.348651
5119,0.348651
5139,0.348651
5159,0.348651
5179,0.348651
5199,0.348651
5219,0.348651
5239,0.348651
5259,0.348651
5279,0.348651
5299,0.348651
5319,0.348651
5339,0.348651
5359,0.348651
5379,0.348651
5399,0.348651
5419,0.348651
5439,0.348651
5459,0.348651
5479,0.348651
5499,0.351489
5519,0.348651
5539,0.348651
5559,0.348651
5579,0.348651
5599,0.348651
5619,0.348651
5639,0.348651
5659,0.348651
5679,0.348651
5699,0.348651
5719,0.348651
5739,0.348651
5759,0.348651
5779,0.348651
5799,0.348651
5819,0.348651
5839,0.348651
5859,0.348651
5879,0.348651
5899,0.348651
5919,0.348651
5939,0.348651
5959,0.348651
5979,0.348651
5999,0.348651
6019,0.348651
6039,0.348651
6059,0.348651
6079,0.348651
6099,0.348651
6119,0.348651
6139,0.348651
6159,0.348651
6179,0.348651
6199,0.348651
6219,0.348651
6239,0.348651
6259,0.348651
6279,0.348651
6299,0.348651
6319,0.348651
6339,0.348651
6359,0.348651
6379,0.348651
6399,0.348651
6419,0.348651
6439,0.348651
6459,0.348651
6479,0.348651
6499,0.348651
6519,0.348651
6539,0.348651
6559,0.348651
6579,0.348651
6599,0.348651
6619,0.348651
6639,0.348651
6659,0.348651
6679,0.348651
6699,0.348651
6719,0.348651
6739,0.348651
6759,0.348651
6779,0.348651
6799,0.348651
6819,0.348651
6839,0.348651
6859,0.348651
6879,0.348651
6899,0.348651
6919,0.348651
6939,0.296296
6959,0.348651
6979,0.348651
6999,0.348651
7019,0.348651
7039,0.348651
7059,0.348651
7079,0.348651
7099,0.348651
7119,0.348651
7139,0.348651
7159,0.348651
7179,0.348651
7199,0.348651
7219,0.348651
7239,0.348651
7259,0.348651
7279,0.348651
7299,0.348651
7319,0.348651
7339,0.348651
7359,0.348651
7379,0.348651
7399,0.348651
7419,0.348651
7439,0.348651
7459,0.348651
7479,0.348651
7499,0.348651
7519,0.348651
7539,0.348651
7559,0.348651
7579,0.348651
7599,0.348651
7619,0.348651
7639,0.348651
7659,0.348651
7679,0.348651
7699,0.348651
7719,0.348651
7739,0.348651
7759,0.348651
7779,0.348651
7799,0.348651
7819,0.348651
7839,0.348651
7859,0.348651
7879,0.348651
7899,0.348651
7919,0.348651
7939,0.348651
7959,0.348651
7979,0.348651
7999,0.348651
8019,0.348651
8039,0.348651
8059,0.348651
8079,0.348651
8099,0.348651
8119,0.348651
8139,0.348651
8159,0.348651
8179,0.348651
8199,0.348651
8219,0.348651
8239,0.348651
8259,0.348651
8279,0.348651
8299,0.306077
8319,0.340426
8339,0.348651
8359,0.348651
8379,0.348651
8399,0.348651
8419,0.348651
8439,0.348651
8459,0.348651
8479,0.348651
8499,0.348651
8519,0.348651
8539,0.348651
8559,0.348651
8579,0.348651
8599,0.348651
8619,0.348651
8639,0.348651
8659,0.348651
8679,0.348651
8699,0.348651
8719,0.348651
8739,0.348651
8759,0.348651
8779,0.348651
8799,0.348651
8819,0.348651
8839,0.348651
8859,0.348651
8879,0.348651
8899,0.348651
8919,0.348651
8939,0.348651
8959,0.348651
8979,0.348651
8999,0.348651
9019,0.348651
9039,0.348651
9059,0.348651
9079,0.348651
9099,0.348651
9119,0.348651
9139,0.348651
9159,0.348651
9179,0.348651
9199,0.348651
9219,0.348651
9239,0.348651
9259,0.348651
9279,0.348651
9299,0.348651
9319,0.348651
9339,0.348651
9359,0.348651
9379,0.348651
9399,0.348651
9419,0.348651
9439,0.348651
9459,0.348651
9479,0.348651
9499,0.348651
9519,0.348651
9539,0.348651
9559,0.348651
9579,0.348651
9599,0.348651
9619,0.348651
9639,0.348651
9659,0.347889
9679,0.348651
9699,0.348651
9719,0.348651
9739,0.348651
9759,0.348651
9779,0.348651
9799,0.348651
9819,0.351489
9839,0.348651
9859,0.348651
9879,0.347889
9899,0.348651
9919,0.348651
9939,0.348651
9959,0.348651
9979,0.348651
9999,0.348651
10019,0.348651
10039,0.348651
10059,0.348651
10079,0.348651
10099,0.348651
10119,0.348651
10139,0.348651
10159,0.348651
10179,0.348651
10199,0.348651
10219,0.348651
10239,0.348651
10259,0.348651
10279,0.348651
10299,0.348651
10319,0.348651
10339,0.348651
10359,0.348651
10379,0.348651
10399,0.348651
10419,0.348651
10439,0.348651
10459,0.348651
10479,0.348651
10499,0.348651
10519,0.348651
10539,0.348651
10559,0.348651
10579,0.348651
10599,0.348651
10619,0.348651
10639,0.348651
10659,0.347889
10679,0.348651
10699,0.348651
10719,0.348651
10739,0.347889
10759,0.348651
10779,0.348651
10799,0.348651
10819,0.348651
10839,0.348651
10859,0.348651
10879,0.348651
10899,0.348651
10919,0.348651
10939,0.348651
10959,0.348651
10979,0.348651
10999,0.348651
11019,0.348651
11039,0.348651
11059,0.348651
11079,0.348651
11099,0.348651
11119,0.348651
11139,0.348651
11159,0.348651
11179,0.348651
11199,0.351056
11219,0.348651
11239,0.348651
11259,0.348651
11279,0.347889
11299,0.348651
11319,0.348651
11339,0.348651
11359,0.348651
11379,0.348651
11399,0.348651
11419,0.348651
11439,0.348651
11459,0.348651
11479,0.348651
11499,0.348651
11519,0.348651
11539,0.348651
11559,0.348651
11579,0.348651
11599,0.348651
11619,0.348651
11639,0.348651
11659,0.348651
11679,0.347889
11699,0.348651
11719,0.348651
11739,0.348651
11759,0.348651
11779,0.348651
11799,0.348651
11819,0.348651
11839,0.348651
11859,0.348651
11879,0.348651
11899,0.348651
11919,0.348651
11939,0.348651
11959,0.348651
11979,0.348651
11999,0.348651
12019,0.348651
12039,0.348651
12059,0.348651
12079,0.348651
12099,0.348651
12119,0.348651
12139,0.348651
12159,0.348651
12179,0.348651
12199,0.348651
12219,0.348651
12239,0.348651
12259,0.348651
12279,0.348651
12299,0.348651
12319,0.348651
12339,0.348651
12359,0.348651
12379,0.348651
12399,0.348651
12419,0.348651
12439,0.348651
12459,0.348651
12479,0.348651
12499,0.348651
12519,0.348651
12539,0.348651
12559,0.348651
12579,0.348651
12599,0.348651
12619,0.348651
12639,0.348651
12659,0.348651
12679,0.348651
12699,0.348651
12719,0.348651
12739,0.348651
12759,0.348651
12779,0.348651
12799,0.347889
12819,0.348651
12839,0.348651
12859,0.348651
12879,0.348651
12899,0.348651
12919,0.348651
12939,0.348651
12959,0.348651
12979,0.348651
12999,0.348651
13019,0.348651
13039,0.348651
13059,0.348651
13079,0.348651
13099,0.348651
13119,0.348651
13139,0.348651
13159,0.348651
13179,0.348651
13199,0.348651
13219,0.348651
13239,0.348651
13259,0.348651
13279,0.348651
13299,0.348651
13319,0.348651
13339,0.348651
13359,0.348651
13379,0.348651
13399,0.348651
13419,0.347889
13439,0.348651
13459,0.348651
13479,0.348651
13499,0.348651
13519,0.348651
13539,0.348651
13559,0.348651
13579,0.348651
13599,0.348651
13619,0.348651
13639,0.348651
13659,0.348651
13679,0.348651
13699,0.348651
13719,0.348651
13739,0.348651
13759,0.348651
13779,0.348651
13799,0.351489
13819,0.348651
13839,0.348651
13859,0.348651
13879,0.348651
13899,0.348651
13919,0.348651
13939,0.348651
13959,0.348651
13979,0.348651
13999,0.348651
14019,0.348651
14039,0.348651
14059,0.348651
14079,0.348651
14099,0.348651
14119,0.351056
14139,0.348651
14159,0.348651
14179,0.348651
14199,0.348651
14219,0.348651
14239,0.348651
14259,0.348651
14279,0.338710
14299,0.348905
14319,0.348905
14339,0.348651
14359,0.348651
14379,0.348905
14399,0.348651
14419,0.348905
14439,0.348905
14459,0.349160
14479,0.349160
14499,0.349160
14519,0.348905
14539,0.348905
14559,0.348905
14579,0.348905
14599,0.349160
14619,0.348905
14639,0.348905
14659,0.348905
14679,0.348905
14699,0.348905
14719,0.348905
14739,0.349160
14759,0.349160
14779,0.348905
14799,0.349160
14819,0.348905
14839,0.349160
14859,0.348905
14879,0.348905
14899,0.349160
14919,0.349160
14939,0.349160
14959,0.348905
14979,0.348905
14999,0.348905
15019,0.358339
15039,0.358339
15059,0.348651
15079,0.358339
15099,0.348651
15119,0.348651
15139,0.348651
15159,0.358339
15179,0.348651
15199,0.348651
15219,0.348651
15239,0.348651
15259,0.348651
15279,0.347889
15299,0.348651
15319,0.348651
15339,0.348651
15359,0.348651
15379,0.348651
15399,0.348651
15419,0.348651
15439,0.348651
15459,0.347889
15479,0.347889
15499,0.348651
15519,0.348651
15539,0.348651
15559,0.348651
15579,0.347889
15599,0.348651
15619,0.348651
15639,0.347889
15659,0.351056
15679,0.348651
15699,0.348651
15719,0.347889
15739,0.348651
15759,0.347889
15779,0.348651
15799,0.348651
15819,0.347889
15839,0.347889
15859,0.348651
15879,0.347889
15899,0.348651
15919,0.347889
15939,0.348651
15959,0.347889
15979,0.347889
15999,0.347889
16019,0.347889
16039,0.347889
16059,0.347889
16079,0.347889
16099,0.347889
16119,0.347889
16139,0.347889
16159,0.347889
16179,0.348651
16199,0.348651
16219,0.348651
16239,0.348651
16259,0.347889
16279,0.348651
16299,0.347889
16319,0.348651
16339,0.347889
16359,0.348651
16379,0.348651
16399,0.348651
16419,0.348651
16439,0.347889
16459,0.348651
16479,0.348651
16499,0.271507
16519,0.318080
16539,0.313433
16559,0.348651
16579,0.347889
16599,0.347889
16619,0.340426
16639,0.348651
16659,0.348651
16679,0.348651
16699,0.340176
16719,0.348651
16739,0.348651
16759,0.348651
16779,0.348651
16799,0.348651
16819,0.348651
16839,0.348651
16859,0.348651
16879,0.348651
16899,0.348651
16919,0.348651
16939,0.348018
16959,0.348651
16979,0.348651
16999,0.351489
17019,0.337045
17039,0.354227
17059,0.334821
17079,0.337045
17099,0.337045
17119,0.337045
17139,0.337045
17159,0.337045
17179,0.319403
17199,0.337045
17219,0.337045
17239,0.337045
17259,0.337045
17279,0.337045
17299,0.337045
17319,0.337045
17339,0.337045
17359,0.340993
17379,0.340993
17399,0.341716
17419,0.341716
17439,0.341716
17459,0.341716
17479,0.341716
17499,0.341716
17519,0.341716
17539,0.341716
17559,0.341716
17579,0.340993
17599,0.341716
17619,0.349160
17639,0.354227
17659,0.349160
17679,0.355072
17699,0.341716
17719,0.341716
17739,0.349160
17759,0.349160
17779,0.341716
17799,0.341716
17819,0.341716
17839,0.309434
17859,0.341716
17879,0.341716
17899,0.341716
17919,0.341716
17939,0.341716
17959,0.341716
17979,0.337045
17999,0.334320
18019,0.337045
18039,0.341716
18059,0.352256
18079,0.344828
18099,0.344828
18119,0.344828
18139,0.344828
18159,0.344828
18179,0.344828
18199,0.336047
18219,0.336047
18239,0.356105
18259,0.356105
18279,0.356105
18299,0.340959
18319,0.340959
18339,0.349160
18359,0.340959
18379,0.349160
18399,0.349160
18419,0.349160
18439,0.349160
18459,0.349160
18479,0.349160
18499,0.349160
18519,0.349160
18539,0.349160
18559,0.349160
18579,0.349160
18599,0.349160
18619,0.349160
18639,0.349160
18659,0.349160
18679,0.349160
18699,0.349160
18719,0.349160
18739,0.349160
18759,0.349160
18779,0.349160
18799,0.349160
18819,0.349160
18839,0.349160
18859,0.349160
18879,0.349160
18899,0.349160
18919,0.349160
18939,0.349160
18959,0.349160
18979,0.349160
18999,0.349160
19019,0.349160
19039,0.349160
19059,0.349160
19079,0.349160
19099,0.329897
19119,0.349160
19139,0.349160
19159,0.349160
19179,0.349160
19199,0.349160
19219,0.349160
19239,0.349160
19259,0.349160
19279,0.349160
19299,0.349160
19319,0.349160
19339,0.349160
19359,0.349160
19379,0.349160
19399,0.349160
19419,0.349160
19439,0.349160
19459,0.349160
19479,0.349160
19499,0.349160
19519,0.349160
19539,0.349160
19559,0.349160
19579,0.349160
19599,0.349160
19619,0.349160
19639,0.349160
19659,0.349160
19679,0.349160
19699,0.349160
19719,0.349160
19739,0.349160
19759,0.349160
19779,0.349160
19799,0.349160
19819,0.349160
19839,0.349160
19859,0.349160
19879,0.349160
19899,0.349160
19919,0.349160
19939,0.349160
19959,0.349160
19979,0.349160
19999,0.349160
20019,0.349160
20039,0.349160
20059,0.349160
20079,0.349160
20099,0.349160
20119,0.349160
20139,0.349160
20159,0.349160
20179,0.349160
20199,0.349160
20219,0.349160
20239,0.349160
20259,0.349160
20279,0.349160
20299,0.349160
20319,0.349160
20339,0.349160
20359,0.349160
20379,0.349160
20399,0.349160
20419,0.349160
20439,0.349160
20459,0.349160
20479,0.349160
20499,0.349160
20519,0.349160
20539,0.349160
20559,0.349160
20579,0.349160
20599,0.349160
20619,0.349160
20639,0.349160
20659,0.349160
20679,0.349160
20699,0.349160
20719,0.349160
20739,0.349160
20759,0.349160
20779,0.349160
20799,0.349160
20819,0.349160
20839,0.349160
20859,0.349160
20879,0.349160
20899,0.349160
20919,0.349160
20939,0.349160
20959,0.349160
20979,0.349160
20999,0.349160
21019,0.349160
21039,0.349160
21059,0.349160
21079,0.349160
21099,0.349160
21119,0.349160
21139,0.349160
21159,0.349160
21179,0.349160
21199,0.349160
21219,0.349160
21239,0.349160
21259,0.349160
21279,0.349160
21299,0.349160
21319,0.349160
21339,0.349160
21359,0.349160
21379,0.349160
21399,0.349160
21419,0.349160
21439,0.349160
21459,0.349160
21479,0.349160
21499,0.349160
21519,0.349160
21539,0.349160
21559,0.349160
21579,0.349160
21599,0.349160
21619,0.349160
21639,0.349160
21659,0.349160
21679,0.349160
21699,0.349160
21719,0.349160
21739,0.349160
21759,0.349160
21779,0.349160
21799,0.349160
21819,0.349160
21839,0.349160
21859,0.349160
21879,0.349160
21899,0.349160
21919,0.349160
21939,0.349160
21959,0.349160
21979,0.349160
21999,0.349160
22019,0.349160
22039,0.349160
22059,0.349160
22079,0.349160
22099,0.349160
22119,0.349160
22139,0.349160
22159,0.349160
22179,0.349160
22199,0.349160
22219,0.349160
22239,0.349160
22259,0.349160
22279,0.349160
22299,0.349160
22319,0.349160
22339,0.349160
22359,0.349160
22379,0.349160
22399,0.349160
22419,0.349160
22439,0.349160
22459,0.349160
22479,0.349160
22499,0.349160
22519,0.349160
22539,0.349160
22559,0.349160
22579,0.349160
22599,0.349160
22619,0.349160
22639,0.349160
22659,0.349160
22679,0.349160
22699,0.349160
22719,0.349160
22739,0.349160
22759,0.349160
22779,0.349160
22799,0.349160
22819,0.349160
22839,0.349160
22859,0.349160
22879,0.349160
22899,0.349160
22919,0.349160
22939,0.349160
22959,0.349160
22979,0.349160
22999,0.349160
23019,0.349160
23039,0.349160
23059,0.349160
23079,0.349160
23099,0.349160
23119,0.349160
23139,0.349160
23159,0.349160
23179,0.349160
23199,0.349160
23219,0.349160
23239,0.349160
23259,0.349160
23279,0.349160
23299,0.349160
23319,0.349160
23339,0.349160
23359,0.349160
23379,0.349160
23399,0.349160
23419,0.349160
23439,0.349160
23459,0.349160
23479,0.349160
23499,0.349160
23519,0.349160
23539,0.349160
23559,0.349160
23579,0.349160
23599,0.349160
23619,0.349160
23639,0.349160
23659,0.349160
23679,0.349160
23699,0.349160
23719,0.349160
23739,0.349160
23759,0.349160
23779,0.349160
23799,0.349160
23819,0.349160
23839,0.349160
23859,0.349160
23879,0.349160
23899,0.349160
23919,0.349160
23939,0.349160
23959,0.349160
23979,0.349160
23999,0.349160
24019,0.349160
24039,0.349160
24059,0.349160
24079,0.349160
24099,0.349160
24119,0.349160
24139,0.349160
24159,0.349160
24179,0.349160
24199,0.349160
24219,0.349160
24239,0.349160
24259,0.349160
24279,0.349160
24299,0.349160
24319,0.349160
24339,0.349160
24359,0.349160
24379,0.349160
24399,0.349160
24419,0.349160
24439,0.349160
24459,0.349160
24479,0.349160
24499,0.349160
24519,0.349160
24539,0.349160
24559,0.349160
24579,0.349160
24599,0.349160
24619,0.349160
24639,0.349160
24659,0.349160
24679,0.349160
24699,0.349160
24719,0.349160
24739,0.349160
24759,0.349160
24779,0.349160
24799,0.349160
24819,0.349160
24839,0.349160
24859,0.349160
24879,0.349160
24899,0.349160
24919,0.349160
24939,0.349160
24959,0.349160
24979,0.349160
24999,0.349160
25019,0.349160
25039,0.349160
25059,0.349160
25079,0.349160
25099,0.349160
25119,0.349160
25139,0.349160
25159,0.349160
25179,0.349160
25199,0.349160
25219,0.349160
25239,0.349160
25259,0.349160
25279,0.349160
25299,0.349160
25319,0.349160
25339,0.349160
25359,0.349160
25379,0.349160
25399,0.349160
25419,0.349160
25439,0.349160
25459,0.349160
25479,0.349160
25499,0.349160
25519,0.349160
25539,0.349160
25559,0.349160
25579,0.349160
25599,0.349160
25619,0.349160
25639,0.349160
25659,0.349160
25679,0.349160
25699,0.349160
25719,0.349160
25739,0.349160
25759,0.349160
25779,0.349160
25799,0.349160
25819,0.349160
25839,0.349160
25859,0.349160
25879,0.349160
25899,0.349160
25919,0.349160
25939,0.349160
25959,0.349160
25979,0.349160
25999,0.349160
26019,0.349160
26039,0.349160
26059,0.349160
26079,0.349160
26099,0.349160
26119,0.349160
26139,0.349160
26159,0.349160
26179,0.349160
26199,0.349160
26219,0.349160
26239,0.349160
26259,0.349160
26279,0.349160
26299,0.349160
26319,0.349160
26339,0.349160
26359,0.349160
26379,0.349160
26399,0.349160
26419,0.349160
26439,0.349160
26459,0.349160
26479,0.349160
26499,0.349160
26519,0.349160
26539,0.349160
26559,0.349160
26579,0.349160
26599,0.349160
26619,0.349160
26639,0.349160
26659,0.349160
26679,0.349160
26699,0.349160
26719,0.349160
26739,0.349160
26759,0.349160
26779,0.349160
26799,0.349160
26819,0.349160
26839,0.349160
26859,0.349160
26879,0.349160
26899,0.349160
26919,0.349160
26939,0.311982
26959,0.349160
26979,0.348208
26999,0.349160
27019,0.349160
27039,0.349160
27059,0.349160
27079,0.349160
27099,0.349160
27119,0.349160
27139,0.349160
27159,0.349160
27179,0.349160
27199,0.349160
27219,0.349160
27239,0.349160
27259,0.349160
27279,0.349160
27299,0.349160
27319,0.349160
27339,0.349160
27359,0.349160
27379,0.349160
27399,0.349160
27419,0.349160
27439,0.349160
27459,0.349160
27479,0.349160
27499,0.349160
27519,0.349160
27539,0.349160
27559,0.349160
27579,0.349160
27599,0.349160
27619,0.349160
27639,0.349160
27659,0.349160
27679,0.349160
27699,0.349160
27719,0.349160
27739,0.349160
27759,0.349160
27779,0.349160
27799,0.349160
27819,0.349160
27839,0.349160
27859,0.349160
27879,0.349160
27899,0.349160
27919,0.349160
27939,0.349160
27959,0.349160
27979,0.349160
27999,0.349160
28019,0.349160
28039,0.349160
28059,0.349160
28079,0.349160
28099,0.349160
28119,0.349160
28139,0.349160
28159,0.349160
28179,0.349160
28199,0.349160
28219,0.349160
28239,0.349160
28259,0.349160
28279,0.349160
28299,0.349160
28319,0.349160
28339,0.349160
28359,0.349160
28379,0.349160
28399,0.349160
28419,0.349160
28439,0.349160
28459,0.349160
28479,0.349160
28499,0.349160
28519,0.349160
28539,0.349160
28559,0.349160
28579,0.349160
28599,0.349160
28619,0.349160
28639,0.349160
28659,0.349160
28679,0.349160
28699,0.349160
28719,0.349160
28739,0.349160
28759,0.349160
28779,0.349160
28799,0.349160
28819,0.349160
28839,0.349160
28859,0.349160
28879,0.349160
28899,0.349160
28919,0.349160
28939,0.349160
28959,0.349160
28979,0.349160
28999,0.349160
29019,0.349160
29039,0.349160
29059,0.349160
29079,0.349160
29099,0.349160
29119,0.349160
29139,0.349160
29159,0.349160
29179,0.349160
29199,0.349160
29219,0.349160
29239,0.349160
29259,0.349160
29279,0.349160
29299,0.349160
29319,0.349160
29339,0.349160
29359,0.349160
29379,0.349160
29399,0.349160
29419,0.349160
29439,0.349160
29459,0.349160
29479,0.349160
29499,0.349160
29519,0.349160
29539,0.349160
29559,0.349160
29579,0.349160
29599,0.349160
29619,0.349160
29639,0.349160
29659,0.349160
29679,0.349160
29699,0.349160
29719,0.349160
29739,0.349160
29759,0.349160
29779,0.349160
29799,0.349160
29819,0.349160
29839,0.349160
29859,0.349160
29879,0.349160
29899,0.349160
29919,0.349160
29939,0.349160
29959,0.349160
29979,0.349160
29999,0.349160
30019,0.349160
30039,0.349160
30059,0.349160
30079,0.349160
30099,0.349160
30119,0.349160
30139,0.349160
30159,0.349160
30179,0.349160
30199,0.349160
30219,0.349160
30239,0.349160
30259,0.349160
30279,0.349160
30299,0.349160
30319,0.349160
30339,0.349160
30359,0.349160
30379,0.349160
30399,0.349160
30419,0.349160
30439,0.349160
30459,0.349160
30479,0.349160
30499,0.349160
30519,0.349160
30539,0.349160
30559,0.349160
30579,0.349160
30599,0.349160
30619,0.349160
30639,0.349160
30659,0.349160
30679,0.349160
30699,0.349160
30719,0.349160
30739,0.349160
30759,0.349160
30779,0.349160
30799,0.349160
30819,0.349160
30839,0.349160
30859,0.349160
30879,0.349160
30899,0.349160
30919,0.349160
30939,0.349160
30959,0.349160
30979,0.349160
30999,0.349160
31019,0.349160
31039,0.349160
31059,0.349160
31079,0.349160
31099,0.349160
31119,0.349160
31139,0.349160
31159,0.349160
31179,0.349160
31199,0.349160
31219,0.349160
31239,0.349160
31259,0.349160
31279,0.349160
31299,0.349160
31319,0.349160
31339,0.349160
31359,0.349160
31379,0.349160
31399,0.349160
31419,0.349160
31439,0.349160
31459,0.349160
31479,0.349160
31499,0.349160
31519,0.349160
31539,0.349160
31559,0.349160
31579,0.349160
31599,0.349160
31619,0.349160
31639,0.349160
31659,0.349160
31679,0.349160
31699,0.349160
31719,0.349160
31739,0.349160
31759,0.349160
31779,0.349160
31799,0.349160
31819,0.349160
31839,0.349160
31859,0.349160
31879,0.349160
31899,0.349160
31919,0.349160
31939,0.349160
31959,0.349160
31979,0.349160
31999,0.349160
32019,0.349160
32039,0.349160
32059,0.349160
32079,0.349160
32099,0.349160
32119,0.349160
32139,0.349160
32159,0.349160
32179,0.349160
32199,0.349160
32219,0.349160
32239,0.349160
32259,0.349160
32279,0.349160
32299,0.349160
32319,0.349160
32339,0.349160
32359,0.349160
32379,0.349160
32399,0.349160
32419,0.349160
32439,0.349160
32459,0.349160
32479,0.349160
32499,0.349160
32519,0.349160
32539,0.349160
32559,0.349160
32579,0.349160
32599,0.349160
32619,0.349160
32639,0.349160
32659,0.349160
32679,0.349160
32699,0.349160
32719,0.349160
32739,0.349160
32759,0.349160
32779,0.349160
32799,0.349160
32819,0.349160
32839,0.349160
32859,0.349160
32879,0.349160
32899,0.349160
32919,0.349160
32939,0.349160
32959,0.349160
32979,0.349160
32999,0.349160
33019,0.349160
33039,0.349160
33059,0.349160
33079,0.349160
33099,0.349160
33119,0.349160
33139,0.349160
33159,0.349160
33179,0.349160
33199,0.349160
33219,0.349160
33239,0.349160
33259,0.349160
33279,0.349160
33299,0.349160
33319,0.349160
33339,0.349160
33359,0.349160
33379,0.349160
33399,0.349160
33419,0.349160
33439,0.349160
33459,0.349160
33479,0.349160
33499,0.349160
33519,0.349160
33539,0.349160
33559,0.349160
33579,0.349160
33599,0.349160
33619,0.349160
33639,0.349160
33659,0.349160
33679,0.349160
33699,0.349160
33719,0.349160
33739,0.349160
33759,0.349160
33779,0.349160
33799,0.349160
33819,0.349160
33839,0.349160
33859,0.349160
33879,0.349160
33899,0.349160
33919,0.349160
33939,0.349160
33959,0.349160
33979,0.349160
33999,0.349160
34019,0.349160
34039,0.349160
34059,0.349160
34079,0.349160
34099,0.349160
34119,0.349160
34139,0.349160
34159,0.349160
34179,0.349160
34199,0.349160
34219,0.349160
34239,0.349160
34259,0.349160
34279,0.349160
34299,0.349160
34319,0.349160
34339,0.349160
34359,0.349160
34379,0.349160
34399,0.349160
34419,0.349160
34439,0.349160
34459,0.349160
34479,0.349160
34499,0.349160
34519,0.349160
34539,0.349160
34559,0.349160
34579,0.349160
34599,0.349160
34619,0.349160
34639,0.349160
34659,0.349160
34679,0.349160
34699,0.349160
34719,0.349160
34739,0.349160
34759,0.349160
34779,0.349160
34799,0.349160
34819,0.349160
34839,0.349160
34859,0.349160
34879,0.349160
34899,0.349160
34919,0.349160
34939,0.349160
34959,0.349160
34979,0.349160
34999,0.349160
35019,0.349160
35039,0.349160
35059,0.349160
35079,0.349160
35099,0.349160
35119,0.349160
35139,0.349160
35159,0.349160
35179,0.349160
35199,0.349160
35219,0.349160
35239,0.349160
35259,0.349160
35279,0.349160
35299,0.349160
35319,0.349160
35339,0.349160
35359,0.349160
35379,0.349160
35399,0.349160
35419,0.349160
35439,0.349160
35459,0.349160
35479,0.349160
35499,0.349160
35519,0.349160
35539,0.349160
35559,0.349160
35579,0.349160
35599,0.349160
35619,0.349160
35639,0.349160
35659,0.349160
35679,0.348208
35699,0.348208
35719,0.349160
35739,0.348208
35759,0.349160
35779,0.348208
35799,0.349160
35819,0.349160
35839,0.349160
35859,0.349160
35879,0.349160
35899,0.349160
35919,0.349160
35939,0.349160
35959,0.349160
35979,0.349160
35999,0.349160
36019,0.349160
36039,0.349160
36059,0.349160
36079,0.349160
36099,0.349160
36119,0.349160
36139,0.349160
36159,0.349160
36179,0.349160
36199,0.349160
36219,0.349160
36239,0.349160
36259,0.349160
36279,0.349160
36299,0.349160
36319,0.349160
36339,0.349160
36359,0.349160
36379,0.349160
36399,0.349160
36419,0.349160
36439,0.349160
36459,0.349160
36479,0.349160
36499,0.349160
36519,0.349160
36539,0.349160
36559,0.349160
36579,0.349160
36599,0.349160
36619,0.349160
36639,0.349160
36659,0.349160
36679,0.349160
36699,0.349160
36719,0.349160
36739,0.349160
36759,0.349160
36779,0.349160
36799,0.349160
36819,0.349160
36839,0.349160
36859,0.349160
36879,0.349160
36899,0.349160
36919,0.349160
36939,0.349160
36959,0.349160
36979,0.349160
36999,0.349160
37019,0.349160
37039,0.349160
37059,0.349160
37079,0.349160
37099,0.349160
37119,0.349160
37139,0.349160
37159,0.349160
37179,0.349160
37199,0.349160
37219,0.349160
37239,0.349160
37259,0.349160
37279,0.349160
37299,0.349160
37319,0.349160
37339,0.349160
37359,0.349160
37379,0.349160
37399,0.349160
37419,0.349160
37439,0.349160
37459,0.349160
37479,0.349160
37499,0.349160
37519,0.349160
37539,0.349160
37559,0.349160
37579,0.349160
37599,0.349160
37619,0.349160
37639,0.349160
37659,0.349160
37679,0.349160
37699,0.344727
37719,0.349160
37739,0.349160
37759,0.349160
37779,0.348208
37799,0.349160
37819,0.348208
37839,0.348208
37859,0.349160
37879,0.349160
37899,0.349160
37919,0.349160
37939,0.349160
37959,0.349160
37979,0.349160
37999,0.349160
38019,0.349160
38039,0.349160
38059,0.349160
38079,0.349160
38099,0.349160
38119,0.349160
38139,0.349160
38159,0.348208
38179,0.349160
38199,0.349160
38219,0.349160
38239,0.349160
38259,0.349160
38279,0.349160
38299,0.349160
38319,0.349160
38339,0.349160
38359,0.349160
38379,0.349160
38399,0.349160
38419,0.349160
38439,0.349160
38459,0.349160
38479,0.349160
38499,0.349160
38519,0.349160
38539,0.349160
38559,0.349160
38579,0.349160
38599,0.349160
38619,0.349160
38639,0.349160
38659,0.349160
38679,0.349160
38699,0.349160
38719,0.349160
38739,0.349160
38759,0.349160
38779,0.349160
38799,0.349160
38819,0.349160
38839,0.349160
38859,0.349160
38879,0.349160
38899,0.349160
38919,0.349160
38939,0.349160
38959,0.349160
38979,0.349160
38999,0.349160
39019,0.349160
39039,0.349160
39059,0.349160
39079,0.349160
39099,0.349160
39119,0.349160
39139,0.349160
39159,0.349160
39179,0.349160
39199,0.349160
39219,0.349160
39239,0.349160
39259,0.349160
39279,0.349160
39299,0.349160
39319,0.349160
39339,0.349160
39359,0.349160
39379,0.349160
39399,0.349160
39419,0.349160
39439,0.349160
39459,0.349160
39479,0.349160
39499,0.349160
39519,0.349160
39539,0.349160
39559,0.349160
39579,0.349160
39599,0.349160
39619,0.349160
39639,0.349160
39659,0.349160
39679,0.349160
39699,0.349160
39719,0.349160
39739,0.349160
39759,0.349160
39779,0.349160
39799,0.349160
39819,0.349160
39839,0.349160
39859,0.349160
39879,0.349160
39899,0.349160
39919,0.349160
39939,0.349160
39959,0.349160
39979,0.349160
39999,0.349160
40019,0.349160
40039,0.349160
40059,0.349160
40079,0.349160
40099,0.349160
40119,0.349160
40139,0.349160
40159,0.349160
40179,0.349160
40199,0.349160
40219,0.349160
40239,0.349160
40259,0.349160
40279,0.349160
40299,0.349160
40319,0.349160
40339,0.349160
40359,0.349160
40379,0.349160
40399,0.349160
40419,0.349160
40439,0.349160
40459,0.349160
40479,0.349160
40499,0.349160
40519,0.349160
40539,0.349160
40559,0.349160
40579,0.349160
40599,0.349160
40619,0.349160
40639,0.349160
40659,0.349160
40679,0.349160
40699,0.349160
40719,0.349160
40739,0.349160
40759,0.349160
40779,0.349160
40799,0.349160
40819,0.349160
40839,0.349160
40859,0.349160
40879,0.349160
40899,0.349160
40919,0.349160
40939,0.349160
40959,0.349160
40979,0.349160
40999,0.349160
41019,0.349160
41039,0.349160
41059,0.349160
41079,0.349160
41099,0.349160
41119,0.349160
41139,0.349160
41159,0.349160
41179,0.349160
41199,0.349160
41219,0.349160
41239,0.349160
41259,0.349160
41279,0.349160
41299,0.349160
41319,0.349160
41339,0.349160
41359,0.349160
41379,0.349160
41399,0.349160
41419,0.349160
41439,0.349160
41459,0.349160
41479,0.349160
41499,0.349160
41519,0.349160
41539,0.349160
41559,0.349160
41579,0.349160
41599,0.349160
41619,0.349160
41639,0.349160
41659,0.349160
41679,0.349160
41699,0.349160
41719,0.349160
41739,0.349160
41759,0.349160
41779,0.349160
41799,0.349160
41819,0.349160
41839,0.349160
41859,0.349160
41879,0.349160
41899,0.349160
41919,0.349160
41939,0.349160
41959,0.349160
41979,0.349160
41999,0.349160
42019,0.349160
42039,0.349160
42059,0.349160
42079,0.349160
42099,0.349160
42119,0.349160
42139,0.349160
42159,0.349160
42179,0.349160
42199,0.349160
42219,0.349160
42239,0.349160
42259,0.349160
42279,0.349160
42299,0.349160
42319,0.349160
42339,0.349160
42359,0.349160
42379,0.349160
42399,0.349160
42419,0.349160
42439,0.349160
42459,0.349160
42479,0.349160
42499,0.349160
42519,0.349160
42539,0.349160
42559,0.349160
42579,0.349160
42599,0.275862
42619,0.349160
42639,0.349160
42659,0.349160
42679,0.349160
42699,0.349160
42719,0.349160
42739,0.349160
42759,0.349160
42779,0.349160
42799,0.349160
42819,0.349160
42839,0.349160
42859,0.349160
42879,0.349160
42899,0.349160
42919,0.349160
42939,0.349160
42959,0.349160
42979,0.349160
42999,0.349160
43019,0.349160
43039,0.349160
43059,0.349160
43079,0.349160
43099,0.349160
43119,0.349160
43139,0.349160
43159,0.349160
43179,0.349160
43199,0.349160
43219,0.349160
43239,0.349160
43259,0.349160
43279,0.349160
43299,0.349160
43319,0.349160
43339,0.349160
43359,0.349160
43379,0.349160
43399,0.349160
43419,0.349160
43439,0.349160
43459,0.349160
43479,0.349160
43499,0.349160
43519,0.349160
43539,0.349160
43559,0.349160
43579,0.349160
43599,0.349160
43619,0.349160
43639,0.349160
43659,0.349160
43679,0.349160
43699,0.349160
43719,0.349160
43739,0.349160
43759,0.349160
43779,0.349160
43799,0.349160
43819,0.349160
43839,0.349160
43859,0.349160
43879,0.349160
43899,0.349160
43919,0.349160
43939,0.349160
43959,0.349160
43979,0.349160
43999,0.349160
44019,0.349160
44039,0.349160
44059,0.349160
44079,0.349160
44099,0.349160
44119,0.349160
44139,0.349160
44159,0.349160
44179,0.349160
44199,0.349160
44219,0.349160
44239,0.349160
44259,0.349160
44279,0.349160
44299,0.349160
44319,0.349160
44339,0.349160
44359,0.349160
44379,0.349160
44399,0.349160
44419,0.349160
44439,0.349160
44459,0.349160
44479,0.349160
44499,0.349160
44519,0.349160
44539,0.349160
44559,0.349160
44579,0.349160
44599,0.349160
44619,0.349160
44639,0.349160
44659,0.349160
44679,0.349160
44699,0.349160
44719,0.349160
44739,0.349160
44759,0.349160
44779,0.349160
44799,0.349160
44819,0.349160
44839,0.349160
44859,0.349160
44879,0.349160
44899,0.349160
44919,0.349160
44939,0.349160
44959,0.349160
44979,0.349160
44999,0.349160
45019,0.349160
45039,0.349160
45059,0.349160
45079,0.349160
45099,0.349160
45119,0.349160
45139,0.349160
45159,0.349160
45179,0.349160
45199,0.349160
45219,0.349160
45239,0.349160
45259,0.349160
45279,0.349160
45299,0.349160
45319,0.349160
45339,0.349160
45359,0.349160
45379,0.349160
45399,0.349160
45419,0.349160
45439,0.349160
45459,0.349160
45479,0.349160
45499,0.349160
45519,0.349160
45539,0.349160
45559,0.349160
45579,0.349160
45599,0.349160
45619,0.349160
45639,0.349160
45659,0.349160
45679,0.349160
45699,0.349160
45719,0.349160
45739,0.349160
45759,0.349160
45779,0.349160
45799,0.349160
45819,0.349160
45839,0.349160
45859,0.349160
45879,0.349160
45899,0.349160
45919,0.349160
45939,0.349160
45959,0.349160
45979,0.349160
45999,0.349160
46019,0.349160
46039,0.349160
46059,0.349160
46079,0.349160
46099,0.349160
46119,0.349160
46139,0.349160
46159,0.349160
46179,0.349160
46199,0.349160
46219,0.349160
46239,0.349160
46259,0.349160
46279,0.349160
46299,0.349160
46319,0.349160
46339,0.349160
46359,0.349160
46379,0.349160
46399,0.349160
46419,0.349160
46439,0.349160
46459,0.349160
46479,0.349160
46499,0.349160
46519,0.349160
46539,0.349160
46559,0.349160
46579,0.349160
46599,0.349160
46619,0.349160
46639,0.349160
46659,0.349160
46679,0.349160
46699,0.349160
46719,0.349160
46739,0.349160
46759,0.349160
46779,0.349160
46799,0.349160
46819,0.349160
46839,0.349160
46859,0.349160
46879,0.349160
46899,0.349160
46919,0.349160
46939,0.349160
46959,0.349160
46979,0.349160
46999,0.349160
47019,0.349160
47039,0.349160
47059,0.349160
47079,0.349160
47099,0.349160
47119,0.349160
47139,0.349160
47159,0.349160
47179,0.349160
47199,0.349160
47219,0.349160
47239,0.349160
47259,0.349160
47279,0.349160
47299,0.349160
47319,0.349160
47339,0.349160
47359,0.349160
47379,0.349160
47399,0.349160
47419,0.349160
47439,0.349160
47459,0.349160
47479,0.349160
47499,0.349160
47519,0.349160
47539,0.349160
47559,0.349160
47579,0.349160
47599,0.349160
47619,0.349160
47639,0.349160
47659,0.349160
47679,0.349160
47699,0.349160
47719,0.349160
47739,0.349160
47759,0.349160
47779,0.349160
47799,0.349160
47819,0.349160
47839,0.349160
47859,0.349160
47879,0.349160
47899,0.349160
47919,0.349160
47939,0.349160
47959,0.349160
47979,0.349160
47999,0.349160
48019,0.349160
48039,0.349160
48059,0.349160
48079,0.349160
48099,0.349160
48119,0.349160
48139,0.349160
48159,0.349160
48179,0.349160
48199,0.349160
48219,0.349160
48239,0.349160
48259,0.349160
48279,0.349160
48299,0.349160
48319,0.349160
48339,0.349160
48359,0.349160
48379,0.349160
48399,0.349160
48419,0.349160
48439,0.349160
48459,0.349160
48479,0.349160
48499,0.349160
48519,0.349160
48539,0.349160
48559,0.349160
48579,0.349160
48599,0.349160
48619,0.349160
48639,0.349160
48659,0.349160
48679,0.349160
48699,0.349160
48719,0.349160
48739,0.349160
48759,0.349160
48779,0.349160
48799,0.349160
48819,0.349160
48839,0.349160
48859,0.349160
48879,0.349160
48899,0.349160
48919,0.349160
48939,0.349160
48959,0.349160
48979,0.329897
48999,0.349160
49019,0.353455
49039,0.349160
49059,0.349160
49079,0.349160
49099,0.349160
49119,0.349160
49139,0.349160
49159,0.349160
49179,0.349160
49199,0.349160
49219,0.349160
49239,0.349160
49259,0.349160
49279,0.349160
49299,0.349160
49319,0.349160
49339,0.349160
49359,0.349160
49379,0.349160
49399,0.349160
49419,0.349160
49439,0.349160
49459,0.349160
49479,0.349160
49499,0.349160
49519,0.349160
49539,0.349160
49559,0.349160
49579,0.349160
49599,0.349160
49619,0.349160
49639,0.349160
49659,0.349160
49679,0.349160
49699,0.349160
49719,0.349160
49739,0.349160
49759,0.349160
49779,0.349160
49799,0.349160
49819,0.349160
49839,0.349160
49859,0.349160
49879,0.349160
49899,0.349160
49919,0.349160
49939,0.349160
49959,0.349160
49979,0.349160
49999,0.349160
50019,0.349160
50039,0.349160
50059,0.349160
50079,0.349160
50099,0.349160
50119,0.349160
50139,0.349160
50159,0.349160
50179,0.349160
50199,0.349160
50219,0.349160
50239,0.349160
50259,0.349160
50279,0.349160
50299,0.349160
50319,0.349160
50339,0.349160
50359,0.349160
50379,0.349160
50399,0.349160
50419,0.349160
50439,0.349160
50459,0.349160
50479,0.349160
50499,0.349160
50519,0.349160
50539,0.349160
50559,0.349160
50579,0.349160
50599,0.349160
50619,0.349160
50639,0.349160
50659,0.349160
50679,0.349160
50699,0.349160
50719,0.349160
50739,0.349160
50759,0.349160
50779,0.349160
50799,0.349160
50819,0.349160
50839,0.349160
50859,0.349160
50879,0.349160
50899,0.349160
50919,0.349160
50939,0.349160
50959,0.349160
50979,0.349160
50999,0.349160
51019,0.349160
51039,0.349160
51059,0.349160
51079,0.349160
51099,0.349160
51119,0.349160
51139,0.349160
51159,0.349160
51179,0.349160
51199,0.349160
51219,0.349160
51239,0.349160
51259,0.349160
51279,0.349160
51299,0.349160
51319,0.349160
51339,0.349160
51359,0.349160
51379,0.349160
51399,0.349160
51419,0.349160
51439,0.349160
51459,0.349160
51479,0.349160
51499,0.349160
51519,0.349160
51539,0.349160
51559,0.349160
51579,0.349160
51599,0.349160
51619,0.349160
51639,0.349160
51659,0.349160
51679,0.349160
51699,0.349160
51719,0.349160
51739,0.349160
51759,0.349160
51779,0.349160
51799,0.349160
51819,0.349160
51839,0.349160
51859,0.349160
51879,0.349160
51899,0.349160
51919,0.349160
51939,0.349160
51959,0.349160
51979,0.349160
51999,0.349160
52019,0.349160
52039,0.349160
52059,0.349160
52079,0.349160
52099,0.349160
52119,0.349160
52139,0.349160
52159,0.349160
52179,0.349160
52199,0.349160
52219,0.349160
52239,0.349160
52259,0.349160
52279,0.349160
52299,0.349160
52319,0.349160
52339,0.349160
52359,0.349160
52379,0.349160
52399,0.349160
52419,0.349160
52439,0.349160
52459,0.349160
52479,0.349160
52499,0.349160
52519,0.349160
52539,0.349160
52559,0.349160
52579,0.349160
52599,0.349160
52619,0.349160
52639,0.349160
52659,0.349160
52679,0.349160
52699,0.349160
52719,0.349160
52739,0.349160
52759,0.349160
52779,0.349160
52799,0.349160
52819,0.349160
52839,0.349160
52859,0.350545
52879,0.349160
52899,0.349160
52919,0.349160
52939,0.349160
52959,0.349160
52979,0.349160
52999,0.349160
53019,0.349160
53039,0.349160
53059,0.349160
53079,0.349160
53099,0.349160
53119,0.349160
53139,0.349160
53159,0.349160
53179,0.349160
53199,0.349160
53219,0.349160
53239,0.349160
53259,0.349160
53279,0.349160
53299,0.349160
53319,0.349160
53339,0.349160
53359,0.349160
53379,0.349160
53399,0.349160
53419,0.349160
53439,0.349160
53459,0.349160
53479,0.349160
53499,0.349160
53519,0.349160
53539,0.353455
53559,0.349160
53579,0.349160
53599,0.349160
53619,0.349160
53639,0.349160
53659,0.349160
53679,0.349160
53699,0.349160
53719,0.349160
53739,0.349160
53759,0.349160
53779,0.349160
53799,0.349160
53819,0.349160
53839,0.349160
53859,0.349160
53879,0.349160
53899,0.349160
53919,0.349160
53939,0.349160
53959,0.349160
53979,0.349160
53999,0.349160
54019,0.349160
54039,0.349160
54059,0.349160
54079,0.349160
54099,0.349160
54119,0.349160
54139,0.349160
54159,0.349160
54179,0.349160
54199,0.349160
54219,0.349160
54239,0.349160
54259,0.349160
54279,0.349160
54299,0.349160
54319,0.349160
54339,0.349160
54359,0.349160
54379,0.349160
54399,0.349160
54419,0.349160
54439,0.349160
54459,0.349160
54479,0.349160
54499,0.349160
54519,0.349160
54539,0.349160
54559,0.349160
54579,0.349160
54599,0.349160
54619,0.349160
54639,0.349160
54659,0.349160
54679,0.349160
54699,0.349160
54719,0.349160
54739,0.349160
54759,0.349160
54779,0.349160
54799,0.349160
54819,0.349160
54839,0.349160
54859,0.349160
54879,0.349160
54899,0.349160
54919,0.349160
54939,0.349160
54959,0.349160
54979,0.349160
54999,0.349160
55019,0.349160
55039,0.349160
55059,0.349160
55079,0.349160
55099,0.349160
55119,0.349160
55139,0.349160
55159,0.349160
55179,0.349160
55199,0.349160
55219,0.349160
55239,0.349160
55259,0.349160
55279,0.349160
55299,0.349160
55319,0.349160
55339,0.349160
55359,0.349160
55379,0.349160
55399,0.349160
55419,0.349160
55439,0.349160
55459,0.349160
55479,0.349160
55499,0.349160
55519,0.349160
55539,0.349160
55559,0.349160
55579,0.349160
55599,0.349160
55619,0.349160
55639,0.349160
55659,0.349160
55679,0.349160
55699,0.349160
55719,0.349160
55739,0.349160
55759,0.349160
55779,0.349160
55799,0.349160
55819,0.349160
55839,0.349160
55859,0.349160
55879,0.349160
55899,0.349160
55919,0.349160
55939,0.349160
55959,0.349160
55979,0.349160
55999,0.349160
56019,0.349160
56039,0.349160
56059,0.349160
56079,0.349160
56099,0.349160
56119,0.349160
56139,0.349160
56159,0.349160
56179,0.349160
56199,0.349160
56219,0.349160
56239,0.349160
56259,0.349160
56279,0.349160
56299,0.349160
56319,0.349160
56339,0.349160
56359,0.349160
56379,0.349160
56399,0.349160
56419,0.349160
56439,0.349160
56459,0.349160
56479,0.349160
56499,0.349160
56519,0.349160
56539,0.349160
56559,0.349160
56579,0.349160
56599,0.349160
56619,0.349160
56639,0.349160
56659,0.349160
56679,0.349160
56699,0.349160
56719,0.349160
56739,0.349160
56759,0.349160
56779,0.349160
56799,0.349160
56819,0.349160
56839,0.349160
56859,0.349160
56879,0.349160
56899,0.349160
56919,0.349160
56939,0.349160
56959,0.349160
56979,0.349160
56999,0.349160
57019,0.349160
57039,0.349160
57059,0.349160
57079,0.349160
57099,0.349160
57119,0.349160
57139,0.349160
57159,0.349160
57179,0.349160
57199,0.349160
57219,0.349160
57239,0.349160
57259,0.349160
57279,0.349160
57299,0.349160
57319,0.349160
57339,0.349160
57359,0.349160
57379,0.349160
57399,0.349160
57419,0.349160
57439,0.349160
57459,0.349160
57479,0.349160
57499,0.349160
57519,0.349160
57539,0.349160
57559,0.349160
57579,0.349160
57599,0.349160
57619,0.349160
57639,0.349160
57659,0.349160
57679,0.349160
57699,0.349160
57719,0.349160
57739,0.349160
57759,0.349160
57779,0.349160
57799,0.349160
57819,0.349160
57839,0.348208
57859,0.349160
57879,0.349160
57899,0.349160
57919,0.349160
57939,0.349160
57959,0.349160
57979,0.349160
57999,0.349160
58019,0.349160
58039,0.349160
58059,0.349160
58079,0.349160
58099,0.349160
58119,0.349160
58139,0.349160
58159,0.349160
58179,0.349160
58199,0.349160
58219,0.349160
58239,0.349160
58259,0.349160
58279,0.349160
58299,0.349160
58319,0.349160
58339,0.349160
58359,0.349160
58379,0.349160
58399,0.349160
58419,0.349160
58439,0.349160
58459,0.349160
58479,0.349160
58499,0.349160
58519,0.349160
58539,0.349160
58559,0.349160
58579,0.349160
58599,0.349160
58619,0.349160
58639,0.349160
58659,0.349160
58679,0.349160
58699,0.349160
58719,0.349160
58739,0.349160
58759,0.349160
58779,0.349160
58799,0.349160
58819,0.349160
58839,0.349160
58859,0.349160
58879,0.349160
58899,0.349160
58919,0.349160
58939,0.349160
58959,0.349160
58979,0.349160
58999,0.349160
59019,0.349160
59039,0.349160
59059,0.349160
59079,0.349160
59099,0.349160
59119,0.349160
59139,0.349160
59159,0.349160
59179,0.349160
59199,0.349160
59219,0.349160
59239,0.349160
59259,0.349160
59279,0.349160
59299,0.349160
59319,0.349160
59339,0.349160
59359,0.349160
59379,0.349160
59399,0.349160
59419,0.349160
59439,0.349160
59459,0.349160
59479,0.349160
59499,0.353455
59519,0.349160
59539,0.349160
59559,0.349160
59579,0.349160
59599,0.349160
59619,0.349160
59639,0.349160
59659,0.349160
59679,0.349160
59699,0.349160
59719,0.349160
59739,0.349160
59759,0.349160
59779,0.349160
59799,0.349160
59819,0.349160
59839,0.349160
59859,0.349160
59879,0.349160
59899,0.349160
59919,0.349160
59939,0.349160
59959,0.349160
59979,0.349160
59999,0.349160
60019,0.349160
60039,0.349160
60059,0.349160
60079,0.349160
60099,0.349160
60119,0.349160
60139,0.349160
60159,0.349160
60179,0.349160
60199,0.349160
60219,0.349160
60239,0.349160
60259,0.349160
60279,0.349160
60299,0.349160
60319,0.349160
60339,0.349160
60359,0.349160
60379,0.349160
60399,0.349160
60419,0.349160
60439,0.349160
60459,0.349160
60479,0.349160
60499,0.349160
60519,0.349160
60539,0.349160
60559,0.349160
60579,0.349160
60599,0.349160
60619,0.349160
60639,0.349160
60659,0.349160
60679,0.349160
60699,0.349160
60719,0.349160
60739,0.349160
60759,0.349160
60779,0.349160
60799,0.349160
60819,0.349160
60839,0.349160
60859,0.349160
60879,0.349160
60899,0.349160
60919,0.349160
60939,0.349160
60959,0.349160
60979,0.349160
60999,0.349160
61019,0.349160
61039,0.349160
61059,0.349160
61079,0.349160
61099,0.349160
61119,0.349160
61139,0.349160
61159,0.349160
61179,0.349160
61199,0.349160
61219,0.349160
61239,0.349160
61259,0.349160
61279,0.349160
61299,0.349160
61319,0.349160
61339,0.349160
61359,0.349160
61379,0.349160
61399,0.349160
61419,0.349160
61439,0.349160
61459,0.349160
61479,0.349160
61499,0.349160
61519,0.349160
61539,0.349160
61559,0.349160
61579,0.349160
61599,0.353455
61619,0.349160
61639,0.349160
61659,0.349160
61679,0.349160
61699,0.349160
61719,0.349160
61739,0.349160
61759,0.349160
61779,0.349160
61799,0.349160
61819,0.349160
61839,0.349160
61859,0.349160
61879,0.349160
61899,0.349160
61919,0.349160
61939,0.349160
61959,0.349160
61979,0.349160
61999,0.349160
62019,0.349160
62039,0.349160
62059,0.349160
62079,0.349160
62099,0.349160
62119,0.349160
62139,0.349160
62159,0.349160
62179,0.349160
62199,0.349160
62219,0.349160
62239,0.349160
62259,0.349160
62279,0.349160
62299,0.349160
62319,0.349160
62339,0.349160
62359,0.349160
62379,0.349160
62399,0.349160
62419,0.349160
62439,0.349160
62459,0.349160
62479,0.349160
62499,0.349160
62519,0.349160
62539,0.349160
62559,0.349160
62579,0.349160
62599,0.349160
62619,0.349160
62639,0.349160
62659,0.349160
62679,0.349160
62699,0.349160
62719,0.349160
62739,0.349160
62759,0.349160
62779,0.349160
62799,0.349160
62819,0.349160
62839,0.349160
62859,0.349160
62879,0.349160
62899,0.349160
62919,0.349160
62939,0.349160
62959,0.349160
62979,0.349160
62999,0.349160
63019,0.349160
63039,0.349160
63059,0.349160
63079,0.349160
63099,0.349160
63119,0.349160
63139,0.349160
63159,0.349160
63179,0.349160
63199,0.349160
63219,0.349160
63239,0.349160
63259,0.349160
63279,0.349160
63299,0.349160
63319,0.349160
63339,0.349160
63359,0.349160
63379,0.349160
63399,0.349160
63419,0.349160
63439,0.349160
63459,0.349160
63479,0.349160
63499,0.349160
63519,0.349160
63539,0.349160
63559,0.349160
63579,0.349160
63599,0.349160
63619,0.349160
63639,0.349160
63659,0.349160
63679,0.349160
63699,0.349160
63719,0.349160
63739,0.349160
63759,0.349160
63779,0.349160
63799,0.349160
63819,0.349160
63839,0.349160
63859,0.349160
63879,0.349160
63899,0.349160
63919,0.349160
63939,0.349160
63959,0.349160
63979,0.349160
63999,0.349160
64019,0.349160
64039,0.349160
64059,0.349160
64079,0.349160
64099,0.349160
64119,0.349160
64139,0.349160
64159,0.349160
64179,0.349160
64199,0.349160
64219,0.349160
64239,0.349160
64259,0.349160
64279,0.349160
64299,0.349160
64319,0.349160
64339,0.349160
64359,0.349160
64379,0.349160
64399,0.349160
64419,0.349160
64439,0.349160
64459,0.349160
64479,0.349160
64499,0.349160
64519,0.349160
64539,0.349160
64559,0.349160
64579,0.349160
64599,0.349160
64619,0.349160
64639,0.349160
64659,0.349160
64679,0.349160
64699,0.349160
64719,0.349160
64739,0.349160
64759,0.349160
64779,0.349160
64799,0.349160
64819,0.349160
64839,0.349160
64859,0.349160
64879,0.349160
64899,0.349160
64919,0.349160
64939,0.349160
64959,0.349160
64979,0.349160
64999,0.349160
65019,0.349160
65039,0.349160
65059,0.349160
65079,0.349160
65099,0.349160
65119,0.349160
65139,0.349160
65159,0.349160
65179,0.349160
65199,0.349160
65219,0.349160
65239,0.349160
65259,0.349160
65279,0.349160
65299,0.349160
65319,0.349160
65339,0.349160
65359,0.349160
65379,0.349160
65399,0.349160
65419,0.349160
65439,0.349160
65459,0.349160
65479,0.349160
65499,0.349160
65519,0.349160
65539,0.349160
65559,0.349160
65579,0.349160
65599,0.349160
65619,0.349160
65639,0.349160
65659,0.349160
65679,0.349160
65699,0.349160
65719,0.349160
65739,0.349160
65759,0.349160
65779,0.349160
65799,0.349160
65819,0.349160
65839,0.349160
65859,0.349160
65879,0.349160
65899,0.349160
65919,0.349160
65939,0.349160
65959,0.349160
65979,0.349160
65999,0.349160
66019,0.349160
66039,0.349160
66059,0.349160
66079,0.349160
66099,0.349160
66119,0.349160
66139,0.349160
66159,0.349160
66179,0.349160
66199,0.349160
66219,0.349160
66239,0.349160
66259,0.349160
66279,0.349160
66299,0.349160
66319,0.349160
66339,0.349160
66359,0.349160
66379,0.349160
66399,0.349160
66419,0.349160
66439,0.349160
66459,0.349160
66479,0.349160
66499,0.349160
66519,0.349160
66539,0.349160
66559,0.349160
66579,0.349160
66599,0.349160
66619,0.349160
66639,0.349160
66659,0.349160
66679,0.349160
66699,0.349160
66719,0.349160
66739,0.349160
66759,0.349160
66779,0.349160
66799,0.349160
66819,0.349160
66839,0.349160
66859,0.349160
66879,0.349160
66899,0.349160
66919,0.349160
66939,0.349160
66959,0.349160
66979,0.349160
66999,0.349160
67019,0.349160
67039,0.349160
67059,0.349160
67079,0.349160
67099,0.349160
67119,0.349160
67139,0.349160
67159,0.349160
67179,0.349160
67199,0.349160
67219,0.349160
67239,0.349160
67259,0.349160
67279,0.349160
67299,0.349160
67319,0.349160
67339,0.349160
67359,0.349160
67379,0.349160
67399,0.349160
67419,0.349160
67439,0.349160
67459,0.349160
67479,0.349160
67499,0.349160
67519,0.349160
67539,0.349160
67559,0.349160
67579,0.349160
67599,0.349160
67619,0.349160
67639,0.349160
67659,0.349160
67679,0.349160
67699,0.349160
67719,0.349160
67739,0.349160
67759,0.349160
67779,0.349160
67799,0.349160
67819,0.349160
67839,0.349160
67859,0.349160
67879,0.349160
67899,0.349160
67919,0.349160
67939,0.349160
67959,0.349160
67979,0.349160
67999,0.349160
68019,0.349160
68039,0.349160
68059,0.349160
68079,0.349160
68099,0.349160
68119,0.349160
68139,0.349160
68159,0.349160
68179,0.349160
68199,0.349160
68219,0.349160
68239,0.349160
68259,0.349160
68279,0.349160
68299,0.349160
68319,0.349160
68339,0.349160
68359,0.349160
68379,0.349160
68399,0.349160
68419,0.349160
68439,0.349160
68459,0.349160
68479,0.349160
68499,0.336283
68519,0.349160
68539,0.349160
68559,0.349160
68579,0.349160
68599,0.349160
68619,0.349160
68639,0.349160
68659,0.349160
68679,0.349160
68699,0.349160
68719,0.349160
68739,0.349160
68759,0.349160
68779,0.349160
68799,0.349160
68819,0.349160
68839,0.349160
68859,0.349160
68879,0.349160
68899,0.349160
68919,0.349160
68939,0.349160
68959,0.349160
68979,0.349160
68999,0.349160
69019,0.349160
69039,0.349160
69059,0.349160
69079,0.349160
69099,0.349160
69119,0.349160
69139,0.349160
69159,0.349160
69179,0.349160
69199,0.349160
69219,0.349160
69239,0.349160
69259,0.349160
69279,0.349160
69299,0.349160
69319,0.349160
69339,0.349160
69359,0.338733
69379,0.349160
69399,0.349160
69419,0.349160
69439,0.349160
69459,0.349160
69479,0.349160
69499,0.349160
69519,0.349160
69539,0.349160
69559,0.349160
69579,0.349160
69599,0.349160
69619,0.349160
69639,0.349160
69659,0.349160
69679,0.349160
69699,0.349160
69719,0.349160
69739,0.349160
69759,0.349160
69779,0.349160
69799,0.349160
69819,0.349160
69839,0.349160
69859,0.349160
69879,0.349160
69899,0.349160
69919,0.349160
69939,0.349160
69959,0.349160
69979,0.349160
69999,0.349160
70019,0.349160
70039,0.349160
70059,0.349160
70079,0.349160
70099,0.349160
70119,0.349160
70139,0.349160
70159,0.349160
70179,0.349160
70199,0.349160
70219,0.349160
70239,0.349160
70259,0.349160
70279,0.349160
70299,0.349160
70319,0.349160
70339,0.349160
70359,0.349160
70379,0.349160
70399,0.349160
70419,0.349160
70439,0.349160
70459,0.349160
70479,0.349160
70499,0.349160
70519,0.349160
70539,0.349160
70559,0.349160
70579,0.349160
70599,0.349160
70619,0.349160
70639,0.349160
70659,0.349160
70679,0.349160
70699,0.349160
70719,0.349160
70739,0.349160
70759,0.349160
70779,0.349160
70799,0.349160
70819,0.349160
70839,0.349160
70859,0.349160
70879,0.349160
70899,0.349160
70919,0.349160
70939,0.349160
70959,0.349160
70979,0.349160
70999,0.349160
71019,0.353455
71039,0.353455
71059,0.349160
71079,0.349160
71099,0.349160
71119,0.349160
71139,0.349160
71159,0.349160
71179,0.349160
71199,0.349160
71219,0.349160
71239,0.349160
71259,0.349160
71279,0.349160
71299,0.349160
71319,0.349160
71339,0.349160
71359,0.349160
71379,0.349160
71399,0.349160
71419,0.349160
71439,0.349160
71459,0.349160
71479,0.349160
71499,0.349160
71519,0.349160
71539,0.349160
71559,0.349160
71579,0.349160
71599,0.349160
71619,0.349160
71639,0.349160
71659,0.349160
71679,0.349160
71699,0.349160
71719,0.349160
71739,0.349160
71759,0.349160
71779,0.349160
71799,0.349160
71819,0.349160
71839,0.349160
71859,0.349160
71879,0.349160
71899,0.349160
71919,0.349160
71939,0.349160
71959,0.349160
71979,0.349160
71999,0.349160
72019,0.349160
72039,0.349160
72059,0.349160
72079,0.349160
72099,0.349160
72119,0.349160
72139,0.349160
72159,0.349160
72179,0.349160
72199,0.349160
72219,0.349160
72239,0.349160
72259,0.349160
72279,0.349160
72299,0.349160
72319,0.349160
72339,0.349160
72359,0.349160
72379,0.349160
72399,0.349160
72419,0.349160
72439,0.349160
72459,0.349160
72479,0.349160
72499,0.349160
72519,0.349160
72539,0.349160
72559,0.349160
72579,0.349160
72599,0.349160
72619,0.349160
72639,0.349160
72659,0.349160
72679,0.349160
72699,0.349160
72719,0.349160
72739,0.349160
72759,0.349160
72779,0.349160
72799,0.349160
72819,0.349160
72839,0.349160
72859,0.349160
72879,0.349160
72899,0.349160
72919,0.349160
72939,0.349160
72959,0.349160
72979,0.349160
72999,0.349160
73019,0.349160
73039,0.349160
73059,0.349160
73079,0.349160
73099,0.349160
73119,0.349160
73139,0.349160
73159,0.349160
73179,0.349160
73199,0.349160
73219,0.349160
73239,0.349160
73259,0.349160
73279,0.349160
73299,0.349160
73319,0.349160
73339,0.349160
73359,0.349160
73379,0.349160
73399,0.349160
73419,0.349160
73439,0.349160
73459,0.349160
73479,0.349160
73499,0.349160
73519,0.349160
73539,0.349160
73559,0.349160
73579,0.349160
73599,0.349160
73619,0.349160
73639,0.349160
73659,0.349160
73679,0.349160
73699,0.349160
73719,0.349160
73739,0.349160
73759,0.349160
73779,0.349160
73799,0.349160
73819,0.349160
73839,0.349160
73859,0.349160
73879,0.349160
73899,0.349160
73919,0.349160
73939,0.349160
73959,0.349160
73979,0.349160
73999,0.349160
74019,0.349160
74039,0.349160
74059,0.349160
74079,0.349160
74099,0.349160
74119,0.349160
74139,0.349160
74159,0.349160
74179,0.349160
74199,0.349160
74219,0.349160
74239,0.349160
74259,0.349160
74279,0.349160
74299,0.349160
74319,0.349160
74339,0.349160
74359,0.349160
74379,0.349160
74399,0.349160
74419,0.349160
74439,0.349160
74459,0.349160
74479,0.349160
74499,0.349160
74519,0.349160
74539,0.349160
74559,0.349160
74579,0.349160
74599,0.349160
74619,0.349160
74639,0.349160
74659,0.349160
74679,0.349160
74699,0.349160
74719,0.349160
74739,0.349160
74759,0.349160
74779,0.349160
74799,0.349160
74819,0.349160
74839,0.349160
74859,0.349160
74879,0.349160
74899,0.349160
74919,0.349160
74939,0.349160
74959,0.349160
74979,0.349160
74999,0.349160
75019,0.349160
75039,0.349160
75059,0.349160
75079,0.349160
75099,0.349160
75119,0.349160
75139,0.349160
75159,0.349160
75179,0.349160
75199,0.349160
75219,0.349160
75239,0.349160
75259,0.349160
75279,0.349160
75299,0.349160
75319,0.349160
75339,0.349160
75359,0.349160
75379,0.349160
75399,0.349160
75419,0.349160
75439,0.349160
75459,0.349160
75479,0.349160
75499,0.349160
75519,0.349160
75539,0.349160
75559,0.349160
75579,0.349160
75599,0.349160
75619,0.349160
75639,0.349160
75659,0.349160
75679,0.349160
75699,0.349160
75719,0.349160
75739,0.349160
75759,0.349160
75779,0.349160
75799,0.349160
75819,0.349160
75839,0.349160
75859,0.349160
75879,0.349160
75899,0.349160
75919,0.349160
75939,0.349160
75959,0.349160
75979,0.349160
75999,0.349160
76019,0.349160
76039,0.349160
76059,0.349160
76079,0.349160
76099,0.349160
76119,0.349160
76139,0.349160
76159,0.349160
76179,0.349160
76199,0.349160
76219,0.349160
76239,0.349160
76259,0.349160
76279,0.349160
76299,0.349160
76319,0.349160
76339,0.349160
76359,0.349160
76379,0.349160
76399,0.349160
76419,0.349160
76439,0.349160
76459,0.349160
76479,0.349160
76499,0.349160
76519,0.349160
76539,0.349160
76559,0.349160
76579,0.349160
76599,0.349160
76619,0.349160
76639,0.349160
76659,0.349160
76679,0.349160
76699,0.349160
76719,0.349160
76739,0.349160
76759,0.349160
76779,0.349160
76799,0.349160
76819,0.324926
76839,0.358862
76859,0.349160
76879,0.349160
76899,0.349160
76919,0.349160
76939,0.349160
76959,0.349160
76979,0.349160
76999,0.349160
77019,0.349160
77039,0.349160
77059,0.349160
77079,0.349160
77099,0.349160
77119,0.349160
77139,0.349160
77159,0.349160
77179,0.349160
77199,0.349160
77219,0.349160
77239,0.349160
77259,0.349160
77279,0.349160
77299,0.349160
77319,0.349160
77339,0.349160
77359,0.349160
77379,0.349160
77399,0.349160
77419,0.349160
77439,0.349160
77459,0.349160
77479,0.349160
77499,0.349160
77519,0.349160
77539,0.349160
77559,0.349160
77579,0.349160
77599,0.349160
77619,0.349160
77639,0.349160
77659,0.349160
77679,0.349160
77699,0.349160
77719,0.349160
77739,0.349160
77759,0.349160
77779,0.349160
77799,0.349160
77819,0.349160
77839,0.349160
77859,0.349160
77879,0.349160
77899,0.349160
77919,0.349160
77939,0.349160
77959,0.349160
77979,0.349160
77999,0.349160
78019,0.349160
78039,0.349160
78059,0.349160
78079,0.349160
78099,0.349160
78119,0.349160
78139,0.349160
78159,0.349160
78179,0.349160
78199,0.349160
78219,0.349160
78239,0.349160
78259,0.349160
78279,0.349160
78299,0.349160
78319,0.349160
78339,0.349160
78359,0.349160
78379,0.349160
78399,0.349160
78419,0.349160
78439,0.349160
78459,0.349160
78479,0.349160
78499,0.349160
78519,0.349160
78539,0.349160
78559,0.349160
78579,0.349160
78599,0.349160
78619,0.349160
78639,0.349160
78659,0.349160
78679,0.349160
78699,0.349160
78719,0.349160
78739,0.349160
78759,0.349160
78779,0.349160
78799,0.349160
78819,0.349160
78839,0.349160
78859,0.349160
78879,0.349160
78899,0.349160
78919,0.349160
78939,0.349160
78959,0.349160
78979,0.349160
78999,0.349160
79019,0.349160
79039,0.349160
79059,0.349160
79079,0.349160
79099,0.349160
79119,0.349160
79139,0.349160
79159,0.349160
79179,0.349160
79199,0.349160
79219,0.349160
79239,0.349160
79259,0.349160
79279,0.349160
79299,0.349160
79319,0.349160
79339,0.349160
79359,0.349160
79379,0.349160
79399,0.349160
79419,0.349160
79439,0.349160
79459,0.349160
79479,0.349160
79499,0.349160
79519,0.349160
79539,0.349160
79559,0.349160
79579,0.349160
79599,0.349160
79619,0.349160
79639,0.349160
79659,0.349160
79679,0.349160
79699,0.349160
79719,0.349160
79739,0.349160
79759,0.349160
79779,0.349160
79799,0.349160
79819,0.349160
79839,0.349160
79859,0.349160
79879,0.349160
79899,0.349160
79919,0.349160
79939,0.349160
79959,0.349160
79979,0.349160
79999,0.349160
80019,0.349160
80039,0.349160
80059,0.349160
80079,0.349160
80099,0.349160
80119,0.349160
80139,0.349160
80159,0.349160
80179,0.349160
80199,0.349160
80219,0.349160
80239,0.349160
80259,0.349160
80279,0.349160
80299,0.349160
80319,0.349160
80339,0.349160
80359,0.349160
80379,0.349160
80399,0.349160
80419,0.349160
80439,0.349160
80459,0.349160
80479,0.349160
80499,0.349160
80519,0.349160
80539,0.349160
80559,0.349160
80579,0.349160
80599,0.349160
80619,0.349160
80639,0.349160
80659,0.349160
80679,0.349160
80699,0.349160
80719,0.349160
80739,0.349160
80759,0.349160
80779,0.349160
80799,0.349160
80819,0.349160
80839,0.349160
80859,0.349160
80879,0.349160
80899,0.349160
80919,0.349160
80939,0.349160
80959,0.349160
80979,0.349160
80999,0.349160
81019,0.349160
81039,0.349160
81059,0.349160
81079,0.349160
81099,0.349160
81119,0.348208
81139,0.349160
81159,0.349160
81179,0.349160
81199,0.349160
81219,0.349160
81239,0.349160
81259,0.349160
81279,0.349160
81299,0.349160
81319,0.349160
81339,0.349160
81359,0.349160
81379,0.349160
81399,0.349160
81419,0.349160
81439,0.349160
81459,0.349160
81479,0.349160
81499,0.349160
81519,0.349160
81539,0.349160
81559,0.349160
81579,0.349160
81599,0.349160
81619,0.349160
81639,0.349160
81659,0.349160
81679,0.349160
81699,0.349160
81719,0.349160
81739,0.349160
81759,0.349160
81779,0.349160
81799,0.349160
81819,0.349160
81839,0.349160
81859,0.349160
81879,0.349160
81899,0.349160
81919,0.349160
81939,0.349160
81959,0.349160
81979,0.349160
81999,0.349160
82019,0.349160
82039,0.349160
82059,0.349160
82079,0.349160
82099,0.349160
82119,0.349160
82139,0.349160
82159,0.349160
82179,0.349160
82199,0.349160
82219,0.349160
82239,0.349160
82259,0.349160
82279,0.349160
82299,0.349160
82319,0.349160
82339,0.349160
82359,0.349160
82379,0.349160
82399,0.349160
82419,0.349160
82439,0.349160
82459,0.349160
82479,0.349160
82499,0.349160
82519,0.349160
82539,0.349160
82559,0.349160
82579,0.349160
82599,0.349160
82619,0.349160
82639,0.349160
82659,0.349160
82679,0.349160
82699,0.349160
82719,0.349160
82739,0.349160
82759,0.349160
82779,0.349160
82799,0.349160
82819,0.349160
82839,0.349160
82859,0.349160
82879,0.349160
82899,0.349160
82919,0.349160
82939,0.349160
82959,0.349160
82979,0.349160
82999,0.349160
83019,0.349160
83039,0.349160
83059,0.349160
83079,0.349160
83099,0.349160
83119,0.349160
83139,0.349160
83159,0.349160
83179,0.349160
83199,0.349160
83219,0.349160
83239,0.349160
83259,0.349160
83279,0.349160
83299,0.349160
83319,0.349160
83339,0.349160
83359,0.349160
83379,0.349160
83399,0.349160
83419,0.349160
83439,0.349160
83459,0.349160
83479,0.349160
83499,0.349160
83519,0.349160
83539,0.349160
83559,0.349160
83579,0.349160
83599,0.349160
83619,0.349160
83639,0.349160
83659,0.349160
83679,0.349160
83699,0.349160
83719,0.349160
83739,0.349160
83759,0.349160
83779,0.349160
83799,0.349160
83819,0.349160
83839,0.349160
83859,0.349160
83879,0.349160
83899,0.349160
83919,0.349160
83939,0.349160
83959,0.349160
83979,0.349160
83999,0.349160
84019,0.349160
84039,0.349160
84059,0.349160
84079,0.349160
84099,0.349160
84119,0.349160
84139,0.349160
84159,0.349160
84179,0.349160
84199,0.349160
84219,0.349160
84239,0.349160
84259,0.349160
84279,0.349160
84299,0.349160
84319,0.349160
84339,0.349160
84359,0.349160
84379,0.349160
84399,0.349160
84419,0.349160
84439,0.349160
84459,0.349160
84479,0.349160
84499,0.349160
84519,0.349160
84539,0.349160
84559,0.349160
84579,0.349160
84599,0.349160
84619,0.349160
84639,0.349160
84659,0.349160
84679,0.349160
84699,0.349160
84719,0.349160
84739,0.349160
84759,0.349160
84779,0.349160
84799,0.349160
84819,0.349160
84839,0.349160
84859,0.349160
84879,0.349160
84899,0.349160
84919,0.349160
84939,0.349160
84959,0.349160
84979,0.349160
84999,0.349160
85019,0.349160
85039,0.349160
85059,0.349160
85079,0.349160
85099,0.349160
85119,0.349160
85139,0.349160
85159,0.349160
85179,0.349160
85199,0.349160
85219,0.349160
85239,0.349160
85259,0.349160
85279,0.349160
85299,0.349160
85319,0.349160
85339,0.349160
85359,0.349160
85379,0.349160
85399,0.349160
85419,0.349160
85439,0.349160
85459,0.349160
85479,0.349160
85499,0.349160
85519,0.349160
85539,0.349160
85559,0.349160
85579,0.349160
85599,0.349160
85619,0.349160
85639,0.349160
85659,0.349160
85679,0.349160
85699,0.349160
85719,0.349160
85739,0.349160
85759,0.349160
85779,0.349160
85799,0.349160
85819,0.349160
85839,0.349160
85859,0.349160
85879,0.349160
85899,0.349160
85919,0.349160
85939,0.349160
85959,0.349160
85979,0.349160
85999,0.349160
86019,0.349160
86039,0.349160
86059,0.349160
86079,0.349160
86099,0.349160
86119,0.349160
86139,0.349160
86159,0.349160
86179,0.349160
86199,0.349160
86219,0.349160
86239,0.349160
86259,0.349160
86279,0.349160
86299,0.349160
86319,0.349160
86339,0.349160
86359,0.335286
86379,0.349160
86399,0.349160
86419,0.349160
86439,0.349160
86459,0.349160
86479,0.349160
86499,0.349160
86519,0.349160
86539,0.349160
86559,0.349160
86579,0.349160
86599,0.349160
86619,0.349160
86639,0.349160
86659,0.349160
86679,0.349160
86699,0.349160
86719,0.349160
86739,0.349160
86759,0.349160
86779,0.349160
86799,0.349160
86819,0.349160
86839,0.349160
86859,0.349160
86879,0.349160
86899,0.349160
86919,0.349160
86939,0.349160
86959,0.349160
86979,0.349160
86999,0.349160
87019,0.349160
87039,0.349160
87059,0.349160
87079,0.349160
87099,0.349160
87119,0.349160
87139,0.349160
87159,0.349160
87179,0.349160
87199,0.349160
87219,0.349160
87239,0.349160
87259,0.349160
87279,0.349160
87299,0.349160
87319,0.349160
87339,0.349160
87359,0.349160
87379,0.349160
87399,0.349160
87419,0.349160
87439,0.349160
87459,0.349160
87479,0.349160
87499,0.349160
87519,0.349160
87539,0.349160
87559,0.349160
87579,0.349160
87599,0.349160
87619,0.349160
87639,0.349160
87659,0.349160
87679,0.349160
87699,0.349160
87719,0.349160
87739,0.349160
87759,0.349160
87779,0.349160
87799,0.349160
87819,0.349160
87839,0.349160
87859,0.349160
87879,0.349160
87899,0.349160
87919,0.349160
87939,0.349160
87959,0.349160
87979,0.349160
87999,0.349160
88019,0.349160
88039,0.349160
88059,0.349160
88079,0.349160
88099,0.349160
88119,0.349160
88139,0.349160
88159,0.349160
88179,0.349160
88199,0.349160
88219,0.349160
88239,0.349160
88259,0.349160
88279,0.349160
88299,0.349160
88319,0.349160
88339,0.349160
88359,0.349160
88379,0.349160
88399,0.349160
88419,0.349160
88439,0.349160
88459,0.349160
88479,0.349160
88499,0.349160
88519,0.349160
88539,0.349160
88559,0.349160
88579,0.349160
88599,0.349160
88619,0.349160
88639,0.349160
88659,0.349160
88679,0.349160
88699,0.349160
88719,0.349160
88739,0.349160
88759,0.349160
88779,0.349160
88799,0.349160
88819,0.349160
88839,0.349160
88859,0.349160
88879,0.349160
88899,0.349160
88919,0.349160
88939,0.349160
88959,0.349160
88979,0.349160
88999,0.349160
89019,0.349160
89039,0.349160
89059,0.349160
89079,0.349160
89099,0.349160
89119,0.349160
89139,0.349160
89159,0.349160
89179,0.349160
89199,0.349160
89219,0.349160
89239,0.349160
89259,0.349160
89279,0.349160
89299,0.349160
89319,0.349160
89339,0.349160
89359,0.349160
89379,0.349160
89399,0.349160
89419,0.349160
89439,0.349160
89459,0.349160
89479,0.349160
89499,0.349160
89519,0.349160
89539,0.349160
89559,0.349160
89579,0.349160
89599,0.349160
89619,0.349160
89639,0.349160
89659,0.349160
89679,0.349160
89699,0.349160
89719,0.349160
89739,0.349160
89759,0.349160
89779,0.349160
89799,0.349160
89819,0.349160
89839,0.349160
89859,0.349160
89879,0.349160
89899,0.349160
89919,0.349160
89939,0.349160
89959,0.349160
89979,0.349160
89999,0.349160
90019,0.349160
90039,0.349160
90059,0.349160
90079,0.349160
90099,0.349160
90119,0.349160
90139,0.349160
90159,0.349160
90179,0.349160
90199,0.349160
90219,0.348208
90239,0.349160
90259,0.349160
90279,0.349160
90299,0.349160
90319,0.349160
90339,0.349160
90359,0.349160
90379,0.349160
90399,0.349160
90419,0.349160
90439,0.349160
90459,0.349160
90479,0.349160
90499,0.349160
90519,0.349160
90539,0.349160
90559,0.349160
90579,0.349160
90599,0.349160
90619,0.349160
90639,0.349160
90659,0.349160
90679,0.349160
90699,0.349160
90719,0.349160
90739,0.349160
90759,0.349160
90779,0.349160
90799,0.349160
90819,0.349160
90839,0.349160
90859,0.349160
90879,0.349160
90899,0.349160
90919,0.349160
90939,0.349160
90959,0.349160
90979,0.349160
90999,0.349160
91019,0.349160
91039,0.349160
91059,0.349160
91079,0.349160
91099,0.349160
91119,0.349160
91139,0.349160
91159,0.349160
91179,0.349160
91199,0.349160
91219,0.349160
91239,0.349160
91259,0.349160
91279,0.349160
91299,0.349160
91319,0.349160
91339,0.349160
91359,0.349160
91379,0.349160
91399,0.349160
91419,0.349160
91439,0.349160
91459,0.349160
91479,0.349160
91499,0.349160
91519,0.349160
91539,0.349160
91559,0.349160
91579,0.349160
91599,0.349160
91619,0.349160
91639,0.349160
91659,0.349160
91679,0.349160
91699,0.349160
91719,0.349160
91739,0.349160
91759,0.349160
91779,0.349160
91799,0.349160
91819,0.349160
91839,0.349160
91859,0.349160
91879,0.349160
91899,0.349160
91919,0.349160
91939,0.349160
91959,0.349160
91979,0.349160
91999,0.349160
92019,0.349160
92039,0.349160
92059,0.349160
92079,0.349160
92099,0.349160
92119,0.349160
92139,0.349160
92159,0.349160
92179,0.349160
92199,0.349160
92219,0.349160
92239,0.349160
92259,0.349160
92279,0.349160
92299,0.349160
92319,0.349160
92339,0.349160
92359,0.349160
92379,0.349160
92399,0.349160
92419,0.349160
92439,0.349160
92459,0.349160
92479,0.349160
92499,0.349160
92519,0.349160
92539,0.349160
92559,0.349160
92579,0.349160
92599,0.349160
92619,0.349160
92639,0.349160
92659,0.349160
92679,0.349160
92699,0.349160
92719,0.349160
92739,0.349160
92759,0.349160
92779,0.349160
92799,0.349160
92819,0.349160
92839,0.349160
92859,0.349160
92879,0.349160
92899,0.349160
92919,0.349160
92939,0.349160
92959,0.349160
92979,0.349160
92999,0.349160
93019,0.349160
93039,0.349160
93059,0.349160
93079,0.349160
93099,0.349160
93119,0.349160
93139,0.349160
93159,0.349160
93179,0.349160
93199,0.349160
93219,0.349160
93239,0.349160
93259,0.349160
93279,0.349160
93299,0.349160
93319,0.349160
93339,0.349160
93359,0.349160
93379,0.349160
93399,0.349160
93419,0.349160
93439,0.349160
93459,0.349160
93479,0.349160
93499,0.349160
93519,0.349160
93539,0.349160
93559,0.349160
93579,0.349160
93599,0.349160
93619,0.349160
93639,0.349160
93659,0.349160
93679,0.349160
93699,0.349160
93719,0.349160
93739,0.349160
93759,0.349160
93779,0.349160
93799,0.349160
93819,0.349160
93839,0.349160
93859,0.349160
93879,0.349160
93899,0.349160
93919,0.349160
93939,0.349160
93959,0.349160
93979,0.349160
93999,0.349160
94019,0.349160
94039,0.349160
94059,0.349160
94079,0.349160
94099,0.349160
94119,0.349160
94139,0.349160
94159,0.353455
94179,0.349160
94199,0.349160
94219,0.349160
94239,0.349160
94259,0.349160
94279,0.349160
94299,0.349160
94319,0.349160
94339,0.349160
94359,0.349160
94379,0.349160
94399,0.349160
94419,0.349160
94439,0.349160
94459,0.349160
94479,0.349160
94499,0.349160
94519,0.349160
94539,0.349160
94559,0.349160
94579,0.349160
94599,0.349160
94619,0.349160
94639,0.349160
94659,0.349160
94679,0.349160
94699,0.349160
94719,0.348208
94739,0.349160
94759,0.349160
94779,0.349160
94799,0.349160
94819,0.349160
94839,0.349160
94859,0.349160
94879,0.349160
94899,0.349160
94919,0.349160
94939,0.349160
94959,0.349160
94979,0.349160
94999,0.349160
95019,0.349160
95039,0.349160
95059,0.349160
95079,0.349160
95099,0.349160
95119,0.349160
95139,0.349160
95159,0.349160
95179,0.349160
95199,0.349160
95219,0.349160
95239,0.349160
95259,0.349160
95279,0.349160
95299,0.349160
95319,0.349160
95339,0.349160
95359,0.349160
95379,0.349160
95399,0.349160
95419,0.349160
95439,0.349160
95459,0.349160
95479,0.349160
95499,0.349160
95519,0.349160
95539,0.349160
95559,0.349160
95579,0.349160
95599,0.349160
95619,0.349160
95639,0.349160
95659,0.349160
95679,0.349160
95699,0.349160
95719,0.349160
95739,0.349160
95759,0.349160
95779,0.349160
95799,0.349160
95819,0.349160
95839,0.349160
95859,0.349160
95879,0.349160
95899,0.349160
95919,0.349160
95939,0.349160
95959,0.349160
95979,0.349160
95999,0.349160
96019,0.349160
96039,0.349160
96059,0.349160
96079,0.349160
96099,0.349160
96119,0.349160
96139,0.349160
96159,0.349160
96179,0.349160
96199,0.349160
96219,0.349160
96239,0.349160
96259,0.349160
96279,0.349160
96299,0.349160
96319,0.349160
96339,0.349160
96359,0.349160
96379,0.349160
96399,0.349160
96419,0.349160
96439,0.349160
96459,0.349160
96479,0.349160
96499,0.349160
96519,0.349160
96539,0.349160
96559,0.349160
96579,0.349160
96599,0.349160
96619,0.349160
96639,0.349160
96659,0.349160
96679,0.349160
96699,0.349160
96719,0.349160
96739,0.349160
96759,0.349160
96779,0.349160
96799,0.353455
96819,0.349160
96839,0.349160
96859,0.349160
96879,0.349160
96899,0.349160
96919,0.349160
96939,0.349160
96959,0.349160
96979,0.349160
96999,0.349160
97019,0.349160
97039,0.349160
97059,0.349160
97079,0.349160
97099,0.349160
97119,0.349160
97139,0.349160
97159,0.349160
97179,0.349160
97199,0.349160
97219,0.349160
97239,0.349160
97259,0.349160
97279,0.349160
97299,0.349160
97319,0.349160
97339,0.349160
97359,0.349160
97379,0.349160
97399,0.349160
97419,0.349160
97439,0.349160
97459,0.349160
97479,0.349160
97499,0.349160
97519,0.349160
97539,0.349160
97559,0.349160
97579,0.349160
97599,0.349160
97619,0.349160
97639,0.349160
97659,0.349160
97679,0.349160
97699,0.349160
97719,0.349160
97739,0.349160
97759,0.349160
97779,0.349160
97799,0.349160
97819,0.349160
97839,0.349160
97859,0.349160
97879,0.349160
97899,0.349160
97919,0.349160
97939,0.349160
97959,0.349160
97979,0.349160
97999,0.349160
98019,0.349160
98039,0.349160
98059,0.349160
98079,0.349160
98099,0.349160
98119,0.349160
98139,0.349160
98159,0.349160
98179,0.349160
98199,0.349160
98219,0.349160
98239,0.349160
98259,0.349160
98279,0.349160
98299,0.349160
98319,0.349160
98339,0.349160
98359,0.349160
98379,0.349160
98399,0.349160
98419,0.349160
98439,0.349160
98459,0.349160
98479,0.349160
98499,0.349160
98519,0.349160
98539,0.349160
98559,0.349160
98579,0.349160
98599,0.313253
98619,0.349160
98639,0.349160
98659,0.349160
98679,0.349160
98699,0.349160
98719,0.353455
98739,0.349160
98759,0.349160
98779,0.349160
98799,0.349160
98819,0.349160
98839,0.349160
98859,0.349160
98879,0.349160
98899,0.349160
98919,0.349160
98939,0.349160
98959,0.349160
98979,0.349160
98999,0.349160
99019,0.349160
99039,0.349160
99059,0.349160
99079,0.349160
99099,0.349160
99119,0.349160
99139,0.349160
99159,0.349160
99179,0.349160
99199,0.349160
99219,0.349160
99239,0.349160
99259,0.349160
99279,0.349160
99299,0.349160
99319,0.349160
99339,0.349160
99359,0.349160
99379,0.349160
99399,0.349160
99419,0.349160
99439,0.349160
99459,0.349160
99479,0.349160
99499,0.349160
99519,0.349160
99539,0.349160
99559,0.349160
99579,0.349160
99599,0.349160
99619,0.349160
99639,0.349160
99659,0.349160
99679,0.349160
99699,0.349160
99719,0.349160
99739,0.349160
99759,0.349160
99779,0.349160
99799,0.349160
99819,0.349160
99839,0.349160
99859,0.349160
99879,0.349160
99899,0.349160
99919,0.349160
99939,0.349160
99959,0.349160
99979,0.349160
99999,0.349160
