19,-19.509113
39,-8.107035
59,-18.858016
79,-32.030265
99,-2.850532
119,-0.614752
139,-42.615851
159,-42.615851
179,-30.602503
199,-0.932643
219,-5.851145
239,-3.815361
259,-3.061533
279,-1.211239
299,-8.813034
319,-1.193257
339,-7.640340
359,-16.990085
379,-14.220789
399,-3.541530
419,-7.824019
439,-0.570396
459,-8.255963
479,-1.254826
499,-21.677223
519,0.210236
539,-1.527523
559,-38.268025
579,-42.615851
599,-0.460842
619,0.372890
639,-0.228518
659,-0.750671
679,1.546108
699,-3.097779
719,-0.133751
739,-0.077661
759,1.671129
779,-1.333511
799,-1.959589
819,-0.089951
839,-2.986730
859,-3.645947
879,-42.615851
899,-0.485674
919,-0.141999
939,-2.912147
959,-2.051024
979,-2.740462
999,-26.268727
1019,-0.433088
1039,0.475936
1059,0.472805
1079,-0.084641
1099,0.241292
1119,-0.084641
1139,-3.458942
1159,0.933310
1179,0.000000
1199,-0.952582
1219,-0.694809
1239,0.241292
1259,-0.084641
1279,-2.072116
1299,-0.084641
1319,-0.727945
1339,-1.709928
1359,-0.084641
1379,0.000000
1399,-1.709928
1419,-1.775010
1439,-0.084641
1459,-0.084641
1479,0.431932
1499,0.241292
1519,-0.084641
1539,-0.084641
1559,0.000000
1579,0.241292
1599,0.241292
1619,0.241292
1639,-0.084641
1659,0.000000
1679,0.241292
1699,0.241292
1719,0.241292
1739,0.431932
1759,0.241292
1779,0.241292
1799,0.241292
1819,0.431932
1839,0.431932
1859,0.241292
1879,0.431932
1899,0.431932
1919,0.431932
1939,0.431932
1959,0.241292
1979,0.431932
1999,0.241292
2019,0.431932
2039,0.431932
2059,0.431932
2079,0.431932
2099,0.241292
2119,0.431932
2139,0.431932
2159,0.431932
2179,0.431932
2199,0.431932
2219,0.431932
2239,0.431932
2259,0.431932
2279,0.431932
2299,0.431932
2319,0.431932
2339,0.431932
2359,0.431932
2379,0.431932
2399,0.431932
2419,0.431932
2439,0.431932
2459,0.431932
2479,0.431932
2499,-0.084641
2519,0.431932
2539,0.431932
2559,0.431932
2579,0.431932
2599,0.241292
2619,0.431932
2639,0.431932
2659,0.431932
2679,0.431932
2699,0.431932
2719,0.241292
2739,-0.084641
2759,0.241292
2779,0.431932
2799,0.431932
2819,-0.084641
2839,0.241292
2859,0.431932
2879,0.431932
2899,0.431932
2919,0.431932
2939,0.345210
2959,0.241292
2979,0.431932
2999,0.431932
3019,0.241292
3039,0.241292
3059,0.369992
3079,0.241292
3099,-0.084641
3119,0.431932
3139,-0.084641
3159,0.431932
3179,0.431932
3199,0.241292
3219,0.431932
3239,0.345210
3259,0.431932
3279,0.431932
3299,0.431932
3319,0.431932
3339,0.369992
3359,0.431932
3379,0.345210
3399,0.431932
3419,0.345210
3439,0.241292
3459,-0.084641
3479,0.431932
3499,-0.084641
3519,0.431932
3539,0.345210
3559,0.431932
3579,-0.084641
3599,0.431932
3619,-0.084641
3639,0.431932
3659,0.241292
3679,0.241292
3699,0.431932
3719,-0.084641
3739,0.241292
3759,0.431932
3779,-0.084641
3799,0.241292
3819,0.241292
3839,0.241292
3859,0.345210
3879,0.431932
3899,0.431932
3919,0.241292
3939,0.241292
3959,0.431932
3979,-0.084641
3999,0.431932
4019,0.431932
4039,0.431932
4059,0.431932
4079,-0.084641
4099,0.431932
4119,0.345210
4139,0.345210
4159,0.241292
4179,0.000000
4199,-0.084641
4219,0.431932
4239,0.431932
4259,0.345210
4279,0.431932
4299,0.431932
4319,0.345210
4339,0.431932
4359,0.241292
4379,0.431932
4399,0.431932
4419,-0.084641
4439,0.241292
4459,0.431932
4479,0.431932
4499,0.431932
4519,0.431932
4539,0.431932
4559,0.431932
4579,0.431932
4599,0.241292
4619,0.431932
4639,0.431932
4659,0.431932
4679,0.431932
4699,0.431932
4719,0.241292
4739,0.241292
4759,-0.084641
4779,0.431932
4799,0.431932
4819,0.431932
4839,0.431932
4859,0.431932
4879,0.431932
4899,-0.084641
4919,0.431932
4939,0.241292
4959,-0.084641
4979,0.345210
4999,0.345210
5019,0.241292
5039,0.431932
5059,0.000000
5079,0.241292
5099,0.431932
5119,0.431932
5139,0.345210
5159,0.345210
5179,0.241292
5199,0.241292
5219,0.431932
5239,0.431932
5259,-0.084641
5279,0.431932
5299,0.345210
5319,0.000000
5339,-0.084641
5359,0.241292
5379,0.345210
5399,0.241292
5419,0.241292
5439,0.431932
5459,0.241292
5479,0.241292
5499,0.345210
5519,0.345210
5539,0.431932
5559,0.431932
5579,0.345210
5599,0.345210
5619,0.431932
5639,0.431932
5659,0.241292
5679,0.345210
5699,0.241292
5719,0.241292
5739,-0.084641
5759,0.345210
5779,0.345210
5799,0.345210
5819,0.431932
5839,-0.084641
5859,0.000000
5879,0.431932
5899,0.431932
5919,0.431932
5939,0.431932
5959,0.431932
5979,0.345210
5999,0.345210
6019,0.345210
6039,-1.556248
6059,-2.146052
6079,0.345210
6099,0.345210
6119,0.241292
6139,-0.084641
6159,-0.084641
6179,0.431932
6199,0.241292
6219,-0.952582
6239,0.431932
6259,0.000000
6279,0.431932
6299,0.431932
6319,0.241292
6339,0.345210
6359,0.345210
6379,0.369992
6399,-0.084641
6419,-0.084641
6439,-0.084641
6459,0.345210
6479,0.241292
6499,-0.084641
6519,0.000000
6539,0.241292
6559,0.345210
6579,0.345210
6599,-0.084641
6619,0.345210
6639,0.345210
6659,0.241292
6679,0.241292
6699,0.431932
6719,0.405798
6739,-0.084641
6759,0.345210
6779,0.345210
6799,-0.084641
6819,0.345210
6839,-0.084641
6859,0.740158
6879,0.241292
6899,0.241292
6919,0.345210
6939,-0.084641
6959,0.345210
6979,0.405798
6999,0.862410
7019,1.018835
7039,1.384149
7059,1.195452
7079,0.000000
7099,0.000000
7119,0.345210
7139,0.431932
7159,0.345210
7179,0.967910
7199,0.345210
7219,0.431932
7239,0.345210
7259,-0.084641
7279,-0.084641
7299,0.345210
7319,0.241292
7339,0.345210
7359,0.345210
7379,0.241292
7399,-0.084641
7419,0.000000
7439,0.345210
7459,-0.084641
7479,-0.084641
7499,-0.084641
7519,-0.084641
7539,-0.084641
7559,-0.084641
7579,-0.084641
7599,0.241292
7619,0.866458
7639,0.241292
7659,-0.084641
7679,0.241292
7699,0.241292
7719,0.241292
7739,0.431932
7759,-0.084641
7779,0.241292
7799,0.657381
7819,0.930313
7839,-0.084641
7859,0.345210
7879,0.241292
7899,0.345210
7919,0.241292
7939,-0.084641
7959,0.345210
7979,-0.084641
7999,0.345210
8019,0.431932
8039,0.431932
8059,0.431932
8079,-0.084641
8099,-0.084641
8119,0.345210
8139,-0.084641
8159,-0.084641
8179,-0.084641
8199,0.345210
8219,0.431932
8239,0.345210
8259,-0.084641
8279,0.345210
8299,0.345210
8319,0.345210
8339,0.345210
8359,0.431932
8379,0.241292
8399,-0.084641
8419,-0.084641
8439,-0.084641
8459,-0.084641
8479,-0.084641
8499,-0.084641
8519,-0.084641
8539,0.345210
8559,0.345210
8579,0.345210
8599,-0.084641
8619,-0.084641
8639,-0.084641
8659,0.345210
8679,0.241292
8699,0.431932
8719,-0.084641
8739,-0.084641
8759,0.345210
8779,-0.084641
8799,-0.128804
8819,0.431932
8839,0.431932
8859,-0.084641
8879,-0.084641
8899,0.345210
8919,0.345210
8939,0.431932
8959,0.431932
8979,-0.084641
8999,0.241292
9019,-0.084641
9039,-0.084641
9059,0.345210
9079,-0.084641
9099,0.431932
9119,-0.084641
9139,0.241292
9159,-0.084641
9179,0.241292
9199,-0.084641
9219,-0.084641
9239,-0.084641
9259,0.241292
9279,-0.084641
9299,-0.084641
9319,-0.084641
9339,-0.084641
9359,-0.084641
9379,-0.084641
9399,0.431932
9419,-0.084641
9439,-0.084641
9459,0.345210
9479,-0.084641
9499,-0.084641
9519,-0.084641
9539,0.345210
9559,-0.084641
9579,-0.084641
9599,-0.084641
9619,-0.084641
9639,-0.084641
9659,-0.084641
9679,-0.084641
9699,-0.084641
9719,-0.084641
9739,0.431932
9759,0.431932
9779,-0.084641
9799,0.431932
9819,-0.084641
9839,-0.084641
9859,-0.084641
9879,-0.084641
9899,-0.084641
9919,-0.084641
9939,0.345210
9959,-0.084641
9979,0.431932
9999,0.345210
10019,0.431932
10039,-0.084641
10059,-0.084641
10079,0.431932
10099,-0.084641
10119,-0.084641
10139,0.345210
10159,0.431932
10179,0.345210
10199,0.431932
10219,-0.084641
10239,-0.084641
10259,0.345210
10279,-0.084641
10299,0.431932
10319,-0.084641
10339,0.431932
10359,0.431932
10379,-0.084641
10399,0.241292
10419,-0.084641
10439,-0.084641
10459,0.345210
10479,0.431932
10499,-0.084641
10519,-0.084641
10539,-0.084641
10559,-0.084641
10579,-0.084641
10599,-0.084641
10619,-0.084641
10639,-0.084641
10659,-0.084641
10679,-0.084641
10699,-0.084641
10719,-0.084641
10739,0.431932
10759,0.431932
10779,-0.084641
10799,-0.084641
10819,-0.084641
10839,0.345210
10859,-0.084641
10879,-0.084641
10899,-0.084641
10919,-0.084641
10939,-0.084641
10959,0.345210
10979,-0.084641
10999,0.345210
11019,-0.084641
11039,-0.084641
11059,-0.084641
11079,0.431932
11099,-0.084641
11119,-0.084641
11139,0.431932
11159,0.431932
11179,-0.084641
11199,-0.084641
11219,-0.084641
11239,-0.084641
11259,-0.084641
11279,-0.084641
11299,0.345210
11319,-0.084641
11339,0.345210
11359,0.431932
11379,0.431932
11399,-0.084641
11419,-0.084641
11439,-0.084641
11459,-0.084641
11479,-0.084641
11499,0.345210
11519,-0.084641
11539,0.345210
11559,0.431932
11579,0.345210
11599,-0.084641
11619,0.345210
11639,0.431932
11659,-0.084641
11679,-0.084641
11699,-0.084641
11719,0.345210
11739,-0.084641
11759,-0.084641
11779,-0.084641
11799,-0.084641
11819,-0.084641
11839,0.431932
11859,-0.084641
11879,-0.084641
11899,-0.084641
11919,-0.084641
11939,0.431932
11959,-0.084641
11979,-0.084641
11999,0.345210
12019,-0.084641
12039,-0.084641
12059,-0.084641
12079,-0.084641
12099,-0.084641
12119,-0.580822
12139,-0.580822
12159,-0.580822
12179,-0.580822
12199,0.431932
12219,-0.580822
12239,-0.084641
12259,-0.084641
12279,-0.084641
12299,-0.084641
12319,-0.084641
12339,-0.084641
12359,-0.084641
12379,0.345210
12399,-0.084641
12419,0.345210
12439,-0.084641
12459,-0.084641
12479,-0.084641
12499,-0.084641
12519,0.345210
12539,-0.084641
12559,-0.084641
12579,0.431932
12599,0.431932
12619,-0.084641
12639,-0.084641
12659,0.345210
12679,-0.084641
12699,-0.084641
12719,0.241292
12739,-0.084641
12759,-0.084641
12779,-0.084641
12799,-0.084641
12819,-0.084641
12839,-0.084641
12859,-0.084641
12879,-0.746403
12899,-0.084641
12919,-0.580822
12939,0.637737
12959,0.475936
12979,0.475936
12999,0.431932
13019,0.431932
13039,-0.084641
13059,-0.084641
13079,-0.084641
13099,-0.084641
13119,0.241292
13139,0.431932
13159,-0.084641
13179,0.431932
13199,-0.084641
13219,0.241292
13239,-0.084641
13259,-0.084641
13279,-0.084641
13299,-0.084641
13319,-0.084641
13339,-0.084641
13359,-0.084641
13379,0.431932
13399,-0.084641
13419,-0.630250
13439,-0.630250
13459,-0.084641
13479,-0.084641
13499,-0.084641
13519,-0.084641
13539,-0.084641
13559,0.210470
13579,-0.084641
13599,-0.084641
13619,-0.084641
13639,0.241292
13659,-0.084641
13679,0.449538
13699,-0.630250
13719,-0.084641
13739,-0.084641
13759,-0.084641
13779,-0.084641
13799,-0.084641
13819,-0.084641
13839,-0.084641
13859,-0.084641
13879,0.546006
13899,0.174362
13919,0.431932
13939,-0.084641
13959,-0.084641
13979,0.241292
13999,-0.084641
14019,-1.054138
14039,-0.084641
14059,-0.084641
14079,0.241292
14099,-0.084641
14119,0.821515
14139,-0.084641
14159,-0.084641
14179,-0.084641
14199,-0.084641
14219,-0.084641
14239,-0.084641
14259,-0.084641
14279,-0.084641
14299,-0.084641
14319,-0.084641
14339,-0.084641
14359,-0.084641
14379,-0.084641
14399,-0.084641
14419,-0.084641
14439,-0.084641
14459,-0.084641
14479,-0.084641
14499,-0.084641
14519,-0.084641
14539,-0.084641
14559,-0.084641
14579,-0.084641
14599,-0.084641
14619,-0.084641
14639,0.546006
14659,-0.084641
14679,-0.084641
14699,-0.084641
14719,-0.084641
14739,-0.084641
14759,-0.084641
14779,-0.084641
14799,-0.084641
14819,-0.084641
14839,0.431932
14859,-0.084641
14879,-0.084641
14899,0.345210
14919,0.431932
14939,0.431932
14959,0.345210
14979,-0.084641
14999,-0.084641
15019,-0.084641
15039,-0.084641
15059,-0.084641
15079,-0.084641
15099,-0.084641
15119,-0.084641
15139,-0.084641
15159,-0.084641
15179,0.431932
15199,-0.084641
15219,-0.084641
15239,-0.084641
15259,-0.084641
15279,-0.084641
15299,0.431932
15319,-0.084641
15339,-0.084641
15359,-0.084641
15379,-0.084641
15399,-0.084641
15419,-0.084641
15439,-0.084641
15459,-0.084641
15479,-0.084641
15499,0.431932
15519,-0.084641
15539,-0.084641
15559,-0.084641
15579,-0.084641
15599,-0.084641
15619,-0.084641
15639,-0.084641
15659,-0.084641
15679,-0.084641
15699,-0.084641
15719,-0.084641
15739,-0.084641
15759,-0.084641
15779,-0.084641
15799,-0.084641
15819,-0.084641
15839,-0.084641
15859,-0.084641
15879,-0.084641
15899,-0.084641
15919,-0.084641
15939,0.431932
15959,0.345210
15979,-0.084641
15999,-0.084641
16019,-0.084641
16039,-0.084641
16059,0.000000
16079,0.345210
16099,-0.084641
16119,-0.084641
16139,-0.084641
16159,-0.084641
16179,-0.084641
16199,-0.084641
16219,-0.084641
16239,-0.084641
16259,-0.084641
16279,-0.084641
16299,-0.084641
16319,-0.084641
16339,-0.084641
16359,-0.084641
16379,-0.084641
16399,0.431932
16419,0.431932
16439,0.431932
16459,0.431932
16479,0.431932
16499,0.431932
16519,0.431932
16539,0.000000
16559,0.431932
16579,0.431932
16599,-0.084641
16619,-0.084641
16639,-0.084641
16659,0.345210
16679,-0.084641
16699,0.431932
16719,-0.084641
16739,0.431932
16759,0.345210
16779,0.345210
16799,-0.084641
16819,0.431932
16839,0.431932
16859,0.431932
16879,0.431932
16899,0.431932
16919,0.000000
16939,0.431932
16959,0.345210
16979,0.431932
16999,0.431932
17019,0.000000
17039,0.000000
17059,-0.084641
17079,1.199480
17099,0.342778
17119,0.345210
17139,0.345210
17159,-2.131003
17179,-0.084641
17199,0.634255
17219,0.345210
17239,0.345210
17259,-0.084641
17279,0.345210
17299,0.345210
17319,0.345210
17339,0.342778
17359,-0.594130
17379,-0.084641
17399,0.345210
17419,0.345210
17439,0.345210
17459,0.431932
17479,0.431932
17499,0.345210
17519,0.345210
17539,0.431932
17559,0.431932
17579,0.345210
17599,0.000000
17619,-0.084641
17639,0.431932
17659,-0.084641
17679,0.431932
17699,-0.084641
17719,0.345210
17739,-0.084641
17759,0.000000
17779,-0.084641
17799,-0.084641
17819,-0.084641
17839,-0.084641
17859,-0.084641
17879,-0.084641
17899,-0.084641
17919,-0.084641
17939,-0.084641
17959,-0.084641
17979,-0.084641
17999,-0.084641
18019,-0.084641
18039,-0.084641
18059,-0.084641
18079,-0.084641
18099,-0.084641
18119,0.000000
18139,-0.084641
18159,-0.084641
18179,-0.084641
18199,-0.084641
18219,-0.084641
18239,-0.084641
18259,-0.084641
18279,-0.084641
18299,-0.084641
18319,-0.084641
18339,-0.084641
18359,-0.084641
18379,-0.084641
18399,-0.084641
18419,-0.084641
18439,-0.084641
18459,-0.084641
18479,-0.084641
18499,-0.084641
18519,-0.084641
18539,-0.084641
18559,-0.084641
18579,-0.084641
18599,-0.084641
18619,-0.084641
18639,-0.084641
18659,-0.084641
18679,-0.084641
18699,1.218572
18719,1.218572
18739,-0.084641
18759,-0.084641
18779,-0.084641
18799,-0.084641
18819,-0.084641
18839,-0.084641
18859,-0.084641
18879,-0.084641
18899,-0.084641
18919,-0.084641
18939,-0.084641
18959,0.000000
18979,-0.084641
18999,-0.580822
19019,-0.580822
19039,-0.084641
19059,-0.084641
19079,-0.084641
19099,-0.084641
19119,-0.084641
19139,-0.084641
19159,-0.084641
19179,-0.084641
19199,-0.084641
19219,-0.084641
19239,-0.084641
19259,-0.084641
19279,-0.084641
19299,-0.084641
19319,1.218572
19339,-0.084641
19359,-0.084641
19379,-0.084641
19399,0.182840
19419,1.218572
19439,1.199480
19459,1.218572
19479,-0.084641
19499,-0.084641
19519,-0.084641
19539,-0.084641
19559,-0.084641
19579,-0.084641
19599,-0.084641
19619,1.218572
19639,1.218572
19659,1.218572
19679,1.218572
19699,0.171831
19719,0.342778
19739,-0.084641
19759,1.218572
19779,-0.084641
19799,-0.084641
19819,-0.084641
19839,-0.084641
19859,-0.084641
19879,-0.084641
19899,-0.084641
19919,-0.084641
19939,-0.084641
19959,1.218572
19979,-0.084641
19999,0.342778
20019,-0.084641
20039,0.342778
20059,1.218572
20079,0.606655
20099,1.218572
20119,1.199480
20139,1.199480
20159,-0.084641
20179,-0.084641
20199,-0.084641
20219,0.241292
20239,-0.084641
20259,-0.084641
20279,-0.084641
20299,-0.084641
20319,-0.084641
20339,-0.084641
20359,-0.084641
20379,0.241292
20399,0.000000
20419,-0.084641
20439,-0.084641
20459,-0.084641
20479,-0.084641
20499,-0.084641
20519,1.218572
20539,0.476555
20559,0.476555
20579,0.342778
20599,-0.084641
20619,-0.084641
20639,-0.084641
20659,-0.084641
20679,-0.084641
20699,-0.084641
20719,-0.084641
20739,0.241292
20759,0.241292
20779,-0.084641
20799,-0.084641
20819,-0.084641
20839,-0.084641
20859,-0.084641
20879,-0.084641
20899,-0.084641
20919,0.241292
20939,-0.084641
20959,-0.084641
20979,-0.084641
20999,-0.084641
21019,-0.084641
21039,-0.084641
21059,0.431932
21079,-0.084641
21099,-0.084641
21119,-0.084641
21139,-0.084641
21159,-0.084641
21179,-0.084641
21199,-0.084641
21219,-0.084641
21239,0.000000
21259,-0.084641
21279,-0.084641
21299,-0.084641
21319,-0.084641
21339,-0.084641
21359,-0.084641
21379,-0.084641
21399,0.342778
21419,-0.084641
21439,-0.084641
21459,-0.084641
21479,1.218572
21499,0.781214
21519,-0.084641
21539,-0.084641
21559,0.342778
21579,-0.084641
21599,-0.084641
21619,-0.084641
21639,1.199480
21659,1.199480
21679,-0.084641
21699,-0.084641
21719,-0.084641
21739,-0.084641
21759,-0.084641
21779,-0.084641
21799,-0.084641
21819,-0.084641
21839,-0.084641
21859,-0.084641
21879,-0.084641
21899,-0.084641
21919,-0.084641
21939,-0.084641
21959,-0.084641
21979,-0.084641
21999,-0.084641
22019,-0.084641
22039,0.000000
22059,0.000000
22079,-0.084641
22099,-0.084641
22119,-0.084641
22139,0.241292
22159,-0.084641
22179,-0.084641
22199,-0.084641
22219,-0.084641
22239,0.000000
22259,0.241292
22279,-0.084641
22299,-0.084641
22319,-0.084641
22339,-0.084641
22359,-0.084641
22379,0.000000
22399,0.241292
22419,-0.084641
22439,-0.084641
22459,-0.084641
22479,-0.084641
22499,0.431932
22519,0.431932
22539,1.218572
22559,-0.084641
22579,-0.084641
22599,0.000000
22619,-0.084641
22639,-0.084641
22659,-0.084641
22679,-0.084641
22699,0.342778
22719,1.218572
22739,-0.084641
22759,-0.084641
22779,1.199480
22799,-0.084641
22819,1.199480
22839,1.199480
22859,-0.084641
22879,-0.084641
22899,-0.084641
22919,0.000000
22939,0.431932
22959,-0.084641
22979,-0.084641
22999,-0.084641
23019,-0.084641
23039,0.000000
23059,-0.084641
23079,1.218572
23099,-0.084641
23119,-0.084641
23139,-0.084641
23159,-0.084641
23179,-0.084641
23199,-0.084641
23219,-0.084641
23239,-0.084641
23259,-0.084641
23279,-0.084641
23299,-0.084641
23319,-0.084641
23339,-0.084641
23359,-0.084641
23379,-0.084641
23399,-0.084641
23419,-0.084641
23439,-0.084641
23459,-0.084641
23479,-0.084641
23499,-0.084641
23519,-0.084641
23539,-0.084641
23559,-0.084641
23579,-0.084641
23599,-0.084641
23619,-0.084641
23639,-0.084641
23659,1.218572
23679,-0.084641
23699,-0.084641
23719,0.000000
23739,1.199480
23759,1.199480
23779,-0.084641
23799,-0.084641
23819,-0.084641
23839,1.218572
23859,1.199480
23879,-0.084641
23899,-0.084641
23919,-0.084641
23939,-0.084641
23959,1.199480
23979,0.342778
23999,-0.084641
24019,1.199480
24039,-0.084641
24059,-0.084641
24079,-0.084641
24099,-0.084641
24119,1.218572
24139,-0.084641
24159,-0.084641
24179,-0.084641
24199,-0.084641
24219,-0.084641
24239,-0.084641
24259,-0.084641
24279,-0.084641
24299,-0.084641
24319,-0.084641
24339,-0.084641
24359,-0.084641
24379,-0.084641
24399,-0.084641
24419,-0.084641
24439,-0.315733
24459,-0.084641
24479,-0.084641
24499,-0.084641
24519,0.000000
24539,-0.084641
24559,-0.084641
24579,0.000000
24599,0.241292
24619,1.218572
24639,0.431932
24659,-0.084641
24679,-0.084641
24699,-0.084641
24719,-0.084641
24739,-0.084641
24759,-0.084641
24779,0.000000
24799,-0.084641
24819,0.000000
24839,1.218572
24859,-0.084641
24879,-0.084641
24899,-0.084641
24919,-0.084641
24939,0.000000
24959,-0.084641
24979,0.342778
24999,1.218572
25019,0.342778
25039,-0.084641
25059,-0.084641
25079,1.218572
25099,-0.084641
25119,-0.084641
25139,-0.084641
25159,-0.084641
25179,-0.084641
25199,-0.084641
25219,-0.084641
25239,-0.084641
25259,0.000000
25279,-0.084641
25299,1.218572
25319,-0.084641
25339,-0.084641
25359,1.218572
25379,-0.084641
25399,0.000000
25419,0.431932
25439,1.218572
25459,1.218572
25479,1.218572
25499,-0.084641
25519,-0.084641
25539,-0.084641
25559,1.199480
25579,1.199480
25599,-0.084641
25619,-0.084641
25639,-0.084641
25659,-0.084641
25679,-0.084641
25699,-0.084641
25719,-0.084641
25739,-0.084641
25759,0.171831
25779,-0.314667
25799,-0.084641
25819,-0.084641
25839,-0.084641
25859,-0.084641
25879,-0.084641
25899,-0.084641
25919,-0.084641
25939,-0.084641
25959,-0.084641
25979,0.000000
25999,-0.084641
26019,-0.084641
26039,-0.084641
26059,-0.084641
26079,0.431932
26099,-0.084641
26119,-0.084641
26139,-0.084641
26159,-0.084641
26179,-0.084641
26199,-0.084641
26219,0.000000
26239,-0.084641
26259,0.342778
26279,0.000000
26299,-0.084641
26319,-0.084641
26339,-0.084641
26359,-0.084641
26379,-0.084641
26399,-0.084641
26419,-0.084641
26439,-0.084641
26459,0.000000
26479,-0.084641
26499,-0.084641
26519,-0.084641
26539,-0.084641
26559,-0.084641
26579,0.000000
26599,-0.084641
26619,1.199480
26639,-0.084641
26659,-0.084641
26679,1.218572
26699,1.199480
26719,-0.084641
26739,-0.084641
26759,-0.084641
26779,-0.084641
26799,-0.084641
26819,-0.084641
26839,-0.084641
26859,-0.084641
26879,-0.084641
26899,-0.084641
26919,-0.084641
26939,-0.084641
26959,-0.084641
26979,-0.084641
26999,-0.084641
27019,-0.084641
27039,-0.084641
27059,-0.084641
27079,-0.084641
27099,0.431932
27119,-0.084641
27139,-0.084641
27159,-0.084641
27179,-0.084641
27199,-0.084641
27219,-0.084641
27239,-0.084641
27259,-0.084641
27279,-0.084641
27299,-0.084641
27319,-0.084641
27339,-0.084641
27359,-0.084641
27379,-0.084641
27399,-0.084641
27419,-0.084641
27439,0.241292
27459,0.241292
27479,1.218572
27499,-0.084641
27519,0.342778
27539,1.218572
27559,1.218572
27579,1.218572
27599,1.218572
27619,-0.084641
27639,-0.084641
27659,-0.084641
27679,1.218572
27699,1.218572
27719,0.000000
27739,1.218572
27759,1.218572
27779,-0.084641
27799,-0.084641
27819,-0.084641
27839,0.431932
27859,0.000000
27879,0.000000
27899,0.241292
27919,1.218572
27939,-0.084641
27959,-0.084641
27979,-0.084641
27999,-0.084641
28019,0.000000
28039,1.218572
28059,-0.084641
28079,-0.084641
28099,0.000000
28119,-0.084641
28139,0.431932
28159,-0.084641
28179,-0.084641
28199,0.000000
28219,-0.084641
28239,0.241292
28259,-0.084641
28279,-0.084641
28299,-0.084641
28319,1.218572
28339,-0.084641
28359,-0.084641
28379,-0.084641
28399,1.218572
28419,1.218572
28439,1.218572
28459,-0.084641
28479,1.199480
28499,1.199480
28519,1.218572
28539,1.199480
28559,1.218572
28579,-0.084641
28599,1.218572
28619,-0.084641
28639,-0.084641
28659,-0.084641
28679,-0.084641
28699,-0.084641
28719,-0.084641
28739,-0.084641
28759,0.431932
28779,-0.084641
28799,-0.084641
28819,-0.084641
28839,-0.084641
28859,-0.084641
28879,-0.084641
28899,-0.084641
28919,-0.084641
28939,-0.084641
28959,-0.084641
28979,-0.084641
28999,-0.084641
29019,0.000000
29039,1.218572
29059,-0.084641
29079,-0.084641
29099,-0.084641
29119,-0.084641
29139,1.218572
29159,-0.084641
29179,-0.084641
29199,1.218572
29219,1.218572
29239,1.199480
29259,-0.084641
29279,-0.084641
29299,-0.084641
29319,-0.084641
29339,-0.084641
29359,-0.084641
29379,-0.084641
29399,-0.084641
29419,0.000000
29439,-0.084641
29459,-0.084641
29479,-0.084641
29499,-0.084641
29519,-0.084641
29539,-0.084641
29559,-0.084641
29579,-0.084641
29599,-0.084641
29619,-0.084641
29639,-0.084641
29659,-0.084641
29679,-0.084641
29699,-0.084641
29719,-0.084641
29739,0.000000
29759,1.218572
29779,0.469863
29799,1.218572
29819,0.241292
29839,-0.084641
29859,-0.084641
29879,-0.874379
29899,1.218572
29919,-0.084641
29939,-0.084641
29959,-0.084641
29979,-0.084641
29999,-0.084641
30019,-0.084641
30039,-0.084641
30059,-0.084641
30079,-0.084641
30099,-0.084641
30119,-0.084641
30139,-0.084641
30159,-0.084641
30179,-0.084641
30199,-0.084641
30219,-0.084641
30239,0.000000
30259,-0.084641
30279,0.000000
30299,-0.084641
30319,0.000000
30339,-0.084641
30359,-0.084641
30379,0.597445
30399,-0.084641
30419,-0.084641
30439,0.000000
30459,-0.084641
30479,-0.084641
30499,0.000000
30519,-0.084641
30539,-0.084641
30559,0.000000
30579,1.218572
30599,-0.084641
30619,-0.084641
30639,-0.084641
30659,-0.084641
30679,-0.084641
30699,0.000000
30719,-0.084641
30739,-0.084641
30759,-0.084641
30779,-0.084641
30799,-0.084641
30819,-0.084641
30839,-0.084641
30859,1.218572
30879,1.218572
30899,1.218572
30919,1.218572
30939,1.218572
30959,0.828376
30979,-0.084641
30999,-0.084641
31019,-0.084641
31039,-0.084641
31059,0.241292
31079,1.218572
31099,1.199480
31119,1.218572
31139,-0.084641
31159,-0.084641
31179,-0.084641
31199,-0.084641
31219,-0.084641
31239,-0.084641
31259,-0.084641
31279,-0.084641
31299,-0.084641
31319,0.000000
31339,-0.084641
31359,-0.084641
31379,-0.084641
31399,-0.084641
31419,-0.084641
31439,-0.084641
31459,-0.084641
31479,-0.084641
31499,-0.084641
31519,-0.084641
31539,0.000000
31559,-0.084641
31579,-0.084641
31599,0.000000
31619,0.000000
31639,0.241292
31659,-0.084641
31679,0.160884
31699,1.423420
31719,-0.006787
31739,-0.084641
31759,-0.476467
31779,0.270578
31799,0.810273
31819,0.206134
31839,-0.084641
31859,1.248379
31879,1.199663
31899,1.248379
31919,1.199663
31939,0.862410
31959,-0.084641
31979,1.199663
31999,-0.084641
32019,-0.084641
32039,-0.084641
32059,-0.084641
32079,-0.084641
32099,-0.084641
32119,-0.084641
32139,-0.084641
32159,-0.084641
32179,-0.084641
32199,0.241292
32219,-0.084641
32239,-0.084641
32259,-0.084641
32279,-0.084641
32299,-0.084641
32319,-0.084641
32339,-0.084641
32359,-0.084641
32379,-0.084641
32399,0.241292
32419,0.000000
32439,-0.084641
32459,-0.084641
32479,0.000000
32499,-0.084641
32519,-0.084641
32539,-0.084641
32559,0.546006
32579,-0.084641
32599,-0.084641
32619,-0.084641
32639,-0.084641
32659,-0.084641
32679,-0.084641
32699,-0.084641
32719,0.000000
32739,-0.084641
32759,-0.084641
32779,-0.084641
32799,-0.084641
32819,-0.084641
32839,-0.084641
32859,-0.084641
32879,-0.084641
32899,-0.084641
32919,-0.084641
32939,-0.084641
32959,-0.084641
32979,-0.084641
32999,-0.084641
33019,-0.084641
33039,1.423420
33059,0.241292
33079,-0.084641
33099,-0.084641
33119,-0.084641
33139,-0.084641
33159,-0.084641
33179,-0.084641
33199,-0.084641
33219,-0.084641
33239,0.000000
33259,-0.084641
33279,-0.084641
33299,-0.084641
33319,-0.084641
33339,-0.084641
33359,-0.084641
33379,-0.084641
33399,-0.084641
33419,-0.084641
33439,-0.084641
33459,-0.084641
33479,0.902668
33499,-0.084641
33519,-0.084641
33539,-0.084641
33559,-0.084641
33579,-0.084641
33599,-0.084641
33619,-0.084641
33639,0.000000
33659,0.000000
33679,-0.084641
33699,-0.084641
33719,-0.084641
33739,-0.084641
33759,-0.084641
33779,-0.084641
33799,-0.084641
33819,0.000000
33839,-0.084641
33859,-0.084641
33879,-0.084641
33899,-0.084641
33919,-0.084641
33939,-0.084641
33959,-0.084641
33979,-0.084641
33999,-0.084641
34019,-0.084641
34039,-0.084641
34059,-0.084641
34079,-0.084641
34099,-0.084641
34119,-0.084641
34139,-0.084641
34159,0.000000
34179,-0.084641
34199,-0.084641
34219,-0.084641
34239,-0.084641
34259,-0.084641
34279,-0.084641
34299,-0.084641
34319,-0.084641
34339,-0.084641
34359,0.000000
34379,-0.084641
34399,-0.084641
34419,-0.084641
34439,0.000000
34459,-0.084641
34479,-0.084641
34499,-0.084641
34519,-0.084641
34539,-0.084641
34559,-0.084641
34579,-0.084641
34599,-0.084641
34619,-0.084641
34639,-0.084641
34659,-0.084641
34679,0.000000
34699,-0.084641
34719,0.241292
34739,-0.084641
34759,-0.084641
34779,-0.084641
34799,-0.084641
34819,-0.084641
34839,-0.084641
34859,-0.084641
34879,-0.084641
34899,-0.084641
34919,-0.084641
34939,-0.580822
34959,1.423420
34979,0.473919
34999,0.241292
35019,-0.084641
35039,0.000000
35059,-0.084641
35079,-0.084641
35099,-0.084641
35119,-0.084641
35139,-0.084641
35159,-0.084641
35179,-0.084641
35199,-0.084641
35219,-0.084641
35239,-0.084641
35259,-0.084641
35279,-0.084641
35299,-0.084641
35319,-0.580822
35339,-0.580822
35359,-0.580822
35379,-0.580822
35399,-0.580822
35419,-0.580822
35439,-0.084641
35459,0.000000
35479,0.000000
35499,-0.084641
35519,-0.084641
35539,-0.084641
35559,-0.084641
35579,-0.084641
35599,-0.084641
35619,-0.084641
35639,-0.084641
35659,-0.084641
35679,-0.084641
35699,-0.084641
35719,-0.084641
35739,-0.084641
35759,0.000000
35779,-0.084641
35799,-0.084641
35819,-0.084641
35839,-0.084641
35859,-0.084641
35879,0.241292
35899,-0.084641
35919,-0.084641
35939,-0.084641
35959,-0.084641
35979,-0.084641
35999,-0.084641
36019,-0.084641
36039,-0.084641
36059,0.000000
36079,0.345210
36099,0.241292
36119,-0.084641
36139,-0.084641
36159,-0.084641
36179,-0.084641
36199,-0.084641
36219,-0.084641
36239,-0.084641
36259,0.241292
36279,0.241292
36299,-0.084641
36319,-0.084641
36339,-0.084641
36359,-0.084641
36379,-0.084641
36399,-0.084641
36419,-0.084641
36439,-0.084641
36459,-0.084641
36479,0.000000
36499,-0.084641
36519,-0.084641
36539,-0.084641
36559,-0.084641
36579,-0.084641
36599,-0.084641
36619,0.241292
36639,-0.084641
36659,-0.084641
36679,-0.084641
36699,-0.084641
36719,0.000000
36739,-0.084641
36759,-0.084641
36779,-0.084641
36799,-0.084641
36819,-0.084641
36839,-0.084641
36859,-0.084641
36879,-0.084641
36899,-0.084641
36919,-0.084641
36939,-0.084641
36959,-0.084641
36979,-0.084641
36999,0.000000
37019,-0.084641
37039,0.241292
37059,0.241292
37079,-0.493268
37099,-0.084641
37119,-0.084641
37139,-0.084641
37159,-0.084641
37179,-0.084641
37199,-0.084641
37219,-0.084641
37239,-0.084641
37259,-0.084641
37279,-0.084641
37299,-0.084641
37319,-0.084641
37339,0.000000
37359,-0.084641
37379,-0.084641
37399,-0.084641
37419,-0.084641
37439,-0.084641
37459,-0.084641
37479,0.241292
37499,-0.084641
37519,-0.084641
37539,-0.084641
37559,-0.084641
37579,0.000000
37599,-0.084641
37619,-0.084641
37639,0.000000
37659,-0.084641
37679,-0.084641
37699,-0.084641
37719,0.000000
37739,-0.084641
37759,-0.084641
37779,0.000000
37799,-0.084641
37819,-0.084641
37839,0.000000
37859,-0.084641
37879,-0.084641
37899,-0.084641
37919,-0.084641
37939,0.000000
37959,1.199480
37979,-0.084641
37999,-0.084641
38019,-0.084641
38039,-0.084641
38059,-0.084641
38079,-0.084641
38099,-0.084641
38119,-0.084641
38139,-0.084641
38159,0.000000
38179,-0.084641
38199,-0.084641
38219,-0.084641
38239,-0.084641
38259,-0.084641
38279,-0.084641
38299,0.241292
38319,-0.084641
38339,-0.084641
38359,-0.084641
38379,-0.084641
38399,-0.084641
38419,-0.084641
38439,-0.084641
38459,-0.084641
38479,-0.084641
38499,-0.084641
38519,-0.084641
38539,-0.084641
38559,0.000000
38579,0.241292
38599,-0.084641
38619,-0.084641
38639,-0.084641
38659,-0.084641
38679,-0.084641
38699,-0.084641
38719,-0.084641
38739,-0.084641
38759,-0.084641
38779,-0.084641
38799,-0.084641
38819,-0.084641
38839,-0.084641
38859,-0.084641
38879,-0.084641
38899,-0.084641
38919,-0.084641
38939,-0.084641
38959,-0.084641
38979,-0.084641
38999,0.000000
39019,-0.084641
39039,-0.084641
39059,0.000000
39079,-0.084641
39099,0.241292
39119,-0.084641
39139,-0.084641
39159,-0.084641
39179,-0.084641
39199,-0.084641
39219,-0.084641
39239,-0.084641
39259,-0.084641
39279,-0.084641
39299,-0.084641
39319,-0.084641
39339,-0.084641
39359,0.000000
39379,-0.084641
39399,-0.084641
39419,-0.084641
39439,-0.084641
39459,-0.084641
39479,-0.084641
39499,-0.084641
39519,0.000000
39539,-0.084641
39559,-0.084641
39579,-0.084641
39599,-0.084641
39619,0.000000
39639,-0.084641
39659,-0.084641
39679,-0.084641
39699,-0.084641
39719,-0.084641
39739,-0.084641
39759,-0.084641
39779,0.000000
39799,-0.084641
39819,-0.084641
39839,-0.084641
39859,-0.084641
39879,-0.084641
39899,-0.084641
39919,-0.084641
39939,-0.084641
39959,-0.084641
39979,0.000000
39999,-0.084641
40019,-0.084641
40039,0.000000
40059,-0.580822
40079,-0.084641
40099,-0.580822
40119,-0.580822
40139,0.241292
40159,-0.084641
40179,-0.084641
40199,-0.084641
40219,0.000000
40239,-0.084641
40259,-0.084641
40279,0.000000
40299,-0.084641
40319,-0.084641
40339,-0.084641
40359,-0.084641
40379,-0.084641
40399,-0.084641
40419,-0.084641
40439,-0.084641
40459,0.241292
40479,-0.084641
40499,-0.084641
40519,-0.084641
40539,-0.084641
40559,-0.084641
40579,-0.084641
40599,0.241292
40619,-0.084641
40639,-0.084641
40659,-0.084641
40679,0.000000
40699,0.241292
40719,-0.084641
40739,-0.084641
40759,-0.084641
40779,-0.084641
40799,-0.084641
40819,-0.084641
40839,0.000000
40859,-0.084641
40879,0.345210
40899,-0.084641
40919,-0.084641
40939,-0.084641
40959,0.000000
40979,-0.084641
40999,-0.084641
41019,-0.084641
41039,-0.084641
41059,-0.084641
41079,0.000000
41099,-0.084641
41119,-0.084641
41139,-0.084641
41159,-0.084641
41179,-0.084641
41199,0.241292
41219,0.241292
41239,-0.084641
41259,-0.084641
41279,-0.084641
41299,-0.084641
41319,-0.084641
41339,-0.084641
41359,0.000000
41379,-0.084641
41399,-0.084641
41419,-0.084641
41439,-0.084641
41459,-0.084641
41479,-0.084641
41499,-0.084641
41519,-0.084641
41539,-0.084641
41559,-0.084641
41579,-0.084641
41599,-0.084641
41619,-0.084641
41639,-0.084641
41659,-0.084641
41679,-0.084641
41699,-0.084641
41719,-0.084641
41739,-0.084641
41759,0.000000
41779,-0.084641
41799,-0.084641
41819,-0.084641
41839,-0.084641
41859,-0.084641
41879,0.000000
41899,0.241292
41919,-0.084641
41939,-0.084641
41959,-0.084641
41979,-0.084641
41999,0.000000
42019,-0.084641
42039,-0.084641
42059,0.000000
42079,-0.084641
42099,-0.084641
42119,-0.084641
42139,-0.084641
42159,-0.084641
42179,0.000000
42199,0.000000
42219,-0.084641
42239,-0.084641
42259,-0.084641
42279,-0.084641
42299,-0.084641
42319,0.000000
42339,-0.084641
42359,0.241292
42379,-0.084641
42399,-0.084641
42419,0.000000
42439,0.241292
42459,-0.084641
42479,-0.084641
42499,-0.084641
42519,-0.084641
42539,-0.084641
42559,-0.084641
42579,-0.084641
42599,-0.084641
42619,-0.084641
42639,-0.084641
42659,-0.084641
42679,-0.084641
42699,-0.084641
42719,-0.084641
42739,0.000000
42759,-0.084641
42779,-0.084641
42799,-0.084641
42819,-0.084641
42839,-0.084641
42859,0.000000
42879,-0.084641
42899,0.000000
42919,0.000000
42939,-0.084641
42959,0.241292
42979,-0.084641
42999,-0.084641
43019,0.000000
43039,-0.084641
43059,-0.084641
43079,0.000000
43099,-0.084641
43119,-0.084641
43139,-0.084641
43159,-0.084641
43179,0.000000
43199,0.241292
43219,-0.084641
43239,-0.084641
43259,-0.084641
43279,0.000000
43299,0.476555
43319,-0.084641
43339,1.218572
43359,-0.084641
43379,-0.084641
43399,-0.084641
43419,-0.084641
43439,-0.084641
43459,1.218572
43479,-0.084641
43499,1.218572
43519,1.218572
43539,1.199480
43559,0.241292
43579,-0.084641
43599,-0.084641
43619,1.218572
43639,-0.084641
43659,-0.084641
43679,-0.084641
43699,-0.084641
43719,-0.084641
43739,-0.084641
43759,-0.084641
43779,-0.084641
43799,-0.084641
43819,-0.084641
43839,-0.084641
43859,-0.084641
43879,-0.084641
43899,-0.084641
43919,-0.084641
43939,-0.084641
43959,-0.084641
43979,-0.084641
43999,-0.084641
44019,-0.084641
44039,0.000000
44059,0.000000
44079,-1.518361
44099,0.949366
44119,-0.084641
44139,-0.084641
44159,-0.084641
44179,-0.084641
44199,-0.084641
44219,-0.084641
44239,-0.084641
44259,-0.084641
44279,-0.084641
44299,-0.084641
44319,-0.084641
44339,-0.084641
44359,-0.084641
44379,-0.084641
44399,-0.084641
44419,-0.084641
44439,0.000000
44459,0.241292
44479,1.218572
44499,-0.084641
44519,-0.084641
44539,-0.084641
44559,-0.084641
44579,1.218572
44599,-0.084641
44619,1.218572
44639,-0.084641
44659,1.218572
44679,-0.084641
44699,0.655018
44719,1.218572
44739,-0.084641
44759,-0.084641
44779,0.241292
44799,-0.084641
44819,-0.084641
44839,-0.084641
44859,0.241292
44879,-0.084641
44899,0.000000
44919,1.218572
44939,-0.084641
44959,1.199480
44979,-0.084641
44999,-0.084641
45019,-0.084641
45039,0.241292
45059,0.000000
45079,-0.084641
45099,-0.084641
45119,0.241292
45139,-0.084641
45159,-0.084641
45179,-0.084641
45199,-0.084641
45219,-0.084641
45239,-0.084641
45259,-0.084641
45279,-0.084641
45299,-0.084641
45319,0.241292
45339,-0.084641
45359,-0.084641
45379,-0.084641
45399,1.218572
45419,-0.084641
45439,1.218572
45459,-0.084641
45479,0.655018
45499,-0.084641
45519,-0.084641
45539,-0.084641
45559,-0.084641
45579,-0.084641
45599,-0.084641
45619,-0.084641
45639,-0.084641
45659,-0.084641
45679,-0.084641
45699,-0.084641
45719,-0.084641
45739,-0.084641
45759,-0.084641
45779,-0.084641
45799,-0.084641
45819,-0.084641
45839,-0.084641
45859,-0.084641
45879,-0.084641
45899,-0.084641
45919,-0.084641
45939,-0.084641
45959,-0.084641
45979,-0.084641
45999,-0.084641
46019,-0.084641
46039,-0.084641
46059,-0.084641
46079,0.000000
46099,-0.084641
46119,-0.084641
46139,-0.084641
46159,-0.084641
46179,-0.084641
46199,-0.084641
46219,-0.084641
46239,-0.084641
46259,-0.084641
46279,-0.084641
46299,-0.084641
46319,0.431932
46339,-0.084641
46359,-0.084641
46379,-0.084641
46399,-0.084641
46419,-0.084641
46439,-0.084641
46459,0.000000
46479,-0.084641
46499,0.241292
46519,-0.084641
46539,-0.084641
46559,-0.084641
46579,0.000000
46599,-0.084641
46619,-0.084641
46639,-0.084641
46659,0.000000
46679,-0.084641
46699,-0.084641
46719,1.218572
46739,-0.084641
46759,-0.084641
46779,-0.084641
46799,-0.084641
46819,-0.084641
46839,-0.084641
46859,0.000000
46879,-0.084641
46899,-0.084641
46919,1.218572
46939,1.218572
46959,-0.084641
46979,-0.084641
46999,-0.084641
47019,-0.084641
47039,-0.084641
47059,0.000000
47079,-0.084641
47099,-0.084641
47119,-0.084641
47139,0.000000
47159,-0.084641
47179,-0.084641
47199,-0.084641
47219,0.000000
47239,-0.084641
47259,-0.084641
47279,-0.084641
47299,-0.084641
47319,-0.084641
47339,-0.084641
47359,-0.084641
47379,0.000000
47399,0.241292
47419,0.241292
47439,-0.084641
47459,0.000000
47479,-0.084641
47499,-0.084641
47519,-0.084641
47539,-0.084641
47559,0.000000
47579,-0.084641
47599,-0.084641
47619,0.000000
47639,-0.084641
47659,-0.084641
47679,-0.084641
47699,-0.084641
47719,-0.084641
47739,-0.084641
47759,1.218572
47779,-0.084641
47799,-0.084641
47819,-0.084641
47839,-0.084641
47859,-0.084641
47879,-0.084641
47899,-0.084641
47919,-0.084641
47939,-0.084641
47959,-0.084641
47979,-0.084641
47999,-0.084641
48019,-0.084641
48039,1.218572
48059,1.218572
48079,-0.084641
48099,-0.084641
48119,-0.084641
48139,-0.084641
48159,-0.084641
48179,-0.084641
48199,-0.084641
48219,-0.084641
48239,-0.084641
48259,-0.084641
48279,-0.084641
48299,0.000000
48319,0.000000
48339,0.241292
48359,-0.084641
48379,-0.084641
48399,-0.084641
48419,-0.084641
48439,-0.084641
48459,-0.084641
48479,-0.084641
48499,-0.084641
48519,-0.084641
48539,0.000000
48559,-0.084641
48579,-0.084641
48599,-0.084641
48619,-0.084641
48639,0.000000
48659,0.000000
48679,1.218572
48699,-0.084641
48719,-0.084641
48739,-0.084641
48759,-0.084641
48779,-0.084641
48799,-0.084641
48819,-0.084641
48839,-0.084641
48859,-0.084641
48879,-0.084641
48899,-0.084641
48919,-0.084641
48939,-0.084641
48959,0.000000
48979,-0.084641
48999,-0.084641
49019,-0.084641
49039,-0.084641
49059,-0.084641
49079,-0.084641
49099,-0.084641
49119,-0.084641
49139,-0.084641
49159,-0.084641
49179,-0.084641
49199,-0.084641
49219,0.241292
49239,-0.084641
49259,0.241292
49279,-0.084641
49299,-0.084641
49319,-0.084641
49339,-0.084641
49359,-0.084641
49379,-0.084641
49399,-0.084641
49419,-0.084641
49439,-0.084641
49459,-0.084641
49479,-0.084641
49499,0.000000
49519,-0.084641
49539,-0.084641
49559,-0.084641
49579,-0.084641
49599,-0.084641
49619,-0.084641
49639,-0.084641
49659,-0.084641
49679,-0.084641
49699,-0.084641
49719,-0.084641
49739,-0.084641
49759,-0.084641
49779,-0.084641
49799,-0.084641
49819,-0.084641
49839,0.000000
49859,0.000000
49879,0.241292
49899,-0.084641
49919,-0.084641
49939,-0.084641
49959,-0.084641
49979,0.000000
49999,-0.084641
50019,-0.084641
50039,-0.084641
50059,-0.084641
50079,-0.084641
50099,-0.084641
50119,-0.084641
50139,-0.084641
50159,-0.084641
50179,-0.084641
50199,0.000000
50219,-0.084641
50239,-0.084641
50259,-0.084641
50279,-0.084641
50299,1.218572
50319,-0.084641
50339,1.218572
50359,1.218572
50379,-0.084641
50399,0.241292
50419,-0.084641
50439,-0.084641
50459,-0.084641
50479,-0.084641
50499,-0.084641
50519,-0.084641
50539,-0.084641
50559,-0.084641
50579,-0.084641
50599,0.000000
50619,0.000000
50639,-0.084641
50659,-0.084641
50679,-0.084641
50699,-0.084641
50719,-0.084641
50739,-0.084641
50759,0.241292
50779,0.000000
50799,-0.084641
50819,-0.084641
50839,-0.084641
50859,0.655018
50879,-0.084641
50899,-0.084641
50919,-0.084641
50939,-0.084641
50959,0.655018
50979,1.218572
50999,-0.084641
51019,-0.084641
51039,-0.084641
51059,-0.084641
51079,-0.084641
51099,0.241292
51119,-0.084641
51139,-0.084641
51159,-0.084641
51179,0.000000
51199,-0.084641
51219,-0.084641
51239,0.000000
51259,1.218572
51279,-0.084641
51299,-0.084641
51319,-0.084641
51339,-0.084641
51359,-0.084641
51379,1.218572
51399,-0.084641
51419,-0.084641
51439,-0.084641
51459,-0.084641
51479,-0.084641
51499,-0.084641
51519,-0.084641
51539,-0.084641
51559,-0.084641
51579,0.000000
51599,-0.084641
51619,-0.084641
51639,-0.084641
51659,-0.084641
51679,-0.084641
51699,-0.084641
51719,-0.084641
51739,-0.084641
51759,-0.084641
51779,-0.084641
51799,-0.084641
51819,-0.084641
51839,-0.084641
51859,-0.084641
51879,-0.084641
51899,-0.084641
51919,-0.084641
51939,0.000000
51959,-0.084641
51979,-0.084641
51999,0.241292
52019,-0.084641
52039,-0.084641
52059,-0.084641
52079,-0.084641
52099,-0.084641
52119,-0.084641
52139,-0.084641
52159,-0.084641
52179,0.000000
52199,-0.084641
52219,0.241292
52239,-0.084641
52259,-0.084641
52279,-0.084641
52299,0.000000
52319,-0.084641
52339,-0.084641
52359,-0.084641
52379,-0.084641
52399,-0.084641
52419,-0.084641
52439,-0.084641
52459,-0.084641
52479,-0.084641
52499,0.000000
52519,-0.084641
52539,-0.084641
52559,-0.084641
52579,-0.084641
52599,-0.084641
52619,-0.084641
52639,-0.084641
52659,-0.084641
52679,-0.084641
52699,-0.084641
52719,-0.084641
52739,-0.084641
52759,-0.084641
52779,-0.084641
52799,-0.084641
52819,-0.084641
52839,-0.084641
52859,-0.084641
52879,0.000000
52899,-0.084641
52919,0.000000
52939,-0.084641
52959,0.000000
52979,-0.084641
52999,0.000000
53019,1.218572
53039,-0.084641
53059,1.218572
53079,-0.084641
53099,-0.084641
53119,-0.084641
53139,-0.084641
53159,-0.084641
53179,-0.084641
53199,-0.084641
53219,-0.084641
53239,-0.084641
53259,0.000000
53279,-0.084641
53299,-0.084641
53319,-0.084641
53339,-0.084641
53359,-0.084641
53379,-0.084641
53399,-0.084641
53419,0.000000
53439,-0.084641
53459,-0.084641
53479,-0.084641
53499,1.218572
53519,-0.084641
53539,1.218572
53559,-0.084641
53579,-0.084641
53599,-0.084641
53619,-0.084641
53639,-0.084641
53659,-0.084641
53679,-0.084641
53699,-0.084641
53719,-0.084641
53739,-0.084641
53759,-0.084641
53779,-0.084641
53799,-0.084641
53819,-0.084641
53839,0.241292
53859,-0.084641
53879,1.218572
53899,-0.084641
53919,-0.084641
53939,-0.084641
53959,-0.084641
53979,-0.084641
53999,-0.084641
54019,-0.084641
54039,-0.084641
54059,-0.084641
54079,-0.084641
54099,-0.084641
54119,-0.084641
54139,-0.084641
54159,-0.084641
54179,-0.084641
54199,-0.084641
54219,-0.084641
54239,-0.084641
54259,-0.084641
54279,-0.084641
54299,-0.084641
54319,-0.084641
54339,-0.084641
54359,-0.084641
54379,-0.084641
54399,-0.084641
54419,-0.084641
54439,-0.084641
54459,1.218572
54479,1.218572
54499,1.218572
54519,-0.084641
54539,-0.084641
54559,1.218572
54579,1.218572
54599,-0.084641
54619,-0.084641
54639,-0.084641
54659,0.000000
54679,-0.084641
54699,-0.084641
54719,-0.084641
54739,-0.084641
54759,0.241292
54779,-0.084641
54799,1.218572
54819,-0.084641
54839,-0.084641
54859,-0.084641
54879,-0.084641
54899,0.000000
54919,-0.084641
54939,-0.084641
54959,-0.084641
54979,-0.084641
54999,-0.084641
55019,-0.084641
55039,-0.084641
55059,-0.084641
55079,-0.084641
55099,-0.084641
55119,0.241292
55139,-0.084641
55159,-0.084641
55179,-0.084641
55199,-0.084641
55219,-0.084641
55239,-0.084641
55259,0.000000
55279,-0.084641
55299,-0.084641
55319,-0.084641
55339,-0.084641
55359,1.218572
55379,1.218572
55399,-0.084641
55419,-0.084641
55439,-0.084641
55459,-0.084641
55479,1.218572
55499,-0.084641
55519,-0.084641
55539,-0.084641
55559,-0.084641
55579,-0.084641
55599,-0.084641
55619,-0.084641
55639,-0.084641
55659,-0.084641
55679,0.000000
55699,-0.084641
55719,-0.084641
55739,-0.084641
55759,0.000000
55779,-0.084641
55799,-0.084641
55819,1.218572
55839,1.218572
55859,1.218572
55879,1.218572
55899,-0.084641
55919,-0.084641
55939,1.218572
55959,-0.084641
55979,1.218572
55999,1.218572
56019,1.218572
56039,-0.084641
56059,-0.084641
56079,-0.084641
56099,-0.084641
56119,-0.084641
56139,-0.084641
56159,-0.084641
56179,-0.084641
56199,0.241292
56219,0.000000
56239,-0.084641
56259,-0.084641
56279,-0.084641
56299,-0.084641
56319,-0.084641
56339,-0.084641
56359,-0.084641
56379,-0.084641
56399,-0.084641
56419,-0.084641
56439,-0.084641
56459,-0.084641
56479,-0.084641
56499,-0.084641
56519,-0.084641
56539,0.431932
56559,-0.084641
56579,-0.084641
56599,-0.084641
56619,-0.084641
56639,-0.084641
56659,-0.084641
56679,0.000000
56699,-0.084641
56719,-0.084641
56739,-0.084641
56759,0.000000
56779,-0.084641
56799,-0.084641
56819,-0.084641
56839,-0.084641
56859,-0.084641
56879,0.431932
56899,-0.084641
56919,1.218572
56939,-0.084641
56959,-0.084641
56979,-0.084641
56999,-0.084641
57019,-0.084641
57039,-0.084641
57059,1.218572
57079,-0.084641
57099,-0.084641
57119,-0.084641
57139,-0.084641
57159,-0.084641
57179,-0.084641
57199,-0.084641
57219,-0.084641
57239,-0.084641
57259,0.000000
57279,-0.084641
57299,-0.084641
57319,-0.084641
57339,-0.084641
57359,-0.084641
57379,0.000000
57399,-0.084641
57419,-0.084641
57439,0.000000
57459,-0.084641
57479,-0.084641
57499,1.218572
57519,1.218572
57539,1.218572
57559,-0.084641
57579,-0.084641
57599,-0.084641
57619,-0.084641
57639,0.000000
57659,-0.084641
57679,-0.084641
57699,-0.084641
57719,-0.084641
57739,-0.084641
57759,-0.084641
57779,0.000000
57799,0.241292
57819,-0.084641
57839,1.218572
57859,-0.084641
57879,-0.084641
57899,-0.084641
57919,1.218572
57939,1.218572
57959,-0.084641
57979,-0.084641
57999,-0.084641
58019,-0.084641
58039,-0.084641
58059,-0.084641
58079,-0.084641
58099,-0.084641
58119,-0.084641
58139,-0.084641
58159,-0.084641
58179,0.241292
58199,-0.084641
58219,-0.084641
58239,-0.084641
58259,-0.084641
58279,-0.084641
58299,-0.084641
58319,0.000000
58339,1.218572
58359,1.218572
58379,1.218572
58399,-0.084641
58419,-0.084641
58439,-0.084641
58459,1.199480
58479,-0.084641
58499,0.342778
58519,1.218572
58539,-0.084641
58559,-0.084641
58579,-0.084641
58599,-0.084641
58619,-0.084641
58639,-0.084641
58659,-0.084641
58679,-0.084641
58699,-0.084641
58719,-0.084641
58739,-0.084641
58759,-0.084641
58779,-0.084641
58799,-0.084641
58819,-0.084641
58839,-0.084641
58859,-0.084641
58879,-0.084641
58899,-0.084641
58919,-0.084641
58939,-0.084641
58959,-0.084641
58979,-0.084641
58999,-0.036881
59019,-0.084641
59039,-0.084641
59059,-0.084641
59079,0.000000
59099,-0.084641
59119,-0.084641
59139,-0.084641
59159,-0.084641
59179,-0.084641
59199,-0.084641
59219,-0.084641
59239,1.218572
59259,-0.084641
59279,-0.084641
59299,0.000000
59319,-0.084641
59339,-0.084641
59359,-0.084641
59379,-0.084641
59399,-0.084641
59419,-0.084641
59439,-0.084641
59459,-0.084641
59479,-0.084641
59499,-0.084641
59519,-0.084641
59539,-0.084641
59559,-0.084641
59579,0.000000
59599,-0.084641
59619,-0.084641
59639,-0.084641
59659,-0.084641
59679,-0.084641
59699,0.000000
59719,-0.084641
59739,-0.084641
59759,-0.084641
59779,-0.084641
59799,-0.084641
59819,-0.084641
59839,-0.084641
59859,-0.084641
59879,-0.084641
59899,-0.084641
59919,-0.084641
59939,0.000000
59959,-0.084641
59979,0.241292
59999,-0.084641
60019,-0.084641
60039,-0.084641
60059,0.000000
60079,0.000000
60099,-0.084641
60119,1.218572
60139,1.218572
60159,1.218572
60179,-0.084641
60199,-0.084641
60219,-0.084641
60239,-0.084641
60259,-0.084641
60279,0.000000
60299,-0.084641
60319,-0.084641
60339,-0.084641
60359,-0.084641
60379,-0.084641
60399,-0.084641
60419,-0.084641
60439,-0.084641
60459,0.000000
60479,0.241292
60499,-0.084641
60519,-0.084641
60539,-0.084641
60559,-0.084641
60579,-0.084641
60599,-0.084641
60619,-0.084641
60639,-0.084641
60659,-0.084641
60679,-0.084641
60699,-0.084641
60719,-0.084641
60739,-0.084641
60759,-0.084641
60779,-0.084641
60799,-0.084641
60819,0.000000
60839,-0.084641
60859,-0.084641
60879,-0.084641
60899,0.241292
60919,-0.084641
60939,0.241292
60959,-0.084641
60979,-0.084641
60999,-0.084641
61019,-0.084641
61039,-0.084641
61059,-0.084641
61079,-0.084641
61099,-0.084641
61119,-0.084641
61139,-0.084641
61159,-0.084641
61179,-0.084641
61199,0.000000
61219,-0.084641
61239,-0.084641
61259,1.218572
61279,-0.084641
61299,1.218572
61319,1.218572
61339,-0.084641
61359,-0.084641
61379,-0.084641
61399,-0.084641
61419,-0.084641
61439,-0.084641
61459,-0.084641
61479,-0.084641
61499,-0.084641
61519,-0.084641
61539,-0.084641
61559,0.000000
61579,-0.084641
61599,-0.084641
61619,0.000000
61639,-0.084641
61659,-0.084641
61679,-0.084641
61699,-0.084641
61719,-0.084641
61739,-0.084641
61759,0.000000
61779,0.241292
61799,-0.084641
61819,-0.084641
61839,-0.084641
61859,0.000000
61879,0.241292
61899,-0.084641
61919,-0.084641
61939,-0.084641
61959,-0.084641
61979,-0.084641
61999,-0.084641
62019,-0.084641
62039,1.218572
62059,1.218572
62079,1.218572
62099,-0.084641
62119,1.218572
62139,-0.084641
62159,-0.084641
62179,-0.084641
62199,0.241292
62219,-0.084641
62239,-0.084641
62259,-0.084641
62279,-0.084641
62299,-0.084641
62319,-0.084641
62339,-0.084641
62359,-0.084641
62379,-0.084641
62399,-0.084641
62419,-0.084641
62439,-0.084641
62459,-0.084641
62479,-0.084641
62499,-0.084641
62519,-0.084641
62539,-0.084641
62559,-0.084641
62579,0.000000
62599,-0.084641
62619,-0.084641
62639,-0.084641
62659,-0.084641
62679,-0.084641
62699,-0.084641
62719,-0.084641
62739,-0.084641
62759,0.000000
62779,-0.084641
62799,-0.084641
62819,-0.084641
62839,-0.084641
62859,0.345210
62879,-0.084641
62899,-0.084641
62919,-0.084641
62939,-0.084641
62959,-0.084641
62979,-0.084641
62999,0.000000
63019,-0.084641
63039,-0.084641
63059,-0.084641
63079,-0.084641
63099,0.000000
63119,-0.084641
63139,-0.084641
63159,-0.084641
63179,1.218572
63199,-0.084641
63219,0.000000
63239,0.241292
63259,-0.084641
63279,-0.084641
63299,-0.084641
63319,0.000000
63339,-0.084641
63359,-0.084641
63379,-0.084641
63399,-0.084641
63419,-0.084641
63439,-0.084641
63459,-0.084641
63479,-0.084641
63499,-0.084641
63519,0.241292
63539,-0.084641
63559,-0.084641
63579,-0.084641
63599,-0.084641
63619,-0.084641
63639,0.000000
63659,-0.084641
63679,-0.084641
63699,0.000000
63719,-0.084641
63739,-0.084641
63759,-0.084641
63779,-0.084641
63799,-0.084641
63819,-0.084641
63839,-0.084641
63859,-0.084641
63879,-0.084641
63899,0.241292
63919,-0.084641
63939,-0.084641
63959,-0.084641
63979,1.218572
63999,-0.084641
64019,1.218572
64039,1.218572
64059,1.218572
64079,1.218572
64099,-0.084641
64119,-0.084641
64139,1.218572
64159,1.218572
64179,-0.084641
64199,-0.084641
64219,0.000000
64239,-0.084641
64259,0.241292
64279,-0.084641
64299,-0.084641
64319,-0.084641
64339,-0.084641
64359,-0.084641
64379,-0.084641
64399,-0.084641
64419,-0.084641
64439,0.431932
64459,0.000000
64479,-0.084641
64499,-0.084641
64519,-0.084641
64539,-0.084641
64559,-0.084641
64579,-0.084641
64599,-0.084641
64619,-0.084641
64639,-0.084641
64659,-0.084641
64679,-0.084641
64699,-0.084641
64719,-0.084641
64739,-0.084641
64759,-0.084641
64779,-0.084641
64799,0.000000
64819,-0.084641
64839,-0.084641
64859,-0.084641
64879,-0.084641
64899,1.218572
64919,1.218572
64939,-0.084641
64959,-0.084641
64979,-0.084641
64999,-0.084641
65019,-0.084641
65039,1.218572
65059,1.218572
65079,-0.084641
65099,-0.084641
65119,-0.084641
65139,-0.084641
65159,-0.084641
65179,1.218572
65199,1.218572
65219,-0.084641
65239,-0.084641
65259,-0.084641
65279,-0.084641
65299,-0.084641
65319,-0.084641
65339,0.000000
65359,0.000000
65379,-0.084641
65399,1.218572
65419,1.218572
65439,-0.084641
65459,-0.084641
65479,-0.084641
65499,-0.084641
65519,-0.084641
65539,-0.084641
65559,-0.084641
65579,0.000000
65599,-0.084641
65619,-0.084641
65639,-0.084641
65659,-0.084641
65679,-0.084641
65699,-0.084641
65719,-0.084641
65739,-0.084641
65759,-0.084641
65779,-0.084641
65799,-0.084641
65819,-0.084641
65839,-0.084641
65859,-0.084641
65879,-0.084641
65899,0.000000
65919,1.218572
65939,-0.084641
65959,-0.084641
65979,0.000000
65999,1.218572
66019,-0.084641
66039,-0.084641
66059,-0.084641
66079,-0.084641
66099,1.218572
66119,-0.084641
66139,-0.084641
66159,-0.084641
66179,-0.084641
66199,-0.084641
66219,-0.084641
66239,-0.084641
66259,-0.084641
66279,-0.084641
66299,-0.084641
66319,-0.084641
66339,-0.084641
66359,-0.084641
66379,-0.084641
66399,-0.084641
66419,-0.084641
66439,-0.084641
66459,-0.084641
66479,-0.084641
66499,0.241292
66519,-0.084641
66539,-0.084641
66559,-0.084641
66579,-0.084641
66599,-0.084641
66619,-0.084641
66639,-0.084641
66659,-0.084641
66679,-0.084641
66699,0.241292
66719,-0.084641
66739,1.218572
66759,1.218572
66779,1.218572
66799,1.218572
66819,-0.084641
66839,1.199480
66859,1.199480
66879,-0.084641
66899,-0.084641
66919,-0.084641
66939,1.218572
66959,-0.084641
66979,-0.084641
66999,-0.084641
67019,-0.084641
67039,-0.084641
67059,-0.084641
67079,0.000000
67099,-0.084641
67119,-0.084641
67139,0.431932
67159,-0.084641
67179,-0.084641
67199,-0.084641
67219,-0.084641
67239,-0.084641
67259,-0.084641
67279,0.000000
67299,-0.084641
67319,-0.084641
67339,0.000000
67359,-0.084641
67379,-0.084641
67399,-0.084641
67419,0.000000
67439,1.218572
67459,1.218572
67479,1.218572
67499,-0.084641
67519,-0.084641
67539,-0.084641
67559,-0.084641
67579,0.000000
67599,-0.084641
67619,-0.084641
67639,-0.084641
67659,-0.084641
67679,-0.084641
67699,0.000000
67719,-0.084641
67739,-0.084641
67759,1.218572
67779,-0.084641
67799,0.241292
67819,-0.084641
67839,-0.084641
67859,-0.084641
67879,-0.084641
67899,-0.084641
67919,0.431932
67939,-0.084641
67959,-0.084641
67979,0.000000
67999,1.218572
68019,-0.084641
68039,-0.084641
68059,1.199480
68079,-0.084641
68099,0.241292
68119,-0.084641
68139,-0.084641
68159,-0.084641
68179,-0.084641
68199,-0.084641
68219,-0.084641
68239,-0.084641
68259,0.431932
68279,-0.084641
68299,-0.084641
68319,-0.084641
68339,-0.084641
68359,-0.084641
68379,0.000000
68399,-0.084641
68419,-0.084641
68439,-0.084641
68459,0.241292
68479,-0.084641
68499,-0.084641
68519,-0.084641
68539,-0.084641
68559,0.241292
68579,0.241292
68599,-0.084641
68619,-0.084641
68639,-0.084641
68659,-0.084641
68679,-0.084641
68699,-0.084641
68719,-0.084641
68739,-0.084641
68759,0.000000
68779,-0.084641
68799,-0.084641
68819,-0.084641
68839,1.218572
68859,-0.084641
68879,-0.084641
68899,0.000000
68919,-0.084641
68939,-0.084641
68959,-0.084641
68979,-0.084641
68999,-0.084641
69019,-0.084641
69039,-0.084641
69059,-0.084641
69079,0.000000
69099,-0.084641
69119,-0.084641
69139,-0.084641
69159,0.000000
69179,-0.084641
69199,-0.084641
69219,-0.084641
69239,-0.084641
69259,-0.084641
69279,-0.084641
69299,-0.084641
69319,-0.084641
69339,-0.084641
69359,-0.084641
69379,-0.084641
69399,0.000000
69419,-0.084641
69439,-0.084641
69459,-0.084641
69479,-0.084641
69499,1.218572
69519,0.000000
69539,-0.084641
69559,1.218572
69579,-0.084641
69599,-0.084641
69619,-0.084641
69639,-0.084641
69659,-0.084641
69679,-0.084641
69699,-0.084641
69719,1.218572
69739,1.218572
69759,-0.084641
69779,-0.084641
69799,0.241292
69819,-0.084641
69839,-0.084641
69859,-0.084641
69879,1.199480
69899,1.218572
69919,-0.084641
69939,-0.084641
69959,-0.084641
69979,-0.084641
69999,-0.084641
70019,-0.084641
70039,0.431932
70059,0.000000
70079,-0.084641
70099,-0.084641
70119,-0.084641
70139,-0.084641
70159,-0.084641
70179,-0.084641
70199,-0.084641
70219,-0.084641
70239,-0.084641
70259,-0.084641
70279,-0.084641
70299,-0.084641
70319,-0.084641
70339,-0.084641
70359,-0.084641
70379,-42.615851
70399,0.431932
70419,-0.084641
70439,-0.084641
70459,-0.084641
70479,-0.084641
70499,-0.084641
70519,-0.084641
70539,-0.084641
70559,-0.084641
70579,-0.084641
70599,-0.084641
70619,0.241292
70639,1.218572
70659,-0.084641
70679,-0.084641
70699,-0.168221
70719,-0.084641
70739,-0.084641
70759,-0.084641
70779,-0.084641
70799,-0.084641
70819,-0.084641
70839,0.000000
70859,-6.444422
70879,-0.084641
70899,-0.084641
70919,-0.084641
70939,-0.084641
70959,-0.084641
70979,-0.084641
70999,-0.084641
71019,-0.084641
71039,-0.084641
71059,-0.084641
71079,-0.084641
71099,-0.084641
71119,-0.084641
71139,-0.084641
71159,-0.084641
71179,-0.084641
71199,-0.084641
71219,-0.084641
71239,-0.084641
71259,-0.084641
71279,-0.084641
71299,-0.084641
71319,-0.084641
71339,0.241292
71359,-0.084641
71379,-0.084641
71399,1.218572
71419,1.218572
71439,-0.084641
71459,-0.084641
71479,-0.084641
71499,-0.084641
71519,-0.084641
71539,1.218572
71559,-0.084641
71579,-0.084641
71599,-0.084641
71619,-0.084641
71639,-0.084641
71659,-0.084641
71679,0.241292
71699,-0.084641
71719,-0.084641
71739,-0.084641
71759,-0.084641
71779,-0.084641
71799,-0.084641
71819,-0.084641
71839,-0.084641
71859,-0.084641
71879,-0.084641
71899,-0.084641
71919,-0.084641
71939,0.000000
71959,1.218572
71979,-0.084641
71999,-0.084641
72019,-0.084641
72039,1.218572
72059,-0.084641
72079,1.218572
72099,-0.084641
72119,1.218572
72139,-0.084641
72159,-0.084641
72179,-0.084641
72199,-0.084641
72219,-0.084641
72239,1.218572
72259,1.218572
72279,-0.084641
72299,-0.084641
72319,-0.084641
72339,-0.084641
72359,-0.084641
72379,-0.084641
72399,0.431932
72419,-0.084641
72439,-0.084641
72459,-0.084641
72479,0.431932
72499,-0.084641
72519,-0.084641
72539,-0.084641
72559,-0.084641
72579,-0.084641
72599,0.241292
72619,-0.084641
72639,-0.084641
72659,-0.084641
72679,0.000000
72699,1.218572
72719,-0.084641
72739,-0.084641
72759,-0.084641
72779,-0.084641
72799,-0.084641
72819,-0.084641
72839,-0.084641
72859,-0.084641
72879,-0.084641
72899,-0.084641
72919,-0.084641
72939,-0.084641
72959,0.241292
72979,-0.084641
72999,-0.084641
73019,-0.084641
73039,-0.084641
73059,-0.084641
73079,-0.084641
73099,-0.084641
73119,-0.084641
73139,0.000000
73159,-0.084641
73179,0.000000
73199,-0.084641
73219,-0.084641
73239,-0.084641
73259,-0.084641
73279,0.000000
73299,-0.084641
73319,-0.084641
73339,-0.084641
73359,0.241292
73379,-0.084641
73399,-0.084641
73419,-0.084641
73439,-0.084641
73459,-0.084641
73479,0.000000
73499,-0.084641
73519,-0.084641
73539,-0.084641
73559,-0.084641
73579,-0.084641
73599,-0.084641
73619,-0.084641
73639,-0.084641
73659,-0.084641
73679,-0.084641
73699,0.000000
73719,-0.084641
73739,-0.084641
73759,-0.084641
73779,-0.084641
73799,-0.084641
73819,0.000000
73839,-0.084641
73859,1.218572
73879,1.218572
73899,-0.084641
73919,1.218572
73939,-0.084641
73959,-0.084641
73979,-0.084641
73999,-0.084641
74019,-0.084641
74039,-0.084641
74059,-0.084641
74079,-0.084641
74099,0.000000
74119,0.241292
74139,-0.084641
74159,-0.084641
74179,-0.084641
74199,-0.084641
74219,-0.084641
74239,-0.084641
74259,-0.084641
74279,-0.084641
74299,-0.084641
74319,-0.084641
74339,-0.084641
74359,-0.084641
74379,-0.084641
74399,-0.084641
74419,-0.084641
74439,0.431932
74459,-0.084641
74479,-0.084641
74499,-0.084641
74519,-0.084641
74539,0.431932
74559,-0.084641
74579,0.241292
74599,-0.084641
74619,-0.084641
74639,-0.084641
74659,-0.084641
74679,0.000000
74699,-0.084641
74719,-0.084641
74739,-0.084641
74759,-0.084641
74779,-0.084641
74799,-0.084641
74819,0.000000
74839,-0.084641
74859,-0.084641
74879,-0.084641
74899,-0.084641
74919,-0.084641
74939,-0.084641
74959,-0.084641
74979,-0.084641
74999,-0.084641
75019,-0.084641
75039,0.000000
75059,-0.084641
75079,-0.084641
75099,-0.084641
75119,-0.084641
75139,-0.084641
75159,0.241292
75179,0.241292
75199,0.241292
75219,-0.084641
75239,-0.084641
75259,0.000000
75279,-0.084641
75299,-0.084641
75319,-0.084641
75339,-0.084641
75359,-0.084641
75379,-0.084641
75399,-0.084641
75419,-0.084641
75439,-0.084641
75459,0.821109
75479,-0.084641
75499,-0.084641
75519,0.431932
75539,-0.084641
75559,-0.084641
75579,0.235007
75599,-0.084641
75619,-0.084641
75639,-1.144279
75659,-0.084641
75679,-0.084641
75699,-1.504097
75719,-1.518361
75739,-0.158263
75759,0.821109
75779,0.342778
75799,0.342778
75819,-0.084641
75839,1.218572
75859,1.199480
75879,1.199480
75899,0.342778
75919,0.241292
75939,-0.084641
75959,-0.084641
75979,0.241292
75999,-0.084641
76019,-0.084641
76039,-0.084641
76059,-0.084641
76079,0.000000
76099,-0.084641
76119,1.199480
76139,-0.084641
76159,-0.084641
76179,1.218572
76199,1.218572
76219,-0.084641
76239,-0.084641
76259,-0.084641
76279,-0.084641
76299,-0.084641
76319,-0.084641
76339,-0.084641
76359,-0.084641
76379,-0.084641
76399,-0.084641
76419,-0.084641
76439,1.218572
76459,-0.084641
76479,-0.084641
76499,-0.084641
76519,-0.084641
76539,-0.084641
76559,-0.084641
76579,-0.084641
76599,-0.084641
76619,-0.084641
76639,-0.084641
76659,-0.084641
76679,-0.084641
76699,-0.084641
76719,-0.084641
76739,-0.084641
76759,-0.084641
76779,-0.084641
76799,-0.084641
76819,-0.084641
76839,-0.084641
76859,-0.084641
76879,-0.084641
76899,-0.084641
76919,-0.084641
76939,-0.084641
76959,-0.084641
76979,-0.084641
76999,0.000000
77019,-0.084641
77039,-0.084641
77059,-0.084641
77079,-0.084641
77099,-0.084641
77119,0.000000
77139,0.000000
77159,-0.084641
77179,0.000000
77199,-0.084641
77219,-0.084641
77239,-0.084641
77259,1.218572
77279,-0.084641
77299,-0.084641
77319,-0.084641
77339,-0.084641
77359,-0.084641
77379,-0.084641
77399,-0.084641
77419,-0.084641
77439,-0.084641
77459,-0.084641
77479,-0.084641
77499,-0.084641
77519,-0.084641
77539,-0.084641
77559,-0.084641
77579,-0.084641
77599,-0.084641
77619,-0.084641
77639,-0.084641
77659,0.241292
77679,-0.084641
77699,-0.084641
77719,-0.084641
77739,-0.084641
77759,-0.084641
77779,-0.084641
77799,-0.084641
77819,-0.084641
77839,-0.084641
77859,-0.084641
77879,-0.084641
77899,-0.084641
77919,-0.084641
77939,-0.084641
77959,-0.084641
77979,-0.084641
77999,-0.084641
78019,-0.084641
78039,-0.084641
78059,-0.084641
78079,-0.084641
78099,1.218572
78119,-0.084641
78139,0.000000
78159,1.218572
78179,-0.084641
78199,-0.084641
78219,-0.084641
78239,1.218572
78259,-0.084641
78279,-0.084641
78299,-0.084641
78319,-0.084641
78339,-0.084641
78359,-0.084641
78379,-0.084641
78399,1.218572
78419,-0.084641
78439,-0.084641
78459,0.000000
78479,-0.084641
78499,-0.084641
78519,-0.084641
78539,0.000000
78559,-0.084641
78579,-0.084641
78599,-0.084641
78619,-0.084641
78639,-0.084641
78659,-0.084641
78679,-0.084641
78699,-0.084641
78719,-0.084641
78739,-0.084641
78759,-0.084641
78779,-0.084641
78799,-0.084641
78819,-0.084641
78839,0.000000
78859,0.241292
78879,-0.084641
78899,-0.084641
78919,-0.084641
78939,-0.084641
78959,-0.084641
78979,-0.084641
78999,-0.084641
79019,0.431932
79039,-0.084641
79059,-0.084641
79079,-0.084641
79099,-0.084641
79119,1.218572
79139,1.218572
79159,-0.084641
79179,-0.084641
79199,-0.084641
79219,-0.084641
79239,-0.084641
79259,-0.084641
79279,-0.084641
79299,-0.084641
79319,-0.084641
79339,-0.084641
79359,-0.084641
79379,-0.084641
79399,-0.084641
79419,0.241292
79439,-0.084641
79459,-0.084641
79479,0.000000
79499,-0.084641
79519,-0.084641
79539,-0.084641
79559,-0.084641
79579,-0.084641
79599,-0.084641
79619,0.000000
79639,-0.084641
79659,-0.084641
79679,-0.084641
79699,-0.084641
79719,-0.084641
79739,-0.084641
79759,-0.084641
79779,-0.084641
79799,-0.084641
79819,-0.084641
79839,-0.084641
79859,-0.084641
79879,-0.084641
79899,-0.084641
79919,0.000000
79939,-0.084641
79959,-0.084641
79979,-0.084641
79999,-0.084641
80019,-0.084641
80039,-0.084641
80059,-0.084641
80079,-0.084641
80099,-0.084641
80119,0.000000
80139,-0.084641
80159,0.000000
80179,-0.084641
80199,-0.084641
80219,-0.084641
80239,-0.084641
80259,-0.084641
80279,0.000000
80299,-0.084641
80319,-0.084641
80339,-0.084641
80359,-0.084641
80379,-0.084641
80399,-0.084641
80419,-0.084641
80439,0.000000
80459,-0.084641
80479,-0.084641
80499,-0.084641
80519,-0.084641
80539,-0.084641
80559,-0.084641
80579,-0.084641
80599,-0.084641
80619,-0.084641
80639,-0.084641
80659,-0.084641
80679,-0.084641
80699,-0.084641
80719,0.000000
80739,-0.084641
80759,1.218572
80779,-0.084641
80799,-0.084641
80819,0.000000
80839,1.218572
80859,-0.084641
80879,-0.084641
80899,-0.084641
80919,-0.084641
80939,-0.084641
80959,0.000000
80979,-0.084641
80999,-0.084641
81019,-0.084641
81039,-0.084641
81059,-0.084641
81079,1.218572
81099,1.218572
81119,-0.084641
81139,-0.084641
81159,-0.084641
81179,-0.084641
81199,-0.084641
81219,-0.084641
81239,-0.084641
81259,-0.084641
81279,-0.084641
81299,0.241292
81319,-0.084641
81339,-0.084641
81359,-0.084641
81379,-0.084641
81399,-0.084641
81419,-0.084641
81439,-0.084641
81459,-0.084641
81479,0.000000
81499,-0.084641
81519,-0.084641
81539,-0.084641
81559,-0.084641
81579,-0.084641
81599,-0.084641
81619,-0.084641
81639,-0.084641
81659,-0.084641
81679,-0.084641
81699,-0.084641
81719,-0.084641
81739,-0.084641
81759,-0.084641
81779,-0.084641
81799,-0.084641
81819,-0.084641
81839,-0.084641
81859,-0.084641
81879,-0.084641
81899,-0.084641
81919,-0.084641
81939,-0.084641
81959,-0.084641
81979,-0.084641
81999,0.538779
82019,-0.084641
82039,0.000000
82059,0.241292
82079,-0.084641
82099,-0.084641
82119,-0.084641
82139,-0.084641
82159,-0.084641
82179,-0.084641
82199,-0.084641
82219,-0.084641
82239,-0.084641
82259,-0.084641
82279,-0.084641
82299,0.000000
82319,0.431932
82339,0.241292
82359,-0.084641
82379,-0.084641
82399,-0.084641
82419,-0.084641
82439,-0.084641
82459,0.431932
82479,-0.084641
82499,1.218572
82519,-0.084641
82539,-0.084641
82559,1.218572
82579,-0.084641
82599,0.000000
82619,-0.084641
82639,-0.084641
82659,-0.084641
82679,-0.084641
82699,-0.084641
82719,-0.084641
82739,-0.084641
82759,-0.084641
82779,-0.084641
82799,0.431932
82819,-0.084641
82839,-0.084641
82859,-0.084641
82879,-0.084641
82899,-0.084641
82919,-0.084641
82939,0.000000
82959,-0.084641
82979,-0.084641
82999,-0.084641
83019,0.000000
83039,-0.084641
83059,-0.084641
83079,-0.084641
83099,-0.084641
83119,-0.084641
83139,-0.084641
83159,-0.084641
83179,-0.084641
83199,0.000000
83219,0.000000
83239,-0.084641
83259,-0.084641
83279,0.241292
83299,0.241292
83319,-0.084641
83339,-0.084641
83359,-0.084641
83379,-0.084641
83399,-0.084641
83419,-0.084641
83439,-0.084641
83459,-0.084641
83479,-0.084641
83499,-0.084641
83519,-0.084641
83539,-0.084641
83559,0.345210
83579,-0.084641
83599,-0.084641
83619,-0.084641
83639,0.000000
83659,-0.084641
83679,0.000000
83699,-0.084641
83719,-0.084641
83739,0.000000
83759,0.241292
83779,-0.084641
83799,-0.084641
83819,-0.084641
83839,-0.084641
83859,-0.084641
83879,-0.084641
83899,-0.084641
83919,-0.084641
83939,-0.084641
83959,-0.084641
83979,-0.084641
83999,-0.084641
84019,-0.084641
84039,-0.084641
84059,-0.084641
84079,-0.084641
84099,-0.084641
84119,-0.084641
84139,-0.084641
84159,-0.084641
84179,-0.084641
84199,-0.084641
84219,-0.084641
84239,-0.084641
84259,-0.084641
84279,-0.084641
84299,-0.084641
84319,-0.084641
84339,-0.084641
84359,-0.084641
84379,-0.084641
84399,-0.084641
84419,-0.084641
84439,-0.084641
84459,-0.084641
84479,-0.084641
84499,-0.084641
84519,-0.084641
84539,-0.084641
84559,0.345210
84579,-0.084641
84599,-0.084641
84619,-0.084641
84639,-0.084641
84659,-0.084641
84679,-0.084641
84699,-0.084641
84719,0.000000
84739,-0.084641
84759,-0.084641
84779,-0.084641
84799,-0.084641
84819,-0.084641
84839,-0.084641
84859,-0.084641
84879,-0.084641
84899,-0.084641
84919,-0.084641
84939,-0.084641
84959,0.000000
84979,-0.084641
84999,-0.084641
85019,-0.084641
85039,-0.084641
85059,-0.084641
85079,-0.084641
85099,-0.084641
85119,-0.084641
85139,-0.084641
85159,-0.084641
85179,-0.084641
85199,-0.084641
85219,-0.084641
85239,-0.084641
85259,-0.084641
85279,-0.084641
85299,-0.084641
85319,-0.084641
85339,-0.084641
85359,-0.084641
85379,-0.084641
85399,-0.084641
85419,-0.084641
85439,0.241292
85459,-0.084641
85479,-0.084641
85499,0.000000
85519,0.000000
85539,-0.084641
85559,-0.084641
85579,-0.084641
85599,-0.084641
85619,-0.084641
85639,0.000000
85659,0.241292
85679,-0.084641
85699,-0.084641
85719,-0.084641
85739,-0.084641
85759,-0.084641
85779,-0.084641
85799,-0.084641
85819,-0.084641
85839,0.781214
85859,-0.084641
85879,-0.084641
85899,-0.084641
85919,-0.084641
85939,-0.084641
85959,-0.084641
85979,-0.084641
85999,-0.084641
86019,0.000000
86039,-0.084641
86059,-0.084641
86079,-0.084641
86099,-0.084641
86119,-0.084641
86139,-0.084641
86159,-0.084641
86179,-0.084641
86199,-0.084641
86219,-0.084641
86239,-0.084641
86259,-0.084641
86279,-0.084641
86299,-0.084641
86319,-0.084641
86339,-0.084641
86359,-0.084641
86379,-0.084641
86399,-0.084641
86419,0.000000
86439,-0.084641
86459,-0.084641
86479,0.000000
86499,-0.084641
86519,-0.084641
86539,-0.084641
86559,0.000000
86579,-0.084641
86599,-0.084641
86619,0.000000
86639,-0.084641
86659,-0.084641
86679,-0.084641
86699,-0.084641
86719,0.000000
86739,-0.084641
86759,-0.084641
86779,-0.084641
86799,-0.084641
86819,-0.084641
86839,-0.084641
86859,-0.084641
86879,-0.084641
86899,0.000000
86919,-0.084641
86939,-0.084641
86959,-0.084641
86979,-0.084641
86999,-0.084641
87019,-0.084641
87039,1.218572
87059,1.218572
87079,-0.084641
87099,-0.084641
87119,-0.084641
87139,-0.084641
87159,-0.084641
87179,-0.084641
87199,-0.084641
87219,-0.084641
87239,-0.084641
87259,1.218572
87279,-0.084641
87299,0.000000
87319,-0.084641
87339,1.218572
87359,-0.084641
87379,-0.084641
87399,-0.084641
87419,-0.084641
87439,-0.084641
87459,-0.084641
87479,-0.084641
87499,0.000000
87519,-0.084641
87539,-0.084641
87559,-0.168221
87579,-0.084641
87599,0.059660
87619,-0.084641
87639,-0.084641
87659,-0.084641
87679,-0.084641
87699,-0.084641
87719,0.000000
87739,-0.084641
87759,-0.084641
87779,-0.084641
87799,-0.084641
87819,-0.084641
87839,0.000000
87859,-0.084641
87879,-0.084641
87899,-0.084641
87919,-0.084641
87939,-0.084641
87959,-0.084641
87979,-0.084641
87999,-0.084641
88019,0.000000
88039,-0.084641
88059,-0.084641
88079,-0.084641
88099,-0.084641
88119,-0.084641
88139,0.000000
88159,-0.084641
88179,-0.084641
88199,-0.084641
88219,-0.084641
88239,-0.084641
88259,-0.084641
88279,-0.084641
88299,-0.084641
88319,-0.084641
88339,-0.084641
88359,0.000000
88379,1.218572
88399,1.218572
88419,-0.084641
88439,-0.084641
88459,-0.084641
88479,-0.084641
88499,0.000000
88519,1.218572
88539,-0.084641
88559,-0.084641
88579,-0.084641
88599,-0.084641
88619,-0.084641
88639,-0.084641
88659,-0.084641
88679,-0.084641
88699,-0.084641
88719,-0.084641
88739,-0.084641
88759,-0.084641
88779,-0.084641
88799,-0.084641
88819,-0.084641
88839,-0.084641
88859,-0.084641
88879,-0.084641
88899,-0.084641
88919,-0.084641
88939,-0.084641
88959,-0.084641
88979,-0.084641
88999,-0.084641
89019,-0.084641
89039,-0.084641
89059,-0.084641
89079,-0.084641
89099,0.000000
89119,-0.084641
89139,-0.084641
89159,-0.084641
89179,-0.084641
89199,-0.084641
89219,-0.084641
89239,-0.084641
89259,-0.084641
89279,-0.084641
89299,-0.084641
89319,-0.084641
89339,-0.084641
89359,0.000000
89379,-0.084641
89399,-0.084641
89419,0.000000
89439,-0.084641
89459,-0.084641
89479,-0.084641
89499,-0.084641
89519,1.218572
89539,0.634255
89559,1.218572
89579,-0.084641
89599,-0.084641
89619,0.000000
89639,-0.084641
89659,-0.084641
89679,-0.084641
89699,-0.084641
89719,-0.084641
89739,-0.084641
89759,0.241292
89779,-0.084641
89799,-0.084641
89819,1.218572
89839,-0.084641
89859,-0.084641
89879,0.191775
89899,-0.084641
89919,0.191775
89939,-0.084641
89959,-0.084641
89979,-0.084641
89999,-0.084641
90019,-0.084641
90039,-0.084641
90059,-0.084641
90079,-0.084641
90099,-0.084641
90119,-0.084641
90139,-0.084641
90159,-0.084641
90179,-0.084641
90199,-0.084641
90219,-0.084641
90239,0.000000
90259,-0.084641
90279,-0.084641
90299,-0.084641
90319,-0.084641
90339,-0.084641
90359,0.000000
90379,-0.084641
90399,-0.084641
90419,-0.084641
90439,-0.084641
90459,-0.084641
90479,0.000000
90499,-0.084641
90519,-0.084641
90539,-0.084641
90559,0.000000
90579,-0.084641
90599,-0.084641
90619,-0.084641
90639,-0.084641
90659,-0.084641
90679,-0.084641
90699,1.218572
90719,-0.084641
90739,-0.084641
90759,-0.084641
90779,-0.084641
90799,-0.084641
90819,-0.084641
90839,-0.084641
90859,-0.084641
90879,-0.084641
90899,0.000000
90919,0.000000
90939,-0.084641
90959,-0.084641
90979,-0.084641
90999,-0.084641
91019,-0.084641
91039,-0.084641
91059,-0.084641
91079,-0.084641
91099,-0.084641
91119,-0.084641
91139,-0.084641
91159,-0.084641
91179,-0.084641
91199,-0.084641
91219,0.000000
91239,-0.084641
91259,-0.084641
91279,0.000000
91299,0.000000
91319,1.218572
91339,-0.084641
91359,-0.084641
91379,-0.084641
91399,-0.084641
91419,-0.084641
91439,-0.084641
91459,-0.084641
91479,-0.084641
91499,0.000000
91519,0.431932
91539,-0.084641
91559,-0.084641
91579,-0.084641
91599,-0.084641
91619,-0.084641
91639,-0.084641
91659,-0.084641
91679,-0.084641
91699,-0.084641
91719,-0.084641
91739,-0.084641
91759,0.000000
91779,-0.084641
91799,-0.084641
91819,-0.084641
91839,-0.084641
91859,0.000000
91879,-0.084641
91899,-0.084641
91919,-0.084641
91939,-0.084641
91959,1.218572
91979,-0.084641
91999,-0.084641
92019,-0.084641
92039,-0.084641
92059,-0.084641
92079,-0.084641
92099,0.000000
92119,-0.084641
92139,-0.084641
92159,-0.084641
92179,-0.084641
92199,-0.084641
92219,0.949366
92239,0.949366
92259,0.949366
92279,-0.084641
92299,-0.084641
92319,0.634255
92339,-0.084641
92359,-0.084641
92379,-0.084641
92399,-0.084641
92419,-0.084641
92439,-0.084641
92459,-0.084641
92479,0.000000
92499,0.241292
92519,-0.084641
92539,-0.084641
92559,-0.084641
92579,-0.084641
92599,-0.084641
92619,0.431932
92639,-0.084641
92659,-0.084641
92679,-0.084641
92699,-0.084641
92719,-0.084641
92739,-0.084641
92759,-0.084641
92779,-0.084641
92799,-0.084641
92819,-0.084641
92839,0.000000
92859,-0.084641
92879,-0.084641
92899,-0.084641
92919,-0.084641
92939,-0.084641
92959,-0.084641
92979,-0.084641
92999,0.000000
93019,-0.084641
93039,-0.084641
93059,-0.084641
93079,-0.084641
93099,0.000000
93119,0.241292
93139,-0.084641
93159,-0.084641
93179,-0.084641
93199,-0.084641
93219,0.000000
93239,-0.084641
93259,-0.084641
93279,-0.084641
93299,-0.084641
93319,-0.084641
93339,-0.084641
93359,-0.084641
93379,0.000000
93399,-0.084641
93419,-0.084641
93439,-0.084641
93459,-0.084641
93479,-0.084641
93499,0.241292
93519,-0.084641
93539,-0.084641
93559,-0.084641
93579,-0.084641
93599,-0.084641
93619,-0.084641
93639,-0.084641
93659,-0.084641
93679,-0.084641
93699,-0.084641
93719,-0.084641
93739,-0.084641
93759,-0.084641
93779,-0.084641
93799,-0.084641
93819,-0.084641
93839,-0.084641
93859,-0.084641
93879,0.000000
93899,-0.084641
93919,-0.084641
93939,-0.084641
93959,-0.084641
93979,-0.084641
93999,-0.084641
94019,-0.084641
94039,1.218572
94059,-0.084641
94079,-0.084641
94099,-0.084641
94119,0.241292
94139,-0.084641
94159,-0.084641
94179,-0.084641
94199,-0.084641
94219,-0.084641
94239,0.000000
94259,-0.084641
94279,-0.084641
94299,-0.084641
94319,1.218572
94339,-0.084641
94359,0.241292
94379,-0.084641
94399,-0.084641
94419,-0.084641
94439,-0.084641
94459,-0.084641
94479,-0.084641
94499,-0.084641
94519,-0.084641
94539,-0.084641
94559,0.000000
94579,-0.084641
94599,-0.084641
94619,-0.084641
94639,-0.084641
94659,-0.084641
94679,-0.084641
94699,-0.084641
94719,-0.084641
94739,-0.084641
94759,-0.084641
94779,-0.084641
94799,-0.084641
94819,-0.084641
94839,-0.084641
94859,-0.084641
94879,-0.084641
94899,-0.084641
94919,0.241292
94939,-0.084641
94959,0.241292
94979,-0.084641
94999,-0.084641
95019,-0.084641
95039,0.000000
95059,-0.084641
95079,0.241292
95099,-0.084641
95119,-0.084641
95139,-0.084641
95159,-0.084641
95179,-0.084641
95199,-0.084641
95219,0.345210
95239,-0.084641
95259,-0.084641
95279,0.241292
95299,-0.084641
95319,-0.084641
95339,-0.084641
95359,-0.084641
95379,-0.084641
95399,0.000000
95419,-0.084641
95439,-0.084641
95459,-0.084641
95479,-0.084641
95499,0.000000
95519,-0.084641
95539,-0.084641
95559,0.241292
95579,-0.084641
95599,-0.084641
95619,-0.084641
95639,-0.084641
95659,-0.084641
95679,-0.084641
95699,-0.084641
95719,-0.084641
95739,-0.084641
95759,-0.084641
95779,-0.084641
95799,-0.084641
95819,0.000000
95839,-0.084641
95859,-0.084641
95879,0.000000
95899,-0.084641
95919,-0.084641
95939,-0.084641
95959,-0.084641
95979,0.241292
95999,-0.084641
96019,-0.084641
96039,-0.084641
96059,-0.084641
96079,-0.084641
96099,-0.084641
96119,-0.084641
96139,-0.084641
96159,0.241292
96179,-0.084641
96199,-0.084641
96219,-0.084641
96239,-0.084641
96259,-0.084641
96279,-0.084641
96299,-0.084641
96319,0.802163
96339,-0.084641
96359,1.218572
96379,1.218572
96399,-0.084641
96419,-0.084641
96439,-0.084641
96459,-0.084641
96479,0.000000
96499,-0.084641
96519,-0.084641
96539,0.000000
96559,-0.084641
96579,-0.084641
96599,-0.084641
96619,-0.084641
96639,-0.084641
96659,-0.084641
96679,-0.084641
96699,1.218572
96719,0.041492
96739,1.218572
96759,-0.084641
96779,-0.084641
96799,-0.084641
96819,-0.084641
96839,0.000000
96859,-0.084641
96879,-0.084641
96899,-0.084641
96919,-0.084641
96939,-0.084641
96959,-0.084641
96979,0.000000
96999,0.000000
97019,-0.084641
97039,-0.084641
97059,-0.084641
97079,-0.084641
97099,-0.084641
97119,-0.084641
97139,-0.084641
97159,-0.084641
97179,-0.084641
97199,-0.084641
97219,0.241292
97239,0.949366
97259,-0.084641
97279,-0.084641
97299,-0.084641
97319,-0.084641
97339,-0.084641
97359,-0.084641
97379,-0.084641
97399,0.000000
97419,-0.084641
97439,-0.084641
97459,-0.084641
97479,-0.084641
97499,-0.084641
97519,-0.084641
97539,0.241292
97559,-0.084641
97579,-0.084641
97599,-0.084641
97619,-0.084641
97639,0.000000
97659,-0.084641
97679,-0.084641
97699,0.000000
97719,-0.084641
97739,-0.084641
97759,-0.084641
97779,-0.084641
97799,-0.084641
97819,-0.084641
97839,-0.084641
97859,-0.084641
97879,-0.084641
97899,0.241292
97919,0.241292
97939,-0.084641
97959,0.949366
97979,-0.084641
97999,1.218572
98019,-0.084641
98039,-0.084641
98059,-0.084641
98079,-0.084641
98099,-0.084641
98119,-0.084641
98139,-0.084641
98159,-0.084641
98179,-0.084641
98199,-0.084641
98219,-0.084641
98239,-0.084641
98259,0.000000
98279,-0.084641
98299,1.218572
98319,1.218572
98339,-0.084641
98359,-0.084641
98379,-0.084641
98399,-0.084641
98419,-0.084641
98439,-0.084641
98459,-0.084641
98479,-0.084641
98499,-0.084641
98519,-0.084641
98539,-0.084641
98559,-0.084641
98579,-0.084641
98599,-0.084641
98619,-0.084641
98639,-0.084641
98659,-0.084641
98679,-0.084641
98699,-0.084641
98719,-0.084641
98739,-0.084641
98759,-0.084641
98779,0.000000
98799,-0.084641
98819,-0.084641
98839,-0.084641
98859,0.000000
98879,0.000000
98899,-0.084641
98919,-0.084641
98939,-0.084641
98959,-0.084641
98979,-0.084641
98999,-0.084641
99019,-0.084641
99039,-0.084641
99059,-0.084641
99079,-0.084641
99099,-0.084641
99119,-0.084641
99139,-0.084641
99159,-0.084641
99179,-0.084641
99199,-0.084641
99219,-0.084641
99239,-0.084641
99259,-0.084641
99279,-0.084641
99299,0.241292
99319,-0.084641
99339,-0.084641
99359,-0.084641
99379,-0.084641
99399,-0.084641
99419,-0.084641
99439,-0.084641
99459,-0.084641
99479,-0.084641
99499,0.000000
99519,-0.084641
99539,-0.084641
99559,-0.084641
99579,-0.084641
99599,-0.084641
99619,-0.084641
99639,-0.084641
99659,-0.084641
99679,0.000000
99699,0.000000
99719,-0.084641
99739,0.241292
99759,-0.084641
99779,-0.084641
99799,-0.084641
99819,0.241292
99839,0.000000
99859,-0.084641
99879,0.710375
99899,-0.084641
99919,-0.084641
99939,-0.084641
99959,1.218572
99979,-0.084641
99999,-0.084641
100019,1.218572
100039,0.241292
100059,-0.084641
100079,-0.084641
100099,-0.084641
100119,-0.084641
100139,-0.084641
100159,0.000000
100179,-0.084641
100199,-0.084641
100219,-0.084641
100239,-0.084641
100259,-0.084641
100279,-0.084641
100299,0.000000
100319,-0.084641
100339,-0.084641
100359,-0.084641
100379,1.218572
100399,-0.084641
100419,1.218572
100439,1.218572
100459,-0.168221
100479,-0.084641
100499,-0.084641
100519,-0.084641
100539,-0.084641
100559,-0.084641
100579,-0.084641
100599,-0.084641
100619,0.241292
100639,-0.084641
100659,0.241292
100679,-0.084641
100699,-0.084641
100719,-0.084641
100739,-0.084641
100759,-0.084641
100779,0.000000
100799,0.431932
100819,-0.084641
100839,-0.084641
100859,-0.084641
100879,-0.084641
100899,-0.084641
100919,-0.084641
100939,-0.084641
100959,-0.084641
100979,-0.084641
100999,-0.084641
101019,-0.084641
101039,-0.084641
101059,-0.084641
101079,-0.084641
101099,-0.084641
101119,-0.084641
101139,-0.084641
101159,-0.084641
101179,-0.084641
101199,-0.084641
101219,-0.084641
101239,-0.084641
101259,0.241292
101279,-0.084641
101299,-0.084641
101319,-0.084641
101339,-0.084641
101359,-0.084641
101379,-0.084641
101399,-0.084641
101419,-0.084641
101439,-0.084641
101459,-0.084641
101479,-0.084641
101499,-0.084641
101519,0.241292
101539,-0.084641
101559,-0.084641
101579,-0.084641
101599,-0.084641
101619,-0.084641
101639,-0.084641
101659,-0.084641
101679,-0.084641
101699,0.000000
101719,-0.084641
101739,0.000000
101759,-0.084641
101779,-0.084641
101799,-0.084641
101819,-0.084641
101839,-0.084641
101859,0.241292
101879,-0.084641
101899,-0.084641
101919,-0.084641
101939,-0.084641
101959,-0.084641
101979,-0.084641
101999,-0.084641
102019,-0.084641
102039,-0.084641
102059,-0.084641
102079,-0.084641
102099,-0.084641
102119,0.000000
102139,-0.084641
102159,-0.084641
102179,-0.084641
102199,0.000000
102219,-0.084641
102239,-0.084641
102259,-0.084641
102279,0.241292
102299,-0.084641
102319,-0.084641
102339,-0.084641
102359,-0.084641
102379,-0.084641
102399,-0.084641
102419,-0.084641
102439,-0.554686
102459,-0.084641
102479,-0.084641
102499,-0.084641
102519,-0.084641
102539,0.241292
102559,-0.084641
102579,-0.084641
102599,0.000000
102619,-0.084641
102639,-0.084641
102659,-0.084641
102679,-0.084641
102699,-0.084641
102719,-0.084641
102739,-0.084641
102759,-0.084641
102779,-0.084641
102799,-0.084641
102819,-0.084641
102839,-0.084641
102859,-0.084641
102879,0.000000
102899,-0.084641
102919,-0.084641
102939,-0.084641
102959,-0.084641
102979,-0.084641
102999,-0.084641
103019,-0.084641
103039,0.000000
103059,-0.084641
103079,-0.084641
103099,-0.084641
103119,0.000000
103139,-0.084641
103159,-0.084641
103179,-0.084641
103199,-0.084641
103219,-0.084641
103239,-0.084641
103259,-0.084641
103279,-0.590535
103299,-0.084641
103319,-0.084641
103339,-0.084641
103359,0.000000
103379,-0.084641
103399,-0.084641
103419,-0.084641
103439,0.000000
103459,0.241292
103479,-0.084641
103499,-0.084641
103519,-0.084641
103539,-0.084641
103559,-0.084641
103579,-0.084641
103599,-0.084641
103619,-0.419319
103639,-0.084641
103659,-0.084641
103679,-0.084641
103699,-0.084641
103719,-4.608237
103739,-2.484055
103759,-2.079953
103779,-2.484055
103799,-4.535550
103819,-3.581646
103839,-0.084641
103859,-2.052471
103879,-2.052471
103899,-0.898592
103919,-1.168483
103939,-1.168483
103959,-0.084641
103979,0.241292
103999,-0.084641
104019,-0.084641
104039,-0.084641
104059,-0.084641
104079,0.000000
104099,-0.084641
104119,0.345210
104139,-0.084641
104159,-0.084641
104179,-0.084641
104199,-0.084641
104219,-0.084641
104239,-0.084641
104259,-0.546886
104279,0.515305
104299,-0.546886
104319,-0.546886
104339,-0.084641
104359,-0.084641
104379,-0.084641
104399,-0.084641
104419,-0.084641
104439,-0.084641
104459,0.345210
104479,-0.084641
104499,-0.084641
104519,-0.084641
104539,-0.084641
104559,-0.084641
104579,-0.084641
104599,-0.084641
104619,0.345210
104639,0.241292
104659,-0.084641
104679,-0.084641
104699,-0.084641
104719,-0.084641
104739,0.000000
104759,-0.084641
104779,-0.084641
104799,0.129731
104819,-0.084641
104839,-0.084641
104859,-0.084641
104879,-0.084641
104899,-0.097454
104919,-0.084641
104939,-0.084641
104959,-0.084641
104979,0.129731
104999,1.137682
105019,-0.084641
105039,0.528573
105059,-0.084641
105079,-0.084641
105099,-0.084641
105119,0.000000
105139,0.241292
105159,-0.084641
105179,-0.084641
105199,-0.084641
105219,-0.084641
105239,-0.084641
105259,-0.084641
105279,-0.084641
105299,-0.084641
105319,0.000000
105339,-0.084641
105359,-0.084641
105379,0.000000
105399,-0.084641
105419,-0.084641
105439,-0.084641
105459,-0.084641
105479,-0.084641
105499,-0.084641
105519,-0.084641
105539,-0.084641
105559,-0.084641
105579,-0.084641
105599,-0.084641
105619,-0.084641
105639,-0.084641
105659,-0.084641
105679,-0.084641
105699,-0.084641
105719,0.000000
105739,-0.084641
105759,-0.084641
105779,-0.084641
105799,0.802163
105819,0.802163
105839,-0.084641
105859,-0.084641
105879,-0.084641
105899,0.949366
105919,-0.084641
105939,-0.084641
105959,0.949366
105979,-0.084641
105999,-0.084641
106019,-0.084641
106039,-0.084641
106059,-0.084641
106079,-0.084641
106099,0.000000
106119,0.241292
106139,-0.084641
106159,0.949366
106179,0.949366
106199,-0.084641
106219,-0.084641
106239,-0.084641
106259,-0.084641
106279,-0.084641
106299,-0.084641
106319,-0.084641
106339,-0.084641
106359,0.000000
106379,-0.084641
106399,-0.084641
106419,-0.084641
106439,0.000000
106459,-0.084641
106479,-0.084641
106499,0.000000
106519,-0.084641
106539,0.241292
106559,0.949366
106579,-0.084641
106599,-0.084641
106619,-0.084641
106639,-0.084641
106659,-0.084641
106679,0.000000
106699,-0.084641
106719,-0.084641
106739,0.949366
106759,-0.084641
106779,-0.084641
106799,-0.084641
106819,-0.084641
106839,-0.084641
106859,0.949366
106879,-0.084641
106899,-0.084641
106919,-0.084641
106939,0.241292
106959,-0.084641
106979,-0.084641
106999,0.241292
107019,-0.084641
107039,-0.084641
107059,-0.084641
107079,-0.084641
107099,-0.084641
107119,-0.084641
107139,0.000000
107159,-0.084641
107179,-0.084641
107199,-0.084641
107219,-0.084641
107239,0.345210
107259,-0.084641
107279,-0.084641
107299,-0.084641
107319,-0.084641
107339,0.000000
107359,-0.084641
107379,0.241292
107399,-0.084641
107419,-0.084641
107439,-0.084641
107459,-0.084641
107479,-0.084641
107499,-0.084641
107519,-0.084641
107539,-0.084641
107559,0.000000
107579,-0.084641
107599,-0.084641
107619,-0.084641
107639,-0.084641
107659,0.000000
107679,-0.084641
107699,-0.084641
107719,-0.084641
107739,0.000000
107759,-0.084641
107779,0.000000
107799,-0.084641
107819,-0.084641
107839,-0.084641
107859,-0.084641
107879,-0.084641
107899,-0.084641
107919,-0.084641
107939,-0.084641
107959,-0.084641
107979,-0.084641
107999,-0.084641
108019,-0.084641
108039,-0.084641
108059,-0.084641
108079,-0.084641
108099,-0.084641
108119,-0.084641
108139,-0.084641
108159,0.000000
108179,-0.084641
108199,-0.084641
108219,0.949366
108239,-0.084641
108259,-0.084641
108279,0.949366
108299,-0.084641
108319,-0.084641
108339,-0.084641
108359,-0.084641
108379,-0.084641
108399,0.000000
108419,-0.084641
108439,-0.084641
108459,-0.084641
108479,-0.084641
108499,-0.084641
108519,-0.084641
108539,-0.084641
108559,-0.084641
108579,-0.084641
108599,0.000000
108619,-0.084641
108639,-0.084641
108659,-0.084641
108679,-0.084641
108699,-0.084641
108719,-0.084641
108739,-0.084641
108759,-0.084641
108779,-0.084641
108799,-0.084641
108819,-0.084641
108839,-0.084641
108859,-0.084641
108879,-0.084641
108899,0.000000
108919,0.949366
108939,-0.084641
108959,-0.084641
108979,-0.084641
108999,-0.084641
109019,-0.084641
109039,-0.084641
109059,-0.084641
109079,-0.084641
109099,1.199480
109119,-0.084641
109139,0.342778
109159,-0.084641
109179,0.241292
109199,-0.084641
109219,-0.084641
109239,-0.084641
109259,-0.084641
109279,-0.084641
109299,-0.084641
109319,-0.084641
109339,-0.084641
109359,0.000000
109379,0.000000
109399,-0.084641
109419,-0.084641
109439,-0.084641
109459,-0.084641
109479,-0.084641
109499,-0.084641
109519,-0.084641
109539,-0.084641
109559,-0.084641
109579,-0.084641
109599,-0.084641
109619,-0.084641
109639,0.000000
109659,-2.099537
109679,-0.084641
109699,0.000000
109719,-0.084641
109739,0.241292
109759,-0.084641
109779,-0.084641
109799,-0.084641
109819,1.218572
109839,-0.084641
109859,1.218572
109879,-0.084641
109899,-0.084641
109919,-0.084641
109939,-0.084641
109959,-0.084641
109979,-0.084641
109999,-0.084641
110019,-0.084641
110039,-0.084641
110059,-0.084641
110079,0.000000
110099,-0.084641
110119,-0.084641
110139,0.000000
110159,-0.084641
110179,-0.084641
110199,-0.084641
110219,0.000000
110239,-0.084641
110259,-0.084641
110279,-0.084641
110299,-0.084641
110319,-0.084641
110339,-0.084641
110359,-0.084641
110379,-0.084641
110399,-0.084641
110419,-0.084641
110439,-0.084641
110459,-0.084641
110479,-0.084641
110499,0.241292
110519,-0.084641
110539,-0.084641
110559,-0.084641
110579,-0.084641
110599,0.000000
110619,-0.084641
110639,-0.084641
110659,-0.084641
110679,1.218572
110699,-0.084641
110719,1.218572
110739,1.218572
110759,-0.084641
110779,-0.084641
110799,0.000000
110819,-0.084641
110839,-0.084641
110859,-0.084641
110879,-0.084641
110899,0.000000
110919,-0.084641
110939,-0.084641
110959,-0.084641
110979,-0.084641
110999,-0.084641
111019,-0.084641
111039,-0.084641
111059,-0.084641
111079,0.000000
111099,-0.084641
111119,1.218572
111139,-0.084641
111159,-0.084641
111179,-0.084641
111199,1.218572
111219,0.000000
111239,-0.084641
111259,-0.084641
111279,-0.084641
111299,1.218572
111319,-0.084641
111339,1.218572
111359,-0.084641
111379,-0.084641
111399,-0.084641
111419,-0.084641
111439,1.199480
111459,-0.084641
111479,-0.084641
111499,0.241292
111519,-0.084641
111539,-0.084641
111559,-0.084641
111579,-0.084641
111599,-0.084641
111619,-0.084641
111639,-0.084641
111659,-0.084641
111679,0.000000
111699,-0.084641
111719,-0.084641
111739,-0.084641
111759,-0.084641
111779,-0.084641
111799,-0.084641
111819,-0.084641
111839,-0.084641
111859,-0.084641
111879,-0.084641
111899,0.241292
111919,-0.084641
111939,-0.084641
111959,-0.084641
111979,0.000000
111999,-0.084641
112019,-0.084641
112039,-0.084641
112059,0.000000
112079,-0.084641
112099,-0.084641
112119,0.000000
112139,-0.084641
112159,-0.084641
112179,-0.084641
112199,-0.084641
112219,0.000000
112239,-0.084641
112259,-0.084641
112279,-0.084641
112299,0.000000
112319,-0.084641
112339,-0.084641
112359,-0.084641
112379,-0.084641
112399,-0.084641
112419,-0.084641
112439,-0.084641
112459,-0.084641
112479,-0.084641
112499,-0.084641
112519,-0.084641
112539,-0.084641
112559,0.000000
112579,0.241292
112599,0.241292
112619,-0.084641
112639,-0.084641
112659,-0.084641
112679,-0.084641
112699,-0.084641
112719,-0.084641
112739,-0.084641
112759,-0.084641
112779,1.218572
112799,-0.084641
112819,-0.084641
112839,-0.084641
112859,-0.084641
112879,-0.084641
112899,-0.084641
112919,0.000000
112939,-0.084641
112959,-0.084641
112979,-0.084641
112999,-0.084641
113019,-0.084641
113039,0.000000
113059,1.218572
113079,-0.084641
113099,-0.084641
113119,-0.084641
113139,0.000000
113159,-0.084641
113179,-0.084641
113199,-0.084641
113219,-0.084641
113239,-0.084641
113259,-0.084641
113279,0.000000
113299,-0.084641
113319,-0.084641
113339,-0.084641
113359,-0.084641
113379,-0.084641
113399,-0.084641
113419,-0.084641
113439,0.241292
113459,-0.084641
113479,-0.084641
113499,-0.084641
113519,-0.084641
113539,-0.084641
113559,-0.084641
113579,-0.084641
113599,-0.084641
113619,1.218572
113639,-0.084641
113659,-0.084641
113679,-0.084641
113699,-0.084641
113719,-0.084641
113739,-0.084641
113759,-0.084641
113779,-0.084641
113799,-0.084641
113819,-0.084641
113839,0.000000
113859,-0.084641
113879,-0.084641
113899,-0.084641
113919,-0.084641
113939,-0.084641
113959,-0.084641
113979,-0.084641
113999,1.218572
114019,1.218572
114039,-0.084641
114059,-0.084641
114079,-0.084641
114099,1.218572
114119,-0.084641
114139,-0.084641
114159,-0.084641
114179,-0.084641
114199,-0.084641
114219,-0.084641
114239,-0.084641
114259,-0.084641
114279,-0.084641
114299,-0.084641
114319,-0.084641
114339,-0.084641
114359,-0.084641
114379,-0.084641
114399,0.000000
114419,-0.084641
114439,-0.084641
114459,-0.084641
114479,-0.084641
114499,-0.084641
114519,0.000000
114539,-0.084641
114559,-0.084641
114579,-0.084641
114599,0.000000
114619,-0.084641
114639,0.000000
114659,0.000000
114679,-0.084641
114699,-0.084641
114719,-0.084641
114739,-0.084641
114759,-0.084641
114779,1.218572
114799,1.218572
114819,1.218572
114839,-0.084641
114859,-0.084641
114879,-0.084641
114899,-0.084641
114919,-0.084641
114939,-0.084641
114959,-0.084641
114979,-0.084641
114999,-0.084641
115019,0.241292
115039,-0.084641
115059,-0.084641
115079,-0.084641
115099,-0.084641
115119,-0.084641
115139,-0.084641
115159,-0.084641
115179,-0.084641
115199,-0.084641
115219,-0.084641
115239,-0.084641
115259,0.345210
115279,-0.084641
115299,-0.084641
115319,-0.084641
115339,-0.084641
115359,-0.084641
115379,-0.084641
115399,-0.084641
115419,-0.084641
115439,-0.084641
115459,-0.084641
115479,-0.084641
115499,-0.084641
115519,-0.084641
115539,-0.084641
115559,-0.084641
115579,-0.084641
115599,-0.084641
115619,-0.084641
115639,-0.084641
115659,0.241292
115679,-0.084641
115699,-0.084641
115719,-0.084641
115739,-0.084641
115759,0.000000
115779,0.634255
115799,-0.084641
115819,-0.084641
115839,-0.084641
115859,-0.084641
115879,-0.084641
115899,-0.084641
115919,-0.084641
115939,-0.084641
115959,-0.084641
115979,-0.084641
115999,1.218572
116019,-0.084641
116039,-0.084641
116059,-0.084641
116079,0.000000
116099,-0.084641
116119,-0.084641
116139,0.000000
116159,-0.084641
116179,-0.084641
116199,-0.084641
116219,-0.084641
116239,-0.084641
116259,0.000000
116279,-0.084641
116299,-0.084641
116319,-0.084641
116339,0.000000
116359,-0.084641
116379,-0.084641
116399,-0.084641
116419,-0.084641
116439,0.000000
116459,-0.084641
116479,-0.084641
116499,-0.084641
116519,-0.084641
116539,-0.084641
116559,-0.084641
116579,0.431932
116599,-0.084641
116619,1.218572
116639,-0.084641
116659,-0.084641
116679,-0.084641
116699,-0.084641
116719,-0.084641
116739,1.218572
116759,-0.084641
116779,1.218572
116799,-0.084641
116819,-0.084641
116839,-0.084641
116859,0.651257
116879,-0.084641
116899,-0.084641
116919,-0.084641
116939,-0.084641
116959,-0.084641
116979,0.241292
116999,-0.084641
117019,-0.084641
117039,-0.084641
117059,-0.084641
117079,0.000000
117099,-0.084641
117119,-0.084641
117139,-0.084641
117159,0.000000
117179,-0.084641
117199,0.422124
117219,-0.084641
117239,1.218572
117259,-0.084641
117279,-0.084641
117299,-0.084641
117319,-0.084641
117339,0.000000
117359,-0.084641
117379,-0.084641
117399,-0.084641
117419,-0.084641
117439,-0.084641
117459,0.431932
117479,-0.084641
117499,-0.084641
117519,0.000000
117539,-0.084641
117559,-0.084641
117579,-0.084641
117599,-0.084641
117619,-0.084641
117639,-0.084641
117659,-0.084641
117679,-0.084641
117699,-0.084641
117719,0.241292
117739,-0.084641
117759,-0.084641
117779,-0.084641
117799,-0.084641
117819,-0.084641
117839,-0.084641
117859,-0.084641
117879,-0.084641
117899,0.345210
117919,-0.084641
117939,-0.168221
117959,-0.084641
117979,-0.084641
117999,-0.084641
118019,-0.084641
118039,-0.084641
118059,-0.084641
118079,-0.084641
118099,-0.084641
118119,-0.084641
118139,-0.084641
118159,1.218572
118179,-0.084641
118199,-0.084641
118219,-0.084641
118239,-0.084641
118259,-0.084641
118279,-0.084641
118299,1.218572
118319,1.218572
118339,0.053733
118359,-0.084641
118379,1.218572
118399,-0.084641
118419,-0.084641
118439,1.218572
118459,0.000000
118479,-0.084641
118499,-0.084641
118519,-0.084641
118539,-0.084641
118559,-0.084641
118579,-0.084641
118599,-0.084641
118619,-0.084641
118639,0.000000
118659,-0.084641
118679,-0.084641
118699,-0.084641
118719,-0.084641
118739,-0.084641
118759,-0.084641
118779,-0.084641
118799,-0.084641
118819,-0.084641
118839,0.000000
118859,-0.084641
118879,-0.084641
118899,-0.084641
118919,1.218572
118939,-0.084641
118959,1.218572
118979,1.218572
118999,-0.084641
119019,0.342778
119039,-0.084641
119059,-0.084641
119079,-0.084641
119099,0.241292
119119,-0.084641
119139,-0.084641
119159,-0.084641
119179,-0.084641
119199,-0.084641
119219,-0.084641
119239,0.241292
119259,-0.084641
119279,-0.084641
119299,0.000000
119319,-0.084641
119339,1.218572
119359,1.218572
119379,-0.084641
119399,-0.084641
119419,0.781214
119439,-0.084641
119459,0.241292
119479,1.218572
119499,-0.084641
119519,-0.084641
119539,-0.084641
119559,-0.084641
119579,-0.084641
119599,-0.084641
119619,0.241292
119639,-0.084641
119659,-0.084641
119679,-0.084641
119699,-0.084641
119719,-0.084641
119739,0.241292
119759,-0.084641
119779,-0.084641
119799,-0.084641
119819,-0.084641
119839,-0.084641
119859,-0.084641
119879,-0.084641
119899,-0.084641
119919,0.431932
119939,-0.084641
119959,-0.084641
119979,-0.084641
119999,-0.084641
