19,3.161471
39,-0.872374
59,2.958841
79,6.779075
99,-2.592432
119,2.113338
139,2.026415
159,-3.036876
179,0.426327
199,-3.036876
219,-0.000000
239,-2.592432
259,2.391099
279,-2.592432
299,1.191453
319,-3.036876
339,1.218443
359,-0.070775
379,-3.036876
399,7.064134
419,-3.036876
439,-1.297746
459,0.396600
479,-2.155819
499,5.786653
519,2.958841
539,6.779075
559,6.699432
579,0.784780
599,-0.862963
619,-0.862963
639,-3.036876
659,6.586555
679,-3.036876
699,2.907922
719,5.552081
739,6.187442
759,-3.036876
779,6.901012
799,-1.297746
819,0.809277
839,-3.036876
859,10.563124
879,2.069507
899,-3.036876
919,4.046457
939,4.526149
959,1.634037
979,3.685813
999,1.984044
1019,5.384176
1039,1.684154
1059,5.419783
1079,5.419783
1099,6.660093
1119,6.839667
1139,10.136776
1159,9.513731
1179,8.462097
1199,6.237317
1219,10.617742
1239,8.727830
1259,8.438533
1279,8.074235
1299,10.136776
1319,7.706925
1339,6.606730
1359,10.269575
1379,9.814529
1399,10.617742
1419,10.216136
1439,10.269575
1459,10.269575
1479,10.617742
1499,8.438533
1519,10.617742
1539,6.256053
1559,3.359712
1579,9.059898
1599,8.143248
1619,8.438533
1639,6.350879
1659,8.322150
1679,8.299156
1699,6.148927
1719,8.438533
1739,8.438533
1759,7.272402
1779,2.058665
1799,6.187442
1819,8.143248
1839,5.366485
1859,2.102310
1879,8.299156
1899,8.299156
1919,8.438533
1939,8.368419
1959,8.322150
1979,8.438533
1999,8.368419
2019,8.438533
2039,8.438533
2059,4.574117
2079,8.438533
2099,8.438533
2119,10.216136
2139,8.438533
2159,8.438533
2179,8.438533
2199,10.617742
2219,8.438533
2239,10.216136
2259,10.617742
2279,10.269575
2299,10.617742
2319,10.617742
2339,6.582362
2359,6.582362
2379,10.216136
2399,7.293702
2419,10.482010
2439,10.535978
2459,6.984000
2479,8.609710
2499,8.438533
2519,10.535978
2539,10.136776
2559,5.384176
2579,10.535978
2599,7.293702
2619,8.438533
2639,8.680295
2659,10.136776
2679,8.438533
2699,10.136776
2719,10.136776
2739,9.814529
2759,10.617742
2779,10.216136
2799,10.617742
2819,10.216136
2839,10.216136
2859,10.216136
2879,10.216136
2899,10.617742
2919,10.617742
2939,10.216136
2959,10.216136
2979,10.617742
2999,10.617742
3019,10.269575
3039,10.617742
3059,10.269575
3079,10.535978
3099,10.617742
3119,10.617742
3139,6.168145
3159,8.368419
3179,10.617742
3199,8.276255
3219,10.216136
3239,10.535978
3259,10.535978
3279,10.216136
3299,10.535978
3319,10.269575
3339,10.216136
3359,10.269575
3379,10.269575
3399,10.617742
3419,9.814529
3439,9.814529
3459,9.814529
3479,10.535978
3499,10.535978
3519,9.437973
3539,10.535978
3559,10.216136
3579,8.322150
3599,10.535978
3619,10.617742
3639,10.535978
3659,10.216136
3679,8.299156
3699,7.961087
3719,10.189577
3739,10.535978
3759,8.322150
3779,8.322150
3799,10.617742
3819,10.617742
3839,10.216136
3859,10.269575
3879,10.269575
3899,7.961087
3919,10.216136
3939,10.535978
3959,10.535978
3979,10.617742
3999,10.535978
4019,10.216136
4039,10.269575
4059,10.617742
4079,10.617742
4099,9.814529
4119,8.097144
4139,10.535978
4159,10.535978
4179,10.535978
4199,10.535978
4219,10.136776
4239,10.535978
4259,10.136776
4279,10.535978
4299,10.617742
4319,8.097144
4339,10.136776
4359,10.617742
4379,10.535978
4399,10.269575
4419,10.535978
4439,10.216136
4459,10.535978
4479,10.617742
4499,10.535978
4519,10.535978
4539,10.617742
4559,10.617742
4579,10.535978
4599,10.535978
4619,10.535978
4639,10.617742
4659,10.535978
4679,10.617742
4699,9.463124
4719,10.617742
4739,10.617742
4759,10.535978
4779,10.535978
4799,10.535978
4819,10.617742
4839,9.463124
4859,10.136776
4879,10.535978
4899,10.216136
4919,10.216136
4939,10.535978
4959,10.269575
4979,10.535978
4999,10.617742
5019,10.617742
5039,10.617742
5059,10.617742
5079,10.617742
5099,10.617742
5119,10.617742
5139,10.617742
5159,10.617742
5179,10.216136
5199,10.535978
5219,10.216136
5239,10.535978
5259,10.216136
5279,10.617742
5299,10.617742
5319,10.216136
5339,10.269575
5359,10.617742
5379,10.535978
5399,10.617742
5419,10.535978
5439,10.617742
5459,10.216136
5479,10.535978
5499,10.535978
5519,10.269575
5539,10.535978
5559,10.535978
5579,10.617742
5599,10.535978
5619,10.535978
5639,10.535978
5659,10.535978
5679,10.617742
5699,10.535978
5719,10.535978
5739,10.535978
5759,10.535978
5779,10.535978
5799,10.535978
5819,10.535978
5839,10.535978
5859,10.535978
5879,10.136776
5899,10.136776
5919,10.535978
5939,9.463124
5959,10.535978
5979,10.269575
5999,10.535978
6019,10.535978
6039,10.216136
6059,10.216136
6079,10.617742
6099,10.617742
6119,10.617742
6139,10.535978
6159,10.535978
6179,10.269575
6199,10.535978
6219,10.535978
6239,10.535978
6259,10.535978
6279,10.535978
6299,10.617742
6319,10.535978
6339,10.535978
6359,10.617742
6379,10.535978
6399,10.535978
6419,10.617742
6439,10.617742
6459,10.269575
6479,10.535978
6499,10.535978
6519,10.535978
6539,10.535978
6559,10.535978
6579,10.535978
6599,10.535978
6619,10.535978
6639,10.535978
6659,10.617742
6679,10.269575
6699,10.535978
6719,10.535978
6739,10.535978
6759,10.535978
6779,10.617742
6799,10.216136
6819,11.305753
6839,10.216136
6859,10.535978
6879,9.488376
6899,10.535978
6919,10.535978
6939,10.535978
6959,10.935180
6979,11.305753
6999,0.817513
7019,0.842434
7039,10.645216
7059,10.535978
7079,10.935180
7099,10.535978
7119,10.535978
7139,10.535978
7159,10.535978
7179,10.535978
7199,10.535978
7219,8.276255
7239,10.216136
7259,10.535978
7279,10.216136
7299,10.535978
7319,10.617742
7339,10.617742
7359,10.535978
7379,-0.416789
7399,10.535978
7419,10.617742
7439,10.535978
7459,11.305753
7479,10.535978
7499,10.535978
7519,11.305753
7539,8.097144
7559,11.305753
7579,10.216136
7599,9.437973
7619,10.535978
7639,11.305753
7659,10.535978
7679,10.563124
7699,11.305753
7719,11.305753
7739,11.305753
7759,10.535978
7779,11.305753
7799,10.535978
7819,11.305753
7839,11.305753
7859,11.305753
7879,10.617742
7899,11.305753
7919,11.305753
7939,10.617742
7959,10.216136
7979,11.305753
7999,10.617742
8019,11.305753
8039,11.305753
8059,10.535978
8079,10.617742
8099,11.305753
8119,11.305753
8139,11.305753
8159,10.535978
8179,10.535978
8199,11.305753
8219,10.535978
8239,11.305753
8259,8.097144
8279,11.305753
8299,11.305753
8319,11.305753
8339,11.305753
8359,11.305753
8379,10.535978
8399,11.305753
8419,11.305753
8439,11.305753
8459,10.617742
8479,10.563124
8499,10.563124
8519,11.305753
8539,11.305753
8559,10.535978
8579,11.305753
8599,8.097144
8619,11.305753
8639,11.305753
8659,11.305753
8679,11.305753
8699,11.305753
8719,10.535978
8739,10.535978
8759,11.305753
8779,11.305753
8799,11.305753
8819,11.305753
8839,11.305753
8859,11.305753
8879,11.305753
8899,11.305753
8919,11.305753
8939,10.535978
8959,11.305753
8979,10.617742
8999,11.305753
9019,11.305753
9039,11.305753
9059,11.305753
9079,11.305753
9099,11.305753
9119,11.305753
9139,11.305753
9159,11.305753
9179,11.305753
9199,10.535978
9219,11.305753
9239,11.305753
9259,11.305753
9279,11.305753
9299,10.216136
9319,11.305753
9339,11.305753
9359,11.305753
9379,11.305753
9399,11.305753
9419,11.305753
9439,11.305753
9459,11.305753
9479,10.535978
9499,11.305753
9519,11.305753
9539,11.305753
9559,10.535978
9579,10.535978
9599,11.305753
9619,11.305753
9639,10.535978
9659,11.305753
9679,10.535978
9699,11.305753
9719,11.305753
9739,11.305753
9759,10.617742
9779,11.305753
9799,10.535978
9819,10.535978
9839,10.535978
9859,11.305753
9879,11.305753
9899,10.617742
9919,11.305753
9939,11.305753
9959,11.305753
9979,11.305753
9999,11.305753
10019,11.305753
10039,11.305753
10059,11.305753
10079,11.305753
10099,11.305753
10119,10.535978
10139,11.305753
10159,10.535978
10179,11.305753
10199,11.305753
10219,8.097144
10239,10.535978
10259,11.305753
10279,11.305753
10299,11.305753
10319,11.305753
10339,11.305753
10359,11.305753
10379,7.315091
10399,10.535978
10419,11.305753
10439,10.535978
10459,6.921630
10479,10.136776
10499,9.763124
10519,10.535978
10539,10.617742
10559,10.617742
10579,10.216136
10599,10.216136
10619,10.216136
10639,10.216136
10659,11.305753
10679,10.216136
10699,11.305753
10719,11.305753
10739,11.305753
10759,11.305753
10779,11.305753
10799,11.305753
10819,10.535978
10839,11.305753
10859,11.305753
10879,10.617742
10899,10.617742
10919,11.305753
10939,10.617742
10959,5.401942
10979,10.535978
10999,10.216136
11019,11.305753
11039,10.216136
11059,10.563124
11079,10.563124
11099,10.535978
11119,10.189577
11139,11.305753
11159,11.305753
11179,11.305753
11199,10.535978
11219,11.305753
11239,11.305753
11259,11.305753
11279,10.535978
11299,11.305753
11319,11.305753
11339,10.535978
11359,11.305753
11379,11.305753
11399,11.305753
11419,10.535978
11439,11.305753
11459,11.305753
11479,11.305753
11499,11.305753
11519,11.305753
11539,11.305753
11559,10.535978
11579,11.305753
11599,11.305753
11619,11.305753
11639,11.305753
11659,11.305753
11679,11.305753
11699,11.305753
11719,11.305753
11739,11.305753
11759,10.535978
11779,11.305753
11799,11.305753
11819,10.563124
11839,11.305753
11859,11.305753
11879,10.563124
11899,11.305753
11919,11.305753
11939,10.535978
11959,11.305753
11979,11.305753
11999,11.305753
12019,11.305753
12039,11.305753
12059,11.305753
12079,11.305753
12099,11.305753
12119,10.535978
12139,11.305753
12159,11.305753
12179,11.305753
12199,11.305753
12219,11.305753
12239,11.305753
12259,11.305753
12279,11.305753
12299,11.305753
12319,11.305753
12339,11.305753
12359,11.305753
12379,11.305753
12399,11.305753
12419,11.305753
12439,11.305753
12459,11.305753
12479,11.305753
12499,11.305753
12519,11.305753
12539,10.535978
12559,10.563124
12579,11.305753
12599,11.305753
12619,11.305753
12639,11.305753
12659,11.305753
12679,11.305753
12699,11.305753
12719,5.384176
12739,10.535978
12759,11.305753
12779,10.535978
12799,10.136776
12819,10.535978
12839,11.305753
12859,10.535978
12879,11.305753
12899,11.305753
12919,11.305753
12939,11.305753
12959,10.535978
12979,11.305753
12999,10.136776
13019,10.535978
13039,11.305753
13059,11.305753
13079,11.305753
13099,10.535978
13119,11.305753
13139,10.269575
13159,11.305753
13179,11.305753
13199,11.305753
13219,10.535978
13239,11.305753
13259,11.305753
13279,11.305753
13299,11.305753
13319,11.305753
13339,11.305753
13359,11.305753
13379,11.305753
13399,11.305753
13419,11.305753
13439,11.305753
13459,11.305753
13479,10.535978
13499,11.305753
13519,11.305753
13539,11.305753
13559,11.305753
13579,11.305753
13599,11.305753
13619,11.305753
13639,11.305753
13659,11.305753
13679,11.305753
13699,11.305753
13719,11.305753
13739,10.535978
13759,11.305753
13779,11.305753
13799,11.305753
13819,11.305753
13839,11.305753
13859,11.305753
13879,11.305753
13899,11.305753
13919,11.305753
13939,11.305753
13959,11.305753
13979,11.305753
13999,11.305753
14019,11.305753
14039,11.305753
14059,11.305753
14079,11.305753
14099,11.305753
14119,11.305753
14139,11.305753
14159,11.305753
14179,11.305753
14199,11.305753
14219,10.535978
14239,11.305753
14259,11.305753
14279,11.305753
14299,11.305753
14319,11.305753
14339,11.305753
14359,11.305753
14379,11.305753
14399,11.305753
14419,11.305753
14439,11.305753
14459,11.305753
14479,11.305753
14499,11.305753
14519,11.305753
14539,11.305753
14559,11.305753
14579,11.305753
14599,11.305753
14619,10.617742
14639,11.305753
14659,11.305753
14679,11.305753
14699,11.305753
14719,11.305753
14739,10.535978
14759,11.305753
14779,11.305753
14799,11.305753
14819,11.305753
14839,11.305753
14859,11.305753
14879,11.305753
14899,11.305753
14919,11.305753
14939,11.305753
14959,11.305753
14979,11.305753
14999,11.305753
15019,11.305753
15039,11.305753
15059,11.305753
15079,11.305753
15099,11.305753
15119,11.305753
15139,11.305753
15159,11.305753
15179,11.305753
15199,11.305753
15219,11.305753
15239,11.305753
15259,10.617742
15279,10.535978
15299,11.305753
15319,11.305753
15339,11.305753
15359,10.617742
15379,11.305753
15399,11.305753
15419,11.305753
15439,11.305753
15459,11.305753
15479,11.305753
15499,11.305753
15519,11.305753
15539,11.305753
15559,11.305753
15579,11.305753
15599,10.535978
15619,11.305753
15639,9.463124
15659,11.305753
15679,11.305753
15699,9.059898
15719,8.322150
15739,11.305753
15759,8.563124
15779,4.166513
15799,8.322150
15819,8.563124
15839,10.136776
15859,8.563124
15879,8.563124
15899,8.563124
15919,8.563124
15939,8.563124
15959,8.563124
15979,8.563124
15999,8.563124
16019,8.563124
16039,8.563124
16059,8.563124
16079,8.563124
16099,8.563124
16119,8.563124
16139,8.563124
16159,8.563124
16179,10.136776
16199,8.563124
16219,8.563124
16239,8.563124
16259,8.563124
16279,8.563124
16299,8.563124
16319,8.563124
16339,8.563124
16359,8.563124
16379,8.563124
16399,8.563124
16419,8.563124
16439,8.563124
16459,8.563124
16479,8.563124
16499,8.563124
16519,8.563124
16539,8.563124
16559,8.563124
16579,8.563124
16599,8.563124
16619,8.563124
16639,8.563124
16659,8.563124
16679,8.563124
16699,8.563124
16719,8.563124
16739,8.563124
16759,8.563124
16779,8.563124
16799,8.563124
16819,8.563124
16839,8.563124
16859,8.563124
16879,8.563124
16899,8.563124
16919,8.563124
16939,8.563124
16959,8.563124
16979,8.563124
16999,8.563124
17019,8.563124
17039,8.563124
17059,8.563124
17079,8.563124
17099,8.563124
17119,8.563124
17139,8.563124
17159,8.563124
17179,8.563124
17199,8.563124
17219,8.563124
17239,8.563124
17259,8.563124
17279,8.563124
17299,8.563124
17319,8.563124
17339,8.563124
17359,8.563124
17379,8.563124
17399,8.563124
17419,8.563124
17439,8.563124
17459,8.563124
17479,8.563124
17499,8.563124
17519,8.563124
17539,8.563124
17559,8.563124
17579,8.563124
17599,8.563124
17619,8.563124
17639,8.563124
17659,8.563124
17679,8.563124
17699,8.563124
17719,8.563124
17739,8.563124
17759,8.563124
17779,8.563124
17799,8.563124
17819,8.563124
17839,8.563124
17859,8.563124
17879,8.563124
17899,8.563124
17919,8.563124
17939,8.563124
17959,8.563124
17979,8.563124
17999,8.563124
18019,8.563124
18039,8.563124
18059,8.563124
18079,8.563124
18099,8.563124
18119,8.563124
18139,8.563124
18159,8.563124
18179,8.563124
18199,8.563124
18219,8.563124
18239,8.563124
18259,8.563124
18279,8.563124
18299,8.563124
18319,8.563124
18339,8.563124
18359,8.563124
18379,8.563124
18399,8.563124
18419,8.563124
18439,8.563124
18459,7.532229
18479,8.563124
18499,8.563124
18519,8.563124
18539,8.563124
18559,8.563124
18579,8.563124
18599,-0.422497
18619,8.563124
18639,8.563124
18659,8.563124
18679,8.563124
18699,8.563124
18719,8.563124
18739,8.563124
18759,8.563124
18779,8.563124
18799,8.563124
18819,8.563124
18839,8.563124
18859,8.563124
18879,8.563124
18899,8.563124
18919,8.563124
18939,8.563124
18959,8.563124
18979,8.563124
18999,8.563124
19019,8.563124
19039,8.563124
19059,8.563124
19079,8.563124
19099,8.563124
19119,8.563124
19139,8.563124
19159,8.563124
19179,8.563124
19199,8.563124
19219,8.563124
19239,8.563124
19259,8.563124
19279,8.563124
19299,8.563124
19319,8.563124
19339,8.563124
19359,8.563124
19379,8.563124
19399,8.563124
19419,8.563124
19439,8.563124
19459,8.563124
19479,8.563124
19499,8.563124
19519,8.563124
19539,8.563124
19559,8.563124
19579,8.563124
19599,8.563124
19619,8.563124
19639,8.563124
19659,8.563124
19679,8.563124
19699,8.563124
19719,8.563124
19739,8.563124
19759,8.563124
19779,8.563124
19799,8.563124
19819,8.563124
19839,8.563124
19859,8.563124
19879,8.563124
19899,8.563124
19919,8.563124
19939,8.563124
19959,8.563124
19979,8.563124
19999,8.563124
20019,8.563124
20039,8.563124
20059,8.563124
20079,8.563124
20099,8.563124
20119,8.563124
20139,8.563124
20159,8.563124
20179,8.563124
20199,8.563124
20219,8.563124
20239,8.563124
20259,8.563124
20279,8.563124
20299,8.563124
20319,8.563124
20339,8.563124
20359,8.563124
20379,8.563124
20399,8.563124
20419,8.563124
20439,8.563124
20459,8.563124
20479,8.563124
20499,8.563124
20519,8.563124
20539,8.563124
20559,8.563124
20579,8.563124
20599,8.563124
20619,8.563124
20639,8.563124
20659,8.563124
20679,8.563124
20699,8.563124
20719,8.563124
20739,8.563124
20759,8.563124
20779,8.563124
20799,8.563124
20819,8.563124
20839,8.563124
20859,8.563124
20879,8.563124
20899,8.563124
20919,8.563124
20939,8.563124
20959,8.563124
20979,8.563124
20999,8.563124
21019,8.563124
21039,8.563124
21059,8.563124
21079,8.563124
21099,8.563124
21119,8.563124
21139,8.563124
21159,8.563124
21179,8.563124
21199,8.563124
21219,8.563124
21239,8.563124
21259,8.563124
21279,8.563124
21299,8.563124
21319,8.563124
21339,8.563124
21359,8.563124
21379,10.163124
21399,8.563124
21419,8.563124
21439,8.563124
21459,8.563124
21479,8.563124
21499,8.563124
21519,8.563124
21539,8.563124
21559,8.563124
21579,8.563124
21599,8.563124
21619,8.563124
21639,8.563124
21659,8.563124
21679,8.563124
21699,8.563124
21719,8.563124
21739,8.563124
21759,8.563124
21779,8.563124
21799,8.563124
21819,8.563124
21839,8.563124
21859,8.563124
21879,8.563124
21899,8.563124
21919,8.563124
21939,8.563124
21959,8.563124
21979,8.563124
21999,8.563124
22019,8.563124
22039,8.563124
22059,8.563124
22079,8.563124
22099,8.563124
22119,8.563124
22139,8.563124
22159,8.563124
22179,8.563124
22199,8.563124
22219,8.563124
22239,8.563124
22259,8.563124
22279,8.563124
22299,8.563124
22319,8.563124
22339,8.563124
22359,8.563124
22379,8.563124
22399,8.563124
22419,8.563124
22439,8.563124
22459,8.563124
22479,8.563124
22499,8.563124
22519,8.563124
22539,8.563124
22559,8.563124
22579,8.563124
22599,8.563124
22619,8.563124
22639,8.563124
22659,8.563124
22679,8.563124
22699,8.563124
22719,8.563124
22739,8.563124
22759,8.563124
22779,8.563124
22799,8.563124
22819,8.563124
22839,8.563124
22859,8.563124
22879,8.563124
22899,8.563124
22919,8.563124
22939,8.563124
22959,8.563124
22979,8.563124
22999,8.563124
23019,8.563124
23039,8.563124
23059,8.563124
23079,8.563124
23099,8.563124
23119,8.563124
23139,8.563124
23159,8.563124
23179,8.563124
23199,8.563124
23219,8.563124
23239,8.563124
23259,8.563124
23279,8.563124
23299,8.563124
23319,8.563124
23339,8.563124
23359,8.563124
23379,8.563124
23399,8.563124
23419,8.563124
23439,8.563124
23459,8.563124
23479,8.563124
23499,8.563124
23519,8.563124
23539,8.563124
23559,8.563124
23579,7.532229
23599,8.563124
23619,8.563124
23639,8.563124
23659,8.563124
23679,8.563124
23699,8.563124
23719,8.563124
23739,8.563124
23759,8.563124
23779,8.563124
23799,8.563124
23819,8.563124
23839,8.563124
23859,9.437973
23879,9.437973
23899,8.656672
23919,8.656672
23939,10.323448
23959,8.656672
23979,8.563124
23999,8.322150
24019,8.563124
24039,8.563124
24059,8.563124
24079,7.916471
24099,8.563124
24119,9.971254
24139,10.323448
24159,10.323448
24179,10.323448
24199,10.242802
24219,0.426327
24239,10.242802
24259,9.011316
24279,7.272402
24299,9.011316
24319,10.323448
24339,10.323448
24359,10.323448
24379,10.323448
24399,10.323448
24419,10.323448
24439,10.296457
24459,10.323448
24479,9.011316
24499,9.011316
24519,10.296457
24539,9.971254
24559,10.323448
24579,9.971254
24599,10.189577
24619,8.656672
24639,9.971254
24659,9.971254
24679,9.971254
24699,9.971254
24719,9.971254
24739,7.293702
24759,9.971254
24779,9.971254
24799,9.971254
24819,9.971254
24839,9.971254
24859,9.971254
24879,9.971254
24899,9.971254
24919,9.971254
24939,9.971254
24959,9.971254
24979,9.971254
24999,9.971254
25019,9.971254
25039,9.971254
25059,9.971254
25079,9.971254
25099,9.971254
25119,9.971254
25139,9.971254
25159,9.971254
25179,9.971254
25199,9.971254
25219,9.971254
25239,9.971254
25259,9.971254
25279,9.971254
25299,9.971254
25319,9.971254
25339,9.971254
25359,9.971254
25379,9.971254
25399,9.971254
25419,9.971254
25439,9.971254
25459,9.971254
25479,9.971254
25499,9.971254
25519,9.971254
25539,9.971254
25559,9.971254
25579,9.971254
25599,9.971254
25619,9.971254
25639,9.971254
25659,9.971254
25679,9.971254
25699,9.971254
25719,9.971254
25739,9.971254
25759,9.971254
25779,9.971254
25799,9.971254
25819,9.971254
25839,9.971254
25859,9.971254
25879,9.971254
25899,9.971254
25919,9.971254
25939,9.971254
25959,9.971254
25979,9.971254
25999,9.971254
26019,9.971254
26039,9.971254
26059,9.971254
26079,9.971254
26099,9.971254
26119,9.971254
26139,9.971254
26159,9.971254
26179,9.971254
26199,9.971254
26219,9.971254
26239,9.971254
26259,9.971254
26279,9.971254
26299,9.971254
26319,9.971254
26339,9.971254
26359,9.971254
26379,9.971254
26399,9.971254
26419,9.971254
26439,9.971254
26459,9.971254
26479,9.971254
26499,9.971254
26519,9.971254
26539,9.971254
26559,9.971254
26579,9.971254
26599,9.971254
26619,9.971254
26639,9.971254
26659,9.971254
26679,9.971254
26699,9.971254
26719,9.971254
26739,9.971254
26759,9.971254
26779,9.971254
26799,9.971254
26819,9.971254
26839,9.971254
26859,9.971254
26879,9.971254
26899,9.971254
26919,9.971254
26939,9.971254
26959,9.971254
26979,9.971254
26999,9.971254
27019,9.971254
27039,9.971254
27059,9.971254
27079,9.971254
27099,9.971254
27119,9.971254
27139,9.971254
27159,9.971254
27179,9.971254
27199,9.971254
27219,9.971254
27239,9.971254
27259,9.971254
27279,9.971254
27299,9.971254
27319,9.971254
27339,9.971254
27359,9.971254
27379,9.971254
27399,9.971254
27419,9.971254
27439,9.971254
27459,9.971254
27479,9.971254
27499,9.971254
27519,9.971254
27539,9.971254
27559,9.971254
27579,9.971254
27599,9.971254
27619,9.971254
27639,9.971254
27659,9.971254
27679,9.971254
27699,9.971254
27719,9.971254
27739,9.971254
27759,9.971254
27779,9.971254
27799,9.971254
27819,9.971254
27839,9.971254
27859,9.971254
27879,9.971254
27899,9.971254
27919,9.971254
27939,9.971254
27959,9.971254
27979,9.971254
27999,9.971254
28019,9.971254
28039,9.971254
28059,9.971254
28079,9.971254
28099,9.971254
28119,9.971254
28139,9.971254
28159,9.971254
28179,9.971254
28199,9.971254
28219,9.971254
28239,9.971254
28259,9.971254
28279,9.971254
28299,9.971254
28319,9.971254
28339,9.971254
28359,9.971254
28379,9.971254
28399,9.971254
28419,9.971254
28439,9.971254
28459,9.971254
28479,9.971254
28499,9.971254
28519,9.971254
28539,9.971254
28559,9.971254
28579,9.971254
28599,9.971254
28619,9.971254
28639,9.971254
28659,9.971254
28679,9.971254
28699,9.971254
28719,9.971254
28739,9.971254
28759,9.971254
28779,9.971254
28799,9.971254
28819,9.971254
28839,9.971254
28859,9.971254
28879,9.971254
28899,9.971254
28919,9.971254
28939,9.971254
28959,9.971254
28979,9.971254
28999,9.971254
29019,9.971254
29039,9.971254
29059,9.971254
29079,9.971254
29099,9.971254
29119,9.971254
29139,9.971254
29159,9.971254
29179,9.971254
29199,9.971254
29219,9.971254
29239,9.971254
29259,9.971254
29279,9.971254
29299,9.971254
29319,9.971254
29339,9.971254
29359,9.971254
29379,9.971254
29399,9.971254
29419,9.971254
29439,9.971254
29459,9.971254
29479,9.971254
29499,9.971254
29519,9.971254
29539,9.971254
29559,9.971254
29579,9.971254
29599,9.971254
29619,9.971254
29639,9.971254
29659,9.971254
29679,9.971254
29699,9.971254
29719,9.971254
29739,9.971254
29759,9.971254
29779,9.971254
29799,9.971254
29819,9.971254
29839,9.971254
29859,9.971254
29879,9.971254
29899,9.971254
29919,9.971254
29939,9.971254
29959,9.971254
29979,9.971254
29999,9.971254
30019,9.971254
30039,0.842434
30059,9.971254
30079,9.971254
30099,9.971254
30119,9.971254
30139,9.971254
30159,9.971254
30179,9.971254
30199,9.971254
30219,9.971254
30239,9.971254
30259,9.971254
30279,9.971254
30299,9.971254
30319,9.971254
30339,9.971254
30359,9.971254
30379,9.971254
30399,9.971254
30419,9.971254
30439,9.971254
30459,9.971254
30479,9.971254
30499,9.971254
30519,9.971254
30539,9.971254
30559,9.971254
30579,9.971254
30599,9.971254
30619,9.971254
30639,9.971254
30659,9.971254
30679,9.971254
30699,9.971254
30719,9.971254
30739,9.971254
30759,9.971254
30779,9.971254
30799,9.971254
30819,9.971254
30839,9.971254
30859,9.971254
30879,9.971254
30899,9.971254
30919,9.971254
30939,9.971254
30959,9.971254
30979,9.971254
30999,9.971254
31019,9.971254
31039,9.971254
31059,9.971254
31079,9.971254
31099,9.971254
31119,9.971254
31139,9.971254
31159,9.971254
31179,9.971254
31199,9.971254
31219,9.971254
31239,9.971254
31259,9.971254
31279,9.971254
31299,9.971254
31319,9.971254
31339,9.971254
31359,9.971254
31379,9.971254
31399,9.971254
31419,9.971254
31439,9.971254
31459,9.971254
31479,9.971254
31499,9.971254
31519,9.971254
31539,9.971254
31559,9.971254
31579,9.971254
31599,9.971254
31619,9.971254
31639,9.971254
31659,9.971254
31679,9.971254
31699,9.971254
31719,9.971254
31739,9.971254
31759,9.971254
31779,9.971254
31799,9.971254
31819,9.971254
31839,9.971254
31859,9.971254
31879,9.971254
31899,9.971254
31919,9.971254
31939,9.971254
31959,9.971254
31979,9.971254
31999,9.971254
32019,9.971254
32039,9.971254
32059,9.971254
32079,9.971254
32099,9.971254
32119,9.971254
32139,9.971254
32159,9.971254
32179,9.971254
32199,9.971254
32219,9.971254
32239,9.971254
32259,9.971254
32279,9.971254
32299,9.971254
32319,9.971254
32339,9.971254
32359,9.971254
32379,9.971254
32399,9.971254
32419,9.971254
32439,9.971254
32459,9.971254
32479,9.971254
32499,9.971254
32519,9.971254
32539,9.971254
32559,9.971254
32579,9.971254
32599,9.971254
32619,9.971254
32639,9.971254
32659,9.971254
32679,9.971254
32699,9.971254
32719,9.971254
32739,9.971254
32759,9.971254
32779,9.971254
32799,9.971254
32819,9.971254
32839,9.971254
32859,9.971254
32879,9.971254
32899,9.971254
32919,9.971254
32939,9.971254
32959,9.971254
32979,9.971254
32999,9.971254
33019,9.971254
33039,9.971254
33059,9.971254
33079,9.971254
33099,9.971254
33119,9.971254
33139,9.971254
33159,9.971254
33179,9.971254
33199,9.971254
33219,9.971254
33239,9.971254
33259,9.971254
33279,9.971254
33299,9.971254
33319,9.971254
33339,9.971254
33359,9.971254
33379,9.971254
33399,9.971254
33419,9.971254
33439,9.971254
33459,9.971254
33479,9.971254
33499,9.971254
33519,9.971254
33539,9.971254
33559,9.971254
33579,9.971254
33599,9.971254
33619,9.971254
33639,9.971254
33659,9.971254
33679,9.971254
33699,9.971254
33719,9.971254
33739,9.971254
33759,9.971254
33779,9.971254
33799,9.971254
33819,9.971254
33839,9.971254
33859,9.971254
33879,9.971254
33899,9.971254
33919,9.971254
33939,9.971254
33959,9.971254
33979,9.971254
33999,9.971254
34019,9.971254
34039,9.971254
34059,9.971254
34079,9.971254
34099,9.971254
34119,9.971254
34139,9.971254
34159,9.971254
34179,9.971254
34199,9.971254
34219,9.971254
34239,9.971254
34259,9.971254
34279,9.971254
34299,9.971254
34319,9.971254
34339,9.971254
34359,9.971254
34379,9.971254
34399,9.971254
34419,9.971254
34439,9.971254
34459,9.971254
34479,9.971254
34499,9.971254
34519,9.971254
34539,9.971254
34559,9.971254
34579,9.971254
34599,9.971254
34619,9.971254
34639,9.971254
34659,9.971254
34679,9.971254
34699,9.971254
34719,9.971254
34739,9.971254
34759,9.971254
34779,9.971254
34799,9.971254
34819,9.971254
34839,9.971254
34859,9.971254
34879,9.971254
34899,9.971254
34919,9.971254
34939,9.971254
34959,9.971254
34979,9.971254
34999,9.971254
35019,9.971254
35039,9.971254
35059,9.971254
35079,9.971254
35099,9.971254
35119,9.971254
35139,9.971254
35159,9.971254
35179,9.971254
35199,9.971254
35219,9.971254
35239,9.971254
35259,9.971254
35279,9.971254
35299,9.971254
35319,9.971254
35339,9.971254
35359,9.971254
35379,9.971254
35399,9.971254
35419,9.971254
35439,9.971254
35459,9.971254
35479,9.971254
35499,9.971254
35519,9.971254
35539,9.971254
35559,9.971254
35579,9.971254
35599,9.971254
35619,9.971254
35639,9.971254
35659,9.971254
35679,9.971254
35699,9.971254
35719,9.971254
35739,9.971254
35759,9.971254
35779,9.971254
35799,9.971254
35819,9.971254
35839,9.971254
35859,9.971254
35879,9.971254
35899,9.971254
35919,9.971254
35939,9.971254
35959,9.971254
35979,9.971254
35999,9.971254
36019,9.971254
36039,9.971254
36059,9.971254
36079,9.971254
36099,9.971254
36119,9.971254
36139,9.971254
36159,9.971254
36179,9.971254
36199,9.971254
36219,9.971254
36239,9.971254
36259,9.971254
36279,9.971254
36299,9.971254
36319,9.971254
36339,9.971254
36359,9.971254
36379,9.971254
36399,9.971254
36419,9.971254
36439,9.971254
36459,9.971254
36479,9.971254
36499,9.971254
36519,9.971254
36539,9.971254
36559,9.971254
36579,9.971254
36599,9.971254
36619,9.971254
36639,9.971254
36659,9.971254
36679,9.971254
36699,9.971254
36719,9.971254
36739,9.971254
36759,10.296457
36779,10.296457
36799,10.296457
36819,9.971254
36839,9.971254
36859,10.617742
36879,10.617742
36899,10.617742
36919,10.617742
36939,10.617742
36959,10.617742
36979,10.617742
36999,10.617742
37019,10.617742
37039,10.617742
37059,10.617742
37079,10.617742
37099,10.617742
37119,10.563124
37139,10.617742
37159,10.617742
37179,10.617742
37199,9.564750
37219,8.051419
37239,10.617742
37259,10.617742
37279,10.617742
37299,10.617742
37319,10.563124
37339,10.617742
37359,10.617742
37379,10.617742
37399,10.136776
37419,10.617742
37439,10.563124
37459,10.617742
37479,10.617742
37499,10.563124
37519,10.617742
37539,10.563124
37559,10.617742
37579,10.563124
37599,10.617742
37619,10.617742
37639,10.617742
37659,10.617742
37679,10.563124
37699,10.617742
37719,10.617742
37739,10.563124
37759,10.617742
37779,10.617742
37799,10.617742
37819,10.617742
37839,10.617742
37859,10.617742
37879,10.563124
37899,10.617742
37919,10.617742
37939,10.617742
37959,10.617742
37979,10.617742
37999,10.617742
38019,10.617742
38039,10.617742
38059,10.617742
38079,10.617742
38099,10.617742
38119,10.617742
38139,10.617742
38159,10.617742
38179,10.563124
38199,10.617742
38219,10.617742
38239,10.617742
38259,10.563124
38279,10.617742
38299,10.617742
38319,10.617742
38339,10.563124
38359,10.617742
38379,10.617742
38399,10.617742
38419,10.617742
38439,10.617742
38459,10.617742
38479,10.617742
38499,10.617742
38519,10.563124
38539,10.617742
38559,10.617742
38579,10.617742
38599,10.617742
38619,10.563124
38639,10.617742
38659,10.617742
38679,10.617742
38699,10.617742
38719,10.617742
38739,10.617742
38759,10.617742
38779,10.617742
38799,10.617742
38819,10.617742
38839,10.617742
38859,10.617742
38879,10.563124
38899,10.617742
38919,10.617742
38939,10.617742
38959,10.617742
38979,10.563124
38999,10.617742
39019,10.563124
39039,10.617742
39059,10.617742
39079,10.617742
39099,10.617742
39119,10.617742
39139,10.617742
39159,10.617742
39179,10.617742
39199,10.617742
39219,10.617742
39239,10.617742
39259,10.563124
39279,10.563124
39299,10.617742
39319,10.617742
39339,10.563124
39359,10.617742
39379,10.617742
39399,10.617742
39419,10.563124
39439,10.617742
39459,10.617742
39479,10.617742
39499,10.617742
39519,10.617742
39539,10.563124
39559,10.617742
39579,10.617742
39599,10.617742
39619,10.617742
39639,10.617742
39659,10.617742
39679,10.563124
39699,10.617742
39719,10.563124
39739,10.617742
39759,10.563124
39779,10.617742
39799,10.617742
39819,10.563124
39839,10.563124
39859,10.563124
39879,10.617742
39899,10.563124
39919,10.617742
39939,10.563124
39959,10.563124
39979,10.617742
39999,10.617742
40019,10.563124
40039,10.617742
40059,10.617742
40079,10.617742
40099,10.617742
40119,10.617742
40139,10.563124
40159,10.563124
40179,10.617742
40199,10.617742
40219,10.617742
40239,10.617742
40259,10.563124
40279,10.617742
40299,10.617742
40319,10.617742
40339,10.563124
40359,10.617742
40379,10.617742
40399,10.563124
40419,10.617742
40439,10.617742
40459,10.563124
40479,10.617742
40499,10.617742
40519,10.617742
40539,10.617742
40559,10.617742
40579,10.563124
40599,10.563124
40619,10.617742
40639,10.563124
40659,10.617742
40679,10.617742
40699,10.563124
40719,10.563124
40739,10.617742
40759,10.617742
40779,10.617742
40799,10.563124
40819,10.563124
40839,10.617742
40859,10.617742
40879,10.617742
40899,10.617742
40919,10.563124
40939,10.617742
40959,10.563124
40979,10.617742
40999,10.563124
41019,10.563124
41039,10.617742
41059,10.617742
41079,10.563124
41099,10.617742
41119,10.563124
41139,10.563124
41159,10.617742
41179,10.617742
41199,10.617742
41219,10.617742
41239,10.617742
41259,10.617742
41279,10.617742
41299,10.563124
41319,10.563124
41339,10.617742
41359,10.617742
41379,10.617742
41399,10.617742
41419,10.563124
41439,10.563124
41459,10.563124
41479,10.617742
41499,10.563124
41519,10.563124
41539,10.617742
41559,10.617742
41579,10.563124
41599,10.617742
41619,10.617742
41639,10.563124
41659,10.563124
41679,10.617742
41699,10.563124
41719,10.617742
41739,10.617742
41759,10.563124
41779,10.563124
41799,10.563124
41819,10.617742
41839,10.617742
41859,10.617742
41879,10.563124
41899,10.617742
41919,10.617742
41939,10.563124
41959,10.617742
41979,10.617742
41999,10.617742
42019,10.563124
42039,10.617742
42059,10.617742
42079,10.617742
42099,10.617742
42119,10.617742
42139,10.617742
42159,10.563124
42179,10.617742
42199,10.617742
42219,10.617742
42239,10.563124
42259,10.617742
42279,10.617742
42299,10.617742
42319,10.563124
42339,10.617742
42359,10.617742
42379,10.617742
42399,10.617742
42419,10.563124
42439,10.296457
42459,2.483293
42479,10.296457
42499,10.296457
42519,10.296457
42539,5.961079
42559,10.296457
42579,5.961079
42599,8.656672
42619,8.656672
42639,8.656672
42659,10.296457
42679,10.296457
42699,9.590415
42719,9.590415
42739,9.590415
42759,9.590415
42779,9.590415
42799,9.590415
42819,9.590415
42839,9.590415
42859,9.590415
42879,9.590415
42899,9.590415
42919,9.590415
42939,9.590415
42959,9.590415
42979,9.590415
42999,9.590415
43019,9.590415
43039,9.590415
43059,9.590415
43079,9.590415
43099,9.590415
43119,9.590415
43139,9.590415
43159,9.590415
43179,9.590415
43199,9.590415
43219,9.590415
43239,9.590415
43259,9.590415
43279,9.590415
43299,9.590415
43319,9.590415
43339,9.590415
43359,9.590415
43379,9.590415
43399,9.590415
43419,9.590415
43439,9.590415
43459,9.590415
43479,9.590415
43499,9.590415
43519,9.590415
43539,9.590415
43559,9.590415
43579,9.590415
43599,9.590415
43619,9.590415
43639,9.590415
43659,9.590415
43679,9.590415
43699,9.590415
43719,9.590415
43739,9.590415
43759,9.590415
43779,9.590415
43799,9.590415
43819,9.590415
43839,9.590415
43859,9.590415
43879,9.590415
43899,9.590415
43919,9.590415
43939,9.590415
43959,9.590415
43979,9.590415
43999,9.590415
44019,9.590415
44039,9.590415
44059,9.590415
44079,9.590415
44099,9.590415
44119,9.590415
44139,9.590415
44159,9.590415
44179,9.590415
44199,9.590415
44219,9.590415
44239,9.590415
44259,9.590415
44279,9.590415
44299,9.590415
44319,9.590415
44339,9.590415
44359,9.590415
44379,9.590415
44399,9.590415
44419,9.590415
44439,9.590415
44459,9.590415
44479,9.590415
44499,9.590415
44519,9.590415
44539,9.590415
44559,9.590415
44579,9.590415
44599,9.590415
44619,9.590415
44639,9.590415
44659,9.590415
44679,9.590415
44699,9.590415
44719,9.590415
44739,9.590415
44759,9.590415
44779,9.590415
44799,9.590415
44819,9.590415
44839,9.590415
44859,9.590415
44879,9.590415
44899,9.590415
44919,9.590415
44939,9.590415
44959,9.590415
44979,9.590415
44999,9.590415
45019,9.590415
45039,9.590415
45059,9.590415
45079,9.590415
45099,9.590415
45119,9.590415
45139,9.590415
45159,9.590415
45179,9.590415
45199,9.590415
45219,9.590415
45239,9.590415
45259,9.590415
45279,9.590415
45299,9.590415
45319,9.590415
45339,9.590415
45359,9.590415
45379,9.590415
45399,9.590415
45419,9.590415
45439,9.590415
45459,9.590415
45479,9.590415
45499,9.590415
45519,9.590415
45539,9.590415
45559,9.590415
45579,9.590415
45599,9.590415
45619,9.590415
45639,9.590415
45659,9.590415
45679,9.590415
45699,9.590415
45719,9.590415
45739,9.590415
45759,9.590415
45779,9.590415
45799,9.590415
45819,9.590415
45839,9.590415
45859,9.590415
45879,9.590415
45899,9.590415
45919,9.590415
45939,9.590415
45959,9.590415
45979,9.590415
45999,9.590415
46019,9.590415
46039,9.590415
46059,9.590415
46079,9.590415
46099,9.590415
46119,9.590415
46139,9.590415
46159,9.590415
46179,9.590415
46199,9.590415
46219,9.590415
46239,9.590415
46259,9.590415
46279,9.590415
46299,9.590415
46319,9.590415
46339,9.590415
46359,9.590415
46379,9.590415
46399,9.590415
46419,9.590415
46439,9.590415
46459,9.590415
46479,9.590415
46499,9.590415
46519,9.590415
46539,9.590415
46559,9.590415
46579,9.590415
46599,9.590415
46619,9.590415
46639,9.590415
46659,9.590415
46679,9.590415
46699,9.590415
46719,9.590415
46739,9.590415
46759,9.590415
46779,9.590415
46799,9.590415
46819,9.590415
46839,9.590415
46859,9.590415
46879,9.590415
46899,9.590415
46919,9.590415
46939,9.590415
46959,9.590415
46979,9.590415
46999,9.590415
47019,9.590415
47039,9.590415
47059,9.590415
47079,9.590415
47099,9.590415
47119,9.590415
47139,9.590415
47159,9.590415
47179,9.590415
47199,9.590415
47219,9.590415
47239,9.590415
47259,9.590415
47279,9.590415
47299,9.590415
47319,9.590415
47339,9.590415
47359,9.590415
47379,9.590415
47399,9.590415
47419,9.590415
47439,9.590415
47459,9.590415
47479,9.590415
47499,9.590415
47519,9.590415
47539,9.590415
47559,9.590415
47579,9.590415
47599,9.590415
47619,9.590415
47639,9.590415
47659,9.590415
47679,9.590415
47699,9.590415
47719,9.590415
47739,9.590415
47759,9.590415
47779,9.590415
47799,9.590415
47819,9.590415
47839,9.590415
47859,9.590415
47879,9.590415
47899,9.590415
47919,9.590415
47939,9.590415
47959,9.590415
47979,9.590415
47999,9.590415
48019,9.590415
48039,9.590415
48059,9.590415
48079,9.590415
48099,9.590415
48119,9.590415
48139,9.590415
48159,9.590415
48179,9.590415
48199,9.590415
48219,9.590415
48239,9.590415
48259,9.590415
48279,9.590415
48299,9.590415
48319,9.590415
48339,9.590415
48359,9.590415
48379,9.590415
48399,9.590415
48419,9.590415
48439,9.590415
48459,9.590415
48479,9.590415
48499,9.590415
48519,9.590415
48539,9.590415
48559,9.590415
48579,9.590415
48599,9.590415
48619,9.590415
48639,9.590415
48659,9.590415
48679,9.590415
48699,9.590415
48719,9.590415
48739,9.590415
48759,9.590415
48779,9.590415
48799,9.590415
48819,9.590415
48839,9.590415
48859,9.590415
48879,9.590415
48899,9.590415
48919,9.590415
48939,9.590415
48959,9.590415
48979,9.590415
48999,9.590415
49019,9.590415
49039,9.590415
49059,9.590415
49079,9.590415
49099,9.590415
49119,9.590415
49139,9.590415
49159,9.590415
49179,9.590415
49199,9.590415
49219,9.590415
49239,9.590415
49259,9.590415
49279,9.590415
49299,9.590415
49319,9.590415
49339,9.590415
49359,9.590415
49379,9.590415
49399,9.590415
49419,9.590415
49439,9.590415
49459,9.590415
49479,9.590415
49499,9.590415
49519,9.590415
49539,9.590415
49559,9.590415
49579,9.590415
49599,9.590415
49619,9.590415
49639,9.590415
49659,9.590415
49679,9.590415
49699,9.590415
49719,9.590415
49739,9.590415
49759,9.590415
49779,9.590415
49799,9.590415
49819,9.590415
49839,9.590415
49859,9.590415
49879,9.590415
49899,9.590415
49919,9.590415
49939,9.590415
49959,9.590415
49979,9.590415
49999,9.590415
50019,9.590415
50039,9.590415
50059,9.590415
50079,9.590415
50099,9.590415
50119,9.590415
50139,9.590415
50159,9.590415
50179,9.590415
50199,9.590415
50219,9.590415
50239,9.590415
50259,9.590415
50279,9.590415
50299,9.590415
50319,9.590415
50339,9.590415
50359,9.590415
50379,9.590415
50399,9.590415
50419,9.590415
50439,9.590415
50459,9.590415
50479,9.590415
50499,9.590415
50519,9.590415
50539,9.564750
50559,9.590415
50579,9.590415
50599,9.590415
50619,9.590415
50639,9.590415
50659,9.590415
50679,9.590415
50699,9.590415
50719,9.590415
50739,9.590415
50759,9.590415
50779,9.590415
50799,9.590415
50819,9.590415
50839,9.590415
50859,9.590415
50879,9.590415
50899,9.590415
50919,9.590415
50939,9.590415
50959,9.590415
50979,9.590415
50999,9.590415
51019,9.590415
51039,9.590415
51059,9.590415
51079,9.590415
51099,9.590415
51119,9.590415
51139,9.590415
51159,9.590415
51179,9.590415
51199,9.590415
51219,9.590415
51239,9.590415
51259,9.590415
51279,9.590415
51299,9.590415
51319,9.590415
51339,9.590415
51359,9.590415
51379,9.590415
51399,9.590415
51419,9.590415
51439,9.590415
51459,9.590415
51479,9.590415
51499,9.590415
51519,9.590415
51539,9.590415
51559,9.590415
51579,9.590415
51599,9.590415
51619,9.590415
51639,9.590415
51659,9.590415
51679,9.590415
51699,9.590415
51719,9.590415
51739,9.590415
51759,9.590415
51779,9.590415
51799,9.590415
51819,9.590415
51839,9.590415
51859,9.590415
51879,9.590415
51899,9.590415
51919,9.590415
51939,9.590415
51959,9.590415
51979,9.590415
51999,9.590415
52019,9.590415
52039,9.590415
52059,9.590415
52079,9.590415
52099,9.590415
52119,9.590415
52139,9.590415
52159,9.590415
52179,9.590415
52199,9.590415
52219,9.590415
52239,9.590415
52259,9.590415
52279,9.590415
52299,9.590415
52319,9.590415
52339,9.590415
52359,9.590415
52379,9.590415
52399,9.590415
52419,9.590415
52439,9.590415
52459,9.590415
52479,9.590415
52499,9.590415
52519,9.590415
52539,9.590415
52559,9.590415
52579,9.590415
52599,9.590415
52619,9.590415
52639,9.590415
52659,9.590415
52679,9.590415
52699,9.590415
52719,9.590415
52739,9.590415
52759,9.590415
52779,9.590415
52799,9.590415
52819,9.590415
52839,9.590415
52859,9.590415
52879,9.590415
52899,9.590415
52919,8.680295
52939,9.590415
52959,9.590415
52979,9.590415
52999,9.590415
53019,9.590415
53039,9.590415
53059,9.590415
53079,9.590415
53099,9.590415
53119,9.590415
53139,9.590415
53159,9.590415
53179,9.590415
53199,9.590415
53219,9.590415
53239,9.590415
53259,9.590415
53279,9.590415
53299,9.590415
53319,9.590415
53339,9.590415
53359,9.590415
53379,9.590415
53399,9.590415
53419,9.590415
53439,9.590415
53459,9.590415
53479,9.590415
53499,9.590415
53519,9.590415
53539,9.590415
53559,9.590415
53579,9.590415
53599,9.590415
53619,9.590415
53639,9.590415
53659,9.590415
53679,9.590415
53699,9.590415
53719,9.590415
53739,9.590415
53759,9.590415
53779,9.590415
53799,9.590415
53819,9.590415
53839,9.590415
53859,9.590415
53879,9.590415
53899,9.590415
53919,9.590415
53939,9.590415
53959,9.590415
53979,9.590415
53999,9.590415
54019,9.590415
54039,9.590415
54059,9.590415
54079,9.590415
54099,9.590415
54119,9.590415
54139,9.590415
54159,9.590415
54179,9.590415
54199,9.590415
54219,9.590415
54239,9.590415
54259,9.590415
54279,9.590415
54299,9.590415
54319,9.590415
54339,9.590415
54359,9.590415
54379,9.590415
54399,9.590415
54419,9.590415
54439,9.590415
54459,9.590415
54479,9.590415
54499,9.590415
54519,9.590415
54539,9.590415
54559,9.590415
54579,9.590415
54599,9.590415
54619,9.590415
54639,9.590415
54659,9.590415
54679,9.590415
54699,9.590415
54719,9.590415
54739,9.590415
54759,9.590415
54779,9.590415
54799,9.590415
54819,9.590415
54839,9.590415
54859,9.590415
54879,9.590415
54899,9.590415
54919,9.590415
54939,9.590415
54959,9.590415
54979,9.590415
54999,9.590415
55019,9.590415
55039,8.345237
55059,9.590415
55079,9.590415
55099,9.590415
55119,9.590415
55139,9.590415
55159,9.590415
55179,9.590415
55199,9.590415
55219,9.590415
55239,9.590415
55259,9.590415
55279,9.590415
55299,9.590415
55319,9.590415
55339,9.590415
55359,9.590415
55379,9.590415
55399,9.590415
55419,9.590415
55439,9.590415
55459,9.590415
55479,9.590415
55499,9.590415
55519,9.590415
55539,9.590415
55559,9.590415
55579,9.590415
55599,9.590415
55619,9.590415
55639,9.590415
55659,9.590415
55679,9.590415
55699,9.590415
55719,9.590415
55739,9.590415
55759,9.590415
55779,9.590415
55799,9.590415
55819,9.590415
55839,9.590415
55859,9.590415
55879,9.590415
55899,9.590415
55919,9.590415
55939,9.590415
55959,9.590415
55979,9.590415
55999,9.590415
56019,9.590415
56039,9.590415
56059,9.590415
56079,9.590415
56099,9.590415
56119,9.590415
56139,9.590415
56159,9.590415
56179,9.590415
56199,9.590415
56219,9.590415
56239,9.590415
56259,9.590415
56279,9.590415
56299,9.590415
56319,9.590415
56339,9.590415
56359,9.590415
56379,9.590415
56399,9.590415
56419,9.590415
56439,9.590415
56459,9.590415
56479,9.590415
56499,9.590415
56519,9.590415
56539,9.590415
56559,9.590415
56579,9.590415
56599,9.590415
56619,9.590415
56639,9.590415
56659,9.590415
56679,9.590415
56699,9.590415
56719,9.590415
56739,9.590415
56759,9.590415
56779,9.590415
56799,9.590415
56819,9.590415
56839,9.590415
56859,9.590415
56879,9.590415
56899,9.590415
56919,9.590415
56939,9.590415
56959,9.590415
56979,6.486933
56999,9.590415
57019,9.590415
57039,9.590415
57059,9.590415
57079,9.590415
57099,9.590415
57119,9.590415
57139,9.590415
57159,9.590415
57179,9.590415
57199,9.590415
57219,9.590415
57239,9.590415
57259,9.590415
57279,9.590415
57299,9.590415
57319,9.590415
57339,9.590415
57359,9.590415
57379,9.590415
57399,9.590415
57419,9.590415
57439,9.590415
57459,9.590415
57479,9.590415
57499,9.590415
57519,9.590415
57539,9.590415
57559,9.590415
57579,9.590415
57599,9.590415
57619,9.590415
57639,9.590415
57659,9.590415
57679,9.590415
57699,9.590415
57719,9.590415
57739,9.590415
57759,9.590415
57779,9.590415
57799,9.590415
57819,9.590415
57839,9.590415
57859,9.590415
57879,9.590415
57899,9.590415
57919,9.590415
57939,9.590415
57959,9.590415
57979,9.590415
57999,9.590415
58019,9.590415
58039,9.590415
58059,9.590415
58079,9.590415
58099,9.590415
58119,9.590415
58139,9.590415
58159,9.590415
58179,9.590415
58199,9.590415
58219,9.590415
58239,9.590415
58259,9.590415
58279,9.590415
58299,9.590415
58319,9.590415
58339,9.590415
58359,9.590415
58379,9.590415
58399,9.590415
58419,9.590415
58439,9.590415
58459,9.590415
58479,9.590415
58499,9.590415
58519,9.590415
58539,9.590415
58559,9.590415
58579,9.590415
58599,9.590415
58619,9.590415
58639,9.590415
58659,9.590415
58679,9.590415
58699,9.590415
58719,9.590415
58739,9.590415
58759,9.590415
58779,9.590415
58799,9.590415
58819,9.590415
58839,9.590415
58859,9.590415
58879,9.590415
58899,9.590415
58919,9.590415
58939,9.590415
58959,9.590415
58979,9.590415
58999,9.590415
59019,9.590415
59039,9.590415
59059,9.590415
59079,9.590415
59099,9.590415
59119,9.590415
59139,9.590415
59159,9.590415
59179,9.590415
59199,9.590415
59219,9.590415
59239,9.590415
59259,9.590415
59279,9.590415
59299,9.590415
59319,9.590415
59339,9.590415
59359,9.590415
59379,9.590415
59399,9.590415
59419,9.590415
59439,9.590415
59459,9.590415
59479,9.590415
59499,9.590415
59519,9.590415
59539,9.590415
59559,9.590415
59579,9.590415
59599,9.590415
59619,9.590415
59639,9.590415
59659,9.590415
59679,9.590415
59699,9.590415
59719,9.590415
59739,9.590415
59759,9.590415
59779,9.590415
59799,9.590415
59819,9.590415
59839,9.590415
59859,9.590415
59879,9.590415
59899,9.590415
59919,9.590415
59939,9.590415
59959,9.590415
59979,9.590415
59999,9.590415
60019,9.590415
60039,9.590415
60059,9.590415
60079,9.590415
60099,9.590415
60119,9.590415
60139,9.590415
60159,9.590415
60179,9.590415
60199,9.590415
60219,9.590415
60239,9.590415
60259,9.590415
60279,9.590415
60299,9.590415
60319,9.590415
60339,9.590415
60359,9.590415
60379,9.590415
60399,9.590415
60419,9.590415
60439,9.590415
60459,9.590415
60479,9.590415
60499,9.590415
60519,9.590415
60539,9.590415
60559,9.590415
60579,9.590415
60599,9.590415
60619,9.590415
60639,9.590415
60659,9.590415
60679,9.590415
60699,9.590415
60719,9.590415
60739,9.590415
60759,9.590415
60779,9.590415
60799,9.590415
60819,9.590415
60839,9.590415
60859,9.590415
60879,9.590415
60899,9.590415
60919,9.590415
60939,9.590415
60959,9.590415
60979,9.590415
60999,9.590415
61019,9.590415
61039,9.590415
61059,9.590415
61079,9.590415
61099,9.590415
61119,9.590415
61139,9.590415
61159,9.590415
61179,9.590415
61199,9.590415
61219,9.590415
61239,9.590415
61259,9.590415
61279,9.590415
61299,9.590415
61319,9.590415
61339,9.590415
61359,9.590415
61379,9.590415
61399,9.590415
61419,9.590415
61439,9.590415
61459,9.590415
61479,9.590415
61499,9.590415
61519,9.590415
61539,9.590415
61559,9.590415
61579,9.590415
61599,9.590415
61619,9.590415
61639,9.590415
61659,9.590415
61679,9.590415
61699,9.590415
61719,9.590415
61739,9.590415
61759,9.590415
61779,9.590415
61799,9.590415
61819,9.590415
61839,9.590415
61859,9.590415
61879,9.590415
61899,9.590415
61919,9.590415
61939,9.590415
61959,9.590415
61979,9.590415
61999,9.590415
62019,9.590415
62039,9.590415
62059,9.590415
62079,9.590415
62099,9.590415
62119,9.590415
62139,9.590415
62159,9.590415
62179,9.590415
62199,9.590415
62219,9.590415
62239,9.590415
62259,9.590415
62279,9.590415
62299,9.590415
62319,9.590415
62339,9.590415
62359,9.590415
62379,9.590415
62399,9.590415
62419,9.590415
62439,9.590415
62459,9.590415
62479,9.590415
62499,9.590415
62519,9.590415
62539,9.590415
62559,9.590415
62579,9.590415
62599,9.590415
62619,9.590415
62639,9.590415
62659,9.590415
62679,9.590415
62699,9.590415
62719,9.590415
62739,9.590415
62759,9.590415
62779,9.590415
62799,9.590415
62819,9.590415
62839,9.590415
62859,9.590415
62879,9.590415
62899,9.590415
62919,9.590415
62939,9.590415
62959,9.590415
62979,9.590415
62999,9.590415
63019,9.590415
63039,9.590415
63059,9.590415
63079,9.590415
63099,9.590415
63119,9.590415
63139,9.590415
63159,9.590415
63179,9.590415
63199,9.590415
63219,9.590415
63239,9.590415
63259,9.590415
63279,9.590415
63299,9.590415
63319,9.590415
63339,9.590415
63359,9.590415
63379,9.590415
63399,9.590415
63419,9.590415
63439,9.590415
63459,9.590415
63479,9.590415
63499,9.590415
63519,9.590415
63539,9.590415
63559,9.590415
63579,9.590415
63599,9.590415
63619,9.590415
63639,9.590415
63659,9.590415
63679,9.590415
63699,9.590415
63719,9.590415
63739,9.590415
63759,9.590415
63779,9.590415
63799,9.590415
63819,9.590415
63839,9.590415
63859,9.590415
63879,9.590415
63899,9.590415
63919,9.590415
63939,9.590415
63959,9.590415
63979,9.590415
63999,9.590415
64019,9.590415
64039,9.590415
64059,9.590415
64079,9.590415
64099,9.590415
64119,9.590415
64139,9.590415
64159,9.590415
64179,9.590415
64199,9.590415
64219,9.590415
64239,9.590415
64259,9.590415
64279,9.590415
64299,9.590415
64319,9.590415
64339,9.590415
64359,9.590415
64379,9.590415
64399,9.590415
64419,9.590415
64439,9.590415
64459,9.590415
64479,9.590415
64499,9.590415
64519,9.590415
64539,9.590415
64559,9.590415
64579,9.590415
64599,9.590415
64619,9.590415
64639,9.590415
64659,9.590415
64679,9.590415
64699,9.590415
64719,9.590415
64739,9.590415
64759,9.590415
64779,9.590415
64799,9.590415
64819,9.590415
64839,9.590415
64859,9.590415
64879,9.590415
64899,9.590415
64919,9.590415
64939,9.590415
64959,9.590415
64979,9.590415
64999,9.590415
65019,9.590415
65039,9.590415
65059,9.590415
65079,9.590415
65099,9.590415
65119,9.590415
65139,9.590415
65159,9.590415
65179,9.590415
65199,9.590415
65219,9.590415
65239,9.590415
65259,9.590415
65279,9.590415
65299,9.590415
65319,9.590415
65339,9.590415
65359,9.590415
65379,9.590415
65399,9.590415
65419,9.590415
65439,9.590415
65459,9.590415
65479,9.590415
65499,9.590415
65519,9.590415
65539,9.590415
65559,9.590415
65579,9.590415
65599,9.590415
65619,9.590415
65639,9.590415
65659,9.590415
65679,9.590415
65699,9.590415
65719,9.590415
65739,9.590415
65759,9.590415
65779,9.590415
65799,9.590415
65819,9.590415
65839,9.590415
65859,9.590415
65879,9.590415
65899,9.590415
65919,9.590415
65939,9.590415
65959,9.590415
65979,9.590415
65999,9.590415
66019,9.590415
66039,9.590415
66059,9.590415
66079,9.590415
66099,9.590415
66119,9.590415
66139,9.590415
66159,9.590415
66179,9.590415
66199,9.590415
66219,9.590415
66239,9.590415
66259,9.590415
66279,9.590415
66299,9.590415
66319,9.590415
66339,9.590415
66359,9.590415
66379,8.680295
66399,9.590415
66419,9.590415
66439,9.590415
66459,9.590415
66479,9.590415
66499,9.590415
66519,9.590415
66539,9.590415
66559,9.590415
66579,9.590415
66599,9.590415
66619,9.590415
66639,9.590415
66659,9.590415
66679,-1.286329
66699,9.590415
66719,9.590415
66739,9.590415
66759,9.590415
66779,9.590415
66799,9.590415
66819,9.590415
66839,9.590415
66859,9.590415
66879,9.590415
66899,9.590415
66919,9.590415
66939,9.590415
66959,9.590415
66979,9.590415
66999,9.590415
67019,9.590415
67039,9.590415
67059,9.590415
67079,9.590415
67099,9.590415
67119,9.590415
67139,9.590415
67159,9.590415
67179,9.590415
67199,9.590415
67219,9.590415
67239,9.590415
67259,9.590415
67279,9.590415
67299,9.590415
67319,9.590415
67339,9.590415
67359,9.590415
67379,9.590415
67399,9.590415
67419,9.590415
67439,9.590415
67459,9.590415
67479,9.590415
67499,9.590415
67519,9.590415
67539,9.590415
67559,9.590415
67579,9.590415
67599,9.590415
67619,9.590415
67639,9.590415
67659,9.590415
67679,9.590415
67699,9.590415
67719,9.590415
67739,9.590415
67759,9.590415
67779,9.590415
67799,9.590415
67819,9.590415
67839,9.590415
67859,9.590415
67879,9.590415
67899,9.590415
67919,9.590415
67939,9.590415
67959,9.590415
67979,9.590415
67999,9.590415
68019,9.590415
68039,9.590415
68059,9.590415
68079,9.590415
68099,9.590415
68119,9.590415
68139,9.590415
68159,9.590415
68179,9.590415
68199,9.590415
68219,9.590415
68239,9.590415
68259,9.590415
68279,9.590415
68299,9.590415
68319,9.590415
68339,9.590415
68359,9.590415
68379,9.590415
68399,9.590415
68419,9.590415
68439,9.590415
68459,9.590415
68479,9.590415
68499,9.590415
68519,9.590415
68539,9.590415
68559,9.590415
68579,9.590415
68599,9.590415
68619,9.590415
68639,9.590415
68659,9.590415
68679,9.590415
68699,9.590415
68719,9.590415
68739,9.590415
68759,9.590415
68779,9.590415
68799,9.590415
68819,9.590415
68839,9.590415
68859,9.590415
68879,9.590415
68899,9.590415
68919,9.590415
68939,9.590415
68959,9.590415
68979,9.590415
68999,9.590415
69019,9.590415
69039,9.590415
69059,9.590415
69079,9.590415
69099,9.590415
69119,9.590415
69139,9.590415
69159,9.590415
69179,9.590415
69199,9.590415
69219,9.590415
69239,9.590415
69259,9.590415
69279,9.590415
69299,9.590415
69319,9.590415
69339,9.590415
69359,9.590415
69379,9.590415
69399,9.590415
69419,9.590415
69439,9.590415
69459,9.590415
69479,9.590415
69499,9.590415
69519,9.590415
69539,9.590415
69559,9.590415
69579,9.590415
69599,9.590415
69619,9.590415
69639,9.590415
69659,9.590415
69679,9.590415
69699,9.590415
69719,9.590415
69739,9.590415
69759,9.590415
69779,9.590415
69799,9.590415
69819,9.590415
69839,9.590415
69859,9.590415
69879,9.590415
69899,9.590415
69919,9.590415
69939,9.590415
69959,9.590415
69979,9.590415
69999,9.590415
70019,9.590415
70039,9.590415
70059,9.590415
70079,9.590415
70099,9.590415
70119,9.590415
70139,9.590415
70159,9.590415
70179,9.590415
70199,9.590415
70219,9.590415
70239,9.590415
70259,9.590415
70279,9.590415
70299,9.590415
70319,9.590415
70339,9.590415
70359,9.590415
70379,9.590415
70399,9.590415
70419,9.590415
70439,9.590415
70459,9.590415
70479,9.590415
70499,9.590415
70519,9.590415
70539,9.590415
70559,9.590415
70579,9.590415
70599,9.590415
70619,9.590415
70639,9.590415
70659,9.590415
70679,9.590415
70699,9.590415
70719,9.590415
70739,9.590415
70759,9.590415
70779,9.590415
70799,9.590415
70819,9.590415
70839,9.590415
70859,9.590415
70879,9.590415
70899,9.590415
70919,9.590415
70939,9.590415
70959,9.590415
70979,9.590415
70999,9.590415
71019,9.590415
71039,9.590415
71059,9.590415
71079,9.590415
71099,9.590415
71119,9.590415
71139,9.590415
71159,9.590415
71179,9.590415
71199,9.590415
71219,9.590415
71239,9.590415
71259,9.590415
71279,9.590415
71299,9.590415
71319,9.590415
71339,9.590415
71359,9.590415
71379,9.590415
71399,9.590415
71419,9.590415
71439,9.590415
71459,9.590415
71479,9.590415
71499,9.590415
71519,9.590415
71539,9.590415
71559,9.590415
71579,9.590415
71599,9.590415
71619,9.590415
71639,9.590415
71659,9.590415
71679,9.590415
71699,9.590415
71719,9.590415
71739,9.590415
71759,9.590415
71779,9.590415
71799,9.590415
71819,9.590415
71839,9.590415
71859,9.590415
71879,9.590415
71899,9.590415
71919,9.590415
71939,9.590415
71959,9.590415
71979,9.590415
71999,9.590415
72019,9.590415
72039,9.590415
72059,9.590415
72079,9.590415
72099,9.590415
72119,9.590415
72139,9.590415
72159,9.590415
72179,9.590415
72199,9.590415
72219,9.590415
72239,9.590415
72259,9.590415
72279,9.590415
72299,9.590415
72319,9.590415
72339,9.590415
72359,9.590415
72379,9.590415
72399,9.590415
72419,9.590415
72439,9.590415
72459,9.590415
72479,9.590415
72499,9.590415
72519,9.590415
72539,9.590415
72559,9.590415
72579,9.590415
72599,9.590415
72619,9.590415
72639,9.590415
72659,9.590415
72679,9.590415
72699,9.590415
72719,9.590415
72739,9.590415
72759,9.590415
72779,9.590415
72799,9.590415
72819,9.590415
72839,9.590415
72859,9.590415
72879,9.590415
72899,9.590415
72919,9.590415
72939,9.590415
72959,9.590415
72979,9.590415
72999,9.590415
73019,9.590415
73039,9.590415
73059,9.590415
73079,9.590415
73099,9.590415
73119,9.590415
73139,9.590415
73159,9.590415
73179,9.590415
73199,9.590415
73219,9.590415
73239,9.590415
73259,9.590415
73279,9.590415
73299,9.590415
73319,9.590415
73339,9.590415
73359,9.590415
73379,9.590415
73399,2.069507
73419,9.590415
73439,9.590415
73459,9.590415
73479,9.590415
73499,9.590415
73519,9.590415
73539,9.590415
73559,9.590415
73579,9.590415
73599,9.590415
73619,9.590415
73639,9.590415
73659,9.590415
73679,9.590415
73699,9.590415
73719,9.590415
73739,9.590415
73759,9.590415
73779,9.590415
73799,9.590415
73819,9.590415
73839,9.590415
73859,9.590415
73879,9.590415
73899,9.590415
73919,9.590415
73939,9.590415
73959,9.590415
73979,9.590415
73999,9.590415
74019,9.590415
74039,9.590415
74059,9.590415
74079,9.590415
74099,9.590415
74119,9.590415
74139,9.590415
74159,9.590415
74179,9.590415
74199,9.590415
74219,9.590415
74239,9.590415
74259,9.590415
74279,9.590415
74299,9.590415
74319,9.590415
74339,9.590415
74359,9.590415
74379,9.590415
74399,9.590415
74419,9.590415
74439,9.590415
74459,9.590415
74479,9.590415
74499,9.590415
74519,9.590415
74539,9.590415
74559,9.590415
74579,9.590415
74599,9.590415
74619,9.590415
74639,9.590415
74659,9.590415
74679,9.590415
74699,9.590415
74719,9.590415
74739,9.590415
74759,9.590415
74779,9.590415
74799,9.590415
74819,9.590415
74839,9.590415
74859,9.590415
74879,9.590415
74899,9.590415
74919,9.590415
74939,9.590415
74959,9.590415
74979,9.590415
74999,9.590415
75019,9.590415
75039,9.590415
75059,9.590415
75079,9.590415
75099,9.590415
75119,9.590415
75139,9.590415
75159,9.590415
75179,9.590415
75199,9.590415
75219,9.590415
75239,9.590415
75259,9.590415
75279,9.590415
75299,9.590415
75319,9.590415
75339,9.590415
75359,9.590415
75379,9.590415
75399,9.590415
75419,9.590415
75439,8.680295
75459,9.590415
75479,9.590415
75499,9.590415
75519,9.590415
75539,9.590415
75559,9.590415
75579,9.590415
75599,9.590415
75619,9.590415
75639,9.590415
75659,9.590415
75679,9.590415
75699,9.590415
75719,9.590415
75739,9.590415
75759,9.590415
75779,9.590415
75799,9.590415
75819,9.590415
75839,9.590415
75859,9.590415
75879,9.590415
75899,9.590415
75919,9.590415
75939,9.590415
75959,9.590415
75979,9.590415
75999,9.590415
76019,9.590415
76039,9.590415
76059,9.590415
76079,9.590415
76099,9.590415
76119,9.590415
76139,9.590415
76159,9.590415
76179,9.590415
76199,9.590415
76219,9.590415
76239,9.590415
76259,9.590415
76279,9.590415
76299,9.590415
76319,9.590415
76339,9.590415
76359,9.590415
76379,9.590415
76399,9.590415
76419,9.590415
76439,9.590415
76459,9.590415
76479,9.590415
76499,9.590415
76519,9.590415
76539,9.590415
76559,9.590415
76579,9.590415
76599,9.590415
76619,9.590415
76639,9.590415
76659,9.590415
76679,9.590415
76699,9.590415
76719,9.590415
76739,9.590415
76759,9.590415
76779,9.590415
76799,9.590415
76819,9.590415
76839,9.590415
76859,9.590415
76879,9.590415
76899,9.590415
76919,9.590415
76939,9.590415
76959,9.590415
76979,9.590415
76999,9.590415
77019,9.590415
77039,9.590415
77059,9.590415
77079,9.590415
77099,9.590415
77119,9.590415
77139,9.590415
77159,9.590415
77179,9.590415
77199,9.590415
77219,9.590415
77239,9.590415
77259,9.590415
77279,9.590415
77299,9.590415
77319,9.590415
77339,9.590415
77359,9.590415
77379,9.590415
77399,9.590415
77419,9.590415
77439,9.590415
77459,9.590415
77479,9.590415
77499,9.590415
77519,9.590415
77539,9.590415
77559,9.590415
77579,9.590415
77599,9.590415
77619,9.590415
77639,9.590415
77659,9.590415
77679,9.590415
77699,9.590415
77719,9.590415
77739,9.590415
77759,9.590415
77779,9.590415
77799,9.590415
77819,9.590415
77839,9.590415
77859,9.590415
77879,9.590415
77899,9.590415
77919,9.590415
77939,9.590415
77959,9.590415
77979,9.590415
77999,9.590415
78019,9.590415
78039,9.590415
78059,9.590415
78079,9.590415
78099,9.590415
78119,9.590415
78139,9.590415
78159,9.590415
78179,9.590415
78199,9.590415
78219,9.590415
78239,9.590415
78259,9.590415
78279,9.590415
78299,9.590415
78319,9.590415
78339,9.590415
78359,9.590415
78379,9.590415
78399,9.590415
78419,9.590415
78439,9.590415
78459,9.590415
78479,9.590415
78499,9.590415
78519,9.590415
78539,9.590415
78559,9.590415
78579,9.590415
78599,9.590415
78619,9.590415
78639,9.590415
78659,9.590415
78679,9.590415
78699,9.590415
78719,9.590415
78739,9.590415
78759,9.590415
78779,9.590415
78799,9.590415
78819,9.590415
78839,9.590415
78859,9.590415
78879,9.590415
78899,9.590415
78919,9.590415
78939,9.590415
78959,9.590415
78979,9.590415
78999,9.590415
79019,9.590415
79039,9.590415
79059,9.590415
79079,9.590415
79099,9.590415
79119,9.590415
79139,9.590415
79159,9.590415
79179,9.590415
79199,9.590415
79219,9.590415
79239,9.590415
79259,9.590415
79279,9.590415
79299,9.590415
79319,9.590415
79339,9.590415
79359,9.590415
79379,9.590415
79399,9.590415
79419,9.590415
79439,9.590415
79459,9.590415
79479,9.590415
79499,9.590415
79519,9.590415
79539,9.590415
79559,9.590415
79579,9.590415
79599,9.590415
79619,9.590415
79639,9.590415
79659,9.590415
79679,9.590415
79699,9.590415
79719,9.590415
79739,9.590415
79759,9.590415
79779,9.590415
79799,9.590415
79819,9.590415
79839,9.590415
79859,9.590415
79879,9.590415
79899,9.590415
79919,9.590415
79939,9.590415
79959,9.590415
79979,9.590415
79999,9.590415
80019,9.590415
80039,9.590415
80059,9.590415
80079,9.590415
80099,9.590415
80119,9.590415
80139,9.590415
80159,9.590415
80179,9.590415
80199,9.590415
80219,9.590415
80239,9.590415
80259,9.590415
80279,9.590415
80299,9.590415
80319,9.590415
80339,9.590415
80359,9.590415
80379,9.590415
80399,9.590415
80419,2.895327
80439,9.590415
80459,9.590415
80479,9.590415
80499,9.590415
80519,9.590415
80539,9.590415
80559,9.590415
80579,9.590415
80599,9.590415
80619,9.590415
80639,9.590415
80659,9.590415
80679,9.590415
80699,9.590415
80719,9.590415
80739,9.590415
80759,9.590415
80779,9.590415
80799,9.590415
80819,9.590415
80839,9.590415
80859,9.590415
80879,9.590415
80899,9.590415
80919,9.590415
80939,9.590415
80959,9.590415
80979,9.590415
80999,9.590415
81019,9.590415
81039,9.590415
81059,9.590415
81079,9.590415
81099,9.590415
81119,9.590415
81139,9.590415
81159,9.590415
81179,9.590415
81199,9.590415
81219,9.590415
81239,9.590415
81259,9.590415
81279,9.590415
81299,9.590415
81319,9.590415
81339,9.590415
81359,9.590415
81379,9.590415
81399,9.590415
81419,9.590415
81439,9.590415
81459,9.590415
81479,9.590415
81499,9.590415
81519,9.590415
81539,9.590415
81559,9.590415
81579,9.590415
81599,9.590415
81619,9.590415
81639,9.590415
81659,9.590415
81679,9.590415
81699,9.590415
81719,9.590415
81739,9.590415
81759,9.590415
81779,9.590415
81799,9.590415
81819,9.590415
81839,9.590415
81859,9.590415
81879,9.590415
81899,9.590415
81919,9.590415
81939,9.590415
81959,9.590415
81979,9.590415
81999,9.590415
82019,9.590415
82039,9.590415
82059,9.590415
82079,9.590415
82099,9.590415
82119,9.590415
82139,9.590415
82159,9.590415
82179,9.590415
82199,9.590415
82219,9.590415
82239,9.590415
82259,9.590415
82279,9.590415
82299,9.590415
82319,9.590415
82339,9.590415
82359,9.590415
82379,9.590415
82399,9.590415
82419,9.590415
82439,9.590415
82459,9.590415
82479,9.590415
82499,9.590415
82519,9.590415
82539,9.590415
82559,9.590415
82579,9.590415
82599,9.590415
82619,9.590415
82639,9.590415
82659,9.590415
82679,9.590415
82699,9.590415
82719,9.590415
82739,9.590415
82759,8.680295
82779,9.590415
82799,9.590415
82819,9.590415
82839,9.590415
82859,9.590415
82879,9.590415
82899,9.590415
82919,9.590415
82939,9.590415
82959,9.590415
82979,9.590415
82999,9.590415
83019,2.069507
83039,9.590415
83059,9.590415
83079,9.590415
83099,9.590415
83119,9.590415
83139,9.590415
83159,9.590415
83179,9.590415
83199,9.590415
83219,9.590415
83239,9.590415
83259,9.590415
83279,9.590415
83299,9.590415
83319,9.590415
83339,9.590415
83359,9.590415
83379,9.590415
83399,9.590415
83419,9.590415
83439,9.590415
83459,9.590415
83479,9.590415
83499,9.590415
83519,9.590415
83539,9.590415
83559,9.590415
83579,9.590415
83599,9.590415
83619,9.590415
83639,9.590415
83659,9.590415
83679,9.590415
83699,9.590415
83719,9.590415
83739,9.590415
83759,9.590415
83779,9.590415
83799,9.590415
83819,9.590415
83839,9.590415
83859,9.590415
83879,9.590415
83899,9.590415
83919,9.590415
83939,9.590415
83959,9.590415
83979,9.590415
83999,9.590415
84019,9.590415
84039,9.590415
84059,9.590415
84079,9.590415
84099,9.590415
84119,9.590415
84139,9.590415
84159,9.590415
84179,9.590415
84199,9.590415
84219,9.590415
84239,9.590415
84259,9.590415
84279,9.590415
84299,9.590415
84319,9.590415
84339,9.590415
84359,9.590415
84379,9.590415
84399,9.590415
84419,9.590415
84439,9.590415
84459,9.590415
84479,9.590415
84499,9.590415
84519,9.590415
84539,9.590415
84559,9.590415
84579,9.590415
84599,9.590415
84619,9.590415
84639,9.590415
84659,9.590415
84679,9.590415
84699,9.590415
84719,9.590415
84739,9.590415
84759,9.590415
84779,9.590415
84799,9.590415
84819,9.590415
84839,9.590415
84859,9.590415
84879,9.590415
84899,9.590415
84919,9.590415
84939,9.590415
84959,9.590415
84979,9.590415
84999,9.590415
85019,9.590415
85039,9.590415
85059,9.590415
85079,9.590415
85099,9.590415
85119,9.590415
85139,9.590415
85159,9.590415
85179,9.590415
85199,9.590415
85219,9.590415
85239,9.590415
85259,9.590415
85279,9.590415
85299,9.590415
85319,9.590415
85339,9.590415
85359,9.590415
85379,9.590415
85399,9.590415
85419,9.590415
85439,9.590415
85459,9.590415
85479,9.590415
85499,9.590415
85519,9.590415
85539,9.590415
85559,9.590415
85579,9.590415
85599,9.590415
85619,9.590415
85639,9.590415
85659,9.590415
85679,9.590415
85699,9.590415
85719,9.590415
85739,9.590415
85759,9.590415
85779,9.590415
85799,9.590415
85819,9.590415
85839,9.590415
85859,9.590415
85879,9.590415
85899,9.590415
85919,9.590415
85939,9.590415
85959,9.590415
85979,9.590415
85999,9.590415
86019,9.590415
86039,9.590415
86059,9.590415
86079,9.590415
86099,9.590415
86119,9.590415
86139,9.590415
86159,9.590415
86179,9.590415
86199,9.590415
86219,9.590415
86239,9.590415
86259,9.590415
86279,9.590415
86299,9.590415
86319,9.590415
86339,9.590415
86359,9.590415
86379,9.590415
86399,9.590415
86419,9.590415
86439,9.590415
86459,9.590415
86479,8.680295
86499,5.313854
86519,9.590415
86539,9.590415
86559,9.590415
86579,9.590415
86599,9.590415
86619,9.590415
86639,9.590415
86659,9.590415
86679,9.590415
86699,9.590415
86719,9.590415
86739,9.590415
86759,9.590415
86779,9.590415
86799,9.590415
86819,9.590415
86839,9.590415
86859,9.590415
86879,9.590415
86899,9.590415
86919,9.590415
86939,9.590415
86959,9.590415
86979,9.590415
86999,9.590415
87019,8.680295
87039,9.590415
87059,9.590415
87079,9.590415
87099,9.590415
87119,9.590415
87139,9.590415
87159,9.590415
87179,9.590415
87199,9.590415
87219,9.590415
87239,9.590415
87259,9.590415
87279,9.590415
87299,9.590415
87319,9.590415
87339,9.590415
87359,9.590415
87379,9.590415
87399,9.590415
87419,9.590415
87439,9.590415
87459,9.590415
87479,9.590415
87499,9.590415
87519,9.590415
87539,9.590415
87559,9.590415
87579,9.590415
87599,9.590415
87619,9.590415
87639,9.590415
87659,9.590415
87679,9.590415
87699,9.590415
87719,9.590415
87739,9.590415
87759,9.590415
87779,9.590415
87799,9.590415
87819,9.590415
87839,9.590415
87859,9.590415
87879,9.590415
87899,9.590415
87919,9.590415
87939,9.590415
87959,9.590415
87979,9.590415
87999,9.590415
88019,9.590415
88039,9.590415
88059,9.590415
88079,9.590415
88099,9.590415
88119,9.590415
88139,9.590415
88159,9.590415
88179,9.590415
88199,9.590415
88219,9.590415
88239,9.590415
88259,9.590415
88279,9.590415
88299,9.590415
88319,9.590415
88339,9.590415
88359,9.590415
88379,9.590415
88399,9.590415
88419,9.590415
88439,9.590415
88459,9.590415
88479,9.590415
88499,9.590415
88519,9.590415
88539,9.590415
88559,9.590415
88579,9.590415
88599,9.590415
88619,9.590415
88639,9.590415
88659,9.590415
88679,9.590415
88699,9.590415
88719,9.590415
88739,9.590415
88759,9.590415
88779,9.590415
88799,9.590415
88819,9.590415
88839,9.590415
88859,9.590415
88879,9.590415
88899,9.590415
88919,9.590415
88939,9.590415
88959,9.590415
88979,9.590415
88999,9.590415
89019,9.590415
89039,9.590415
89059,9.590415
89079,9.590415
89099,9.590415
89119,9.590415
89139,9.590415
89159,9.590415
89179,9.590415
89199,9.590415
89219,9.590415
89239,9.590415
89259,9.590415
89279,9.590415
89299,9.590415
89319,9.590415
89339,9.590415
89359,9.590415
89379,9.590415
89399,9.590415
89419,9.590415
89439,9.590415
89459,4.526149
89479,9.590415
89499,9.590415
89519,9.590415
89539,9.590415
89559,9.590415
89579,9.590415
89599,9.590415
89619,9.590415
89639,9.590415
89659,9.590415
89679,9.590415
89699,9.590415
89719,9.590415
89739,9.590415
89759,9.590415
89779,9.590415
89799,9.590415
89819,9.590415
89839,9.590415
89859,9.590415
89879,9.590415
89899,9.590415
89919,9.590415
89939,9.590415
89959,9.590415
89979,9.590415
89999,9.590415
90019,9.590415
90039,9.590415
90059,9.590415
90079,9.590415
90099,9.590415
90119,9.590415
90139,9.590415
90159,9.590415
90179,9.590415
90199,9.590415
90219,9.590415
90239,9.590415
90259,9.590415
90279,9.590415
90299,9.590415
90319,9.590415
90339,9.590415
90359,9.590415
90379,9.590415
90399,9.590415
90419,9.590415
90439,9.590415
90459,9.590415
90479,9.590415
90499,9.590415
90519,9.590415
90539,9.590415
90559,9.590415
90579,9.590415
90599,9.590415
90619,9.590415
90639,9.590415
90659,9.590415
90679,9.590415
90699,9.590415
90719,9.590415
90739,9.590415
90759,9.590415
90779,9.590415
90799,9.590415
90819,9.590415
90839,9.590415
90859,9.590415
90879,9.590415
90899,9.590415
90919,9.590415
90939,9.590415
90959,9.590415
90979,9.590415
90999,9.590415
91019,9.590415
91039,9.590415
91059,9.590415
91079,9.590415
91099,9.590415
91119,9.590415
91139,9.590415
91159,9.590415
91179,9.590415
91199,9.590415
91219,9.590415
91239,9.590415
91259,9.590415
91279,9.590415
91299,9.590415
91319,9.590415
91339,9.590415
91359,9.590415
91379,9.590415
91399,9.590415
91419,9.590415
91439,9.590415
91459,9.590415
91479,9.590415
91499,9.590415
91519,9.590415
91539,9.590415
91559,9.590415
91579,9.590415
91599,9.590415
91619,9.590415
91639,9.590415
91659,9.590415
91679,9.590415
91699,9.590415
91719,9.590415
91739,9.590415
91759,9.590415
91779,9.590415
91799,9.590415
91819,9.590415
91839,9.590415
91859,9.590415
91879,9.590415
91899,9.590415
91919,9.590415
91939,9.590415
91959,9.590415
91979,9.590415
91999,9.590415
92019,9.590415
92039,9.590415
92059,9.590415
92079,9.590415
92099,9.590415
92119,9.590415
92139,9.590415
92159,9.590415
92179,9.590415
92199,9.590415
92219,9.590415
92239,9.590415
92259,9.590415
92279,9.590415
92299,9.590415
92319,9.590415
92339,9.590415
92359,9.590415
92379,9.590415
92399,9.590415
92419,9.590415
92439,9.590415
92459,9.590415
92479,9.590415
92499,9.590415
92519,9.590415
92539,9.590415
92559,9.590415
92579,9.590415
92599,9.590415
92619,9.590415
92639,9.590415
92659,9.590415
92679,9.590415
92699,9.590415
92719,9.590415
92739,9.590415
92759,9.590415
92779,9.590415
92799,9.590415
92819,9.590415
92839,9.590415
92859,9.590415
92879,9.590415
92899,9.590415
92919,9.590415
92939,9.590415
92959,9.590415
92979,9.590415
92999,9.590415
93019,9.590415
93039,9.590415
93059,9.590415
93079,9.590415
93099,9.590415
93119,9.590415
93139,9.590415
93159,9.590415
93179,9.590415
93199,9.590415
93219,9.590415
93239,9.590415
93259,9.590415
93279,9.590415
93299,9.590415
93319,9.590415
93339,9.590415
93359,9.590415
93379,9.590415
93399,9.590415
93419,9.590415
93439,9.590415
93459,9.590415
93479,9.590415
93499,9.590415
93519,9.590415
93539,9.590415
93559,9.590415
93579,9.590415
93599,9.590415
93619,9.590415
93639,9.590415
93659,9.590415
93679,9.590415
93699,9.590415
93719,9.590415
93739,9.590415
93759,9.590415
93779,9.590415
93799,9.590415
93819,9.590415
93839,9.590415
93859,9.590415
93879,9.590415
93899,9.590415
93919,9.590415
93939,9.590415
93959,9.590415
93979,9.590415
93999,9.590415
94019,9.590415
94039,9.590415
94059,9.590415
94079,9.590415
94099,9.590415
94119,9.590415
94139,9.590415
94159,9.590415
94179,9.590415
94199,9.590415
94219,9.590415
94239,9.590415
94259,9.590415
94279,9.590415
94299,9.590415
94319,9.590415
94339,9.590415
94359,9.590415
94379,9.590415
94399,9.590415
94419,9.590415
94439,9.590415
94459,9.590415
94479,9.590415
94499,9.590415
94519,9.590415
94539,9.590415
94559,9.590415
94579,9.590415
94599,9.590415
94619,9.590415
94639,9.590415
94659,9.590415
94679,9.590415
94699,9.590415
94719,9.590415
94739,9.590415
94759,9.590415
94779,9.590415
94799,9.590415
94819,9.590415
94839,9.590415
94859,9.590415
94879,9.590415
94899,9.590415
94919,9.590415
94939,9.590415
94959,9.590415
94979,9.590415
94999,9.590415
95019,9.590415
95039,9.590415
95059,9.590415
95079,9.590415
95099,9.590415
95119,9.590415
95139,9.590415
95159,9.590415
95179,9.590415
95199,9.590415
95219,9.590415
95239,9.590415
95259,9.590415
95279,9.590415
95299,9.590415
95319,9.590415
95339,9.590415
95359,9.590415
95379,9.590415
95399,9.590415
95419,9.590415
95439,9.590415
95459,9.590415
95479,8.680295
95499,9.590415
95519,9.590415
95539,9.590415
95559,9.590415
95579,9.590415
95599,9.590415
95619,9.590415
95639,9.590415
95659,9.590415
95679,9.590415
95699,9.590415
95719,9.590415
95739,9.590415
95759,9.590415
95779,9.590415
95799,9.590415
95819,9.590415
95839,9.590415
95859,9.590415
95879,9.590415
95899,9.590415
95919,9.590415
95939,9.590415
95959,9.590415
95979,9.590415
95999,9.590415
96019,9.590415
96039,9.590415
96059,9.590415
96079,9.590415
96099,9.590415
96119,9.590415
96139,9.590415
96159,9.590415
96179,9.590415
96199,9.590415
96219,9.590415
96239,9.590415
96259,9.590415
96279,9.590415
96299,9.590415
96319,9.590415
96339,9.590415
96359,9.590415
96379,9.590415
96399,9.590415
96419,9.590415
96439,9.590415
96459,9.590415
96479,9.590415
96499,9.590415
96519,9.590415
96539,9.590415
96559,9.590415
96579,9.590415
96599,9.590415
96619,9.590415
96639,9.590415
96659,9.590415
96679,9.590415
96699,9.590415
96719,9.590415
96739,9.590415
96759,9.590415
96779,9.590415
96799,9.590415
96819,9.590415
96839,9.590415
96859,9.590415
96879,9.590415
96899,9.590415
96919,9.590415
96939,9.590415
96959,9.590415
96979,9.590415
96999,9.590415
97019,9.590415
97039,9.590415
97059,9.590415
97079,9.590415
97099,9.590415
97119,9.590415
97139,9.590415
97159,9.590415
97179,9.590415
97199,9.590415
97219,9.590415
97239,9.590415
97259,9.590415
97279,9.590415
97299,9.590415
97319,9.590415
97339,9.590415
97359,9.590415
97379,9.590415
97399,9.590415
97419,9.590415
97439,9.590415
97459,5.348868
97479,9.590415
97499,9.590415
97519,9.590415
97539,9.590415
97559,9.590415
97579,9.590415
97599,9.590415
97619,9.590415
97639,9.590415
97659,9.590415
97679,9.590415
97699,9.590415
97719,9.590415
97739,9.590415
97759,9.590415
97779,9.590415
97799,9.590415
97819,9.590415
97839,9.590415
97859,9.590415
97879,9.590415
97899,9.590415
97919,9.590415
97939,9.590415
97959,9.590415
97979,9.590415
97999,9.590415
98019,9.590415
98039,9.590415
98059,9.590415
98079,9.590415
98099,9.590415
98119,9.590415
98139,9.590415
98159,9.590415
98179,9.590415
98199,9.590415
98219,9.590415
98239,9.590415
98259,9.590415
98279,9.590415
98299,9.590415
98319,9.590415
98339,9.590415
98359,9.590415
98379,9.590415
98399,9.590415
98419,9.590415
98439,9.590415
98459,9.590415
98479,9.590415
98499,9.590415
98519,9.590415
98539,9.590415
98559,9.590415
98579,9.590415
98599,9.590415
98619,9.590415
98639,9.590415
98659,9.590415
98679,9.590415
98699,9.539189
98719,9.590415
98739,9.590415
98759,9.590415
98779,9.590415
98799,9.590415
98819,9.590415
98839,9.590415
98859,9.590415
98879,9.590415
98899,9.590415
98919,9.590415
98939,8.276255
98959,9.590415
98979,9.590415
98999,9.590415
99019,9.590415
99039,9.590415
99059,9.590415
99079,9.590415
99099,9.590415
99119,8.680295
99139,9.590415
99159,9.590415
99179,9.590415
99199,9.590415
99219,9.590415
99239,9.590415
99259,9.590415
99279,9.590415
99299,9.590415
99319,9.590415
99339,9.590415
99359,9.590415
99379,9.590415
99399,9.590415
99419,9.590415
99439,9.590415
99459,9.590415
99479,9.590415
99499,9.590415
99519,9.590415
99539,9.590415
99559,9.590415
99579,9.590415
99599,9.590415
99619,9.590415
99639,9.590415
99659,9.590415
99679,9.590415
99699,9.590415
99719,9.590415
99739,9.590415
99759,6.880479
99779,9.590415
99799,9.590415
99819,9.590415
99839,9.590415
99859,9.590415
99879,9.590415
99899,9.590415
99919,9.590415
99939,9.590415
99959,9.590415
99979,9.590415
99999,9.590415
